SEX,AGE,ISO,ANNEE,TAUX_CHOMAGE
F,15-19,AT,2015,11.7
F,15-19,BE,2015,28.2
F,15-19,CH,2015,9.7
F,15-19,CY,2015,45.4
F,15-19,CZ,2015,32.7
F,15-19,DE,2015,8.0
F,15-19,DK,2015,12.6
F,15-19,GR,2015,68.4
F,15-19,ES,2015,70.7
F,15-19,FI,2015,28.0
F,15-19,FR,2015,35.0
F,15-19,HR,2015,64.6
F,15-19,HU,2015,40.6
F,15-19,IE,2015,21.5
F,15-19,IS,2015,9.8
F,15-19,IT,2015,66.1
F,15-19,MK,2015,44.2
F,15-19,MT,2015,21.0
F,15-19,NL,2015,14.8
F,15-19,NO,2015,13.2
F,15-19,PL,2015,33.4
F,15-19,PT,2015,51.5
F,15-19,RO,2015,34.3
F,15-19,RS,2015,59.0
F,15-19,SE,2015,31.4
F,15-19,SI,2015,13.8
F,15-19,SK,2015,58.3
F,15-19,TR,2015,18.4
F,15-24,AT,2015,10.0
F,15-24,BE,2015,20.0
F,15-24,BG,2015,22.3
F,15-24,CH,2015,8.4
F,15-24,CY,2015,31.1
F,15-24,CZ,2015,14.4
F,15-24,DE,2015,6.5
F,15-24,DK,2015,11.1
F,15-24,EE,2015,13.0
F,15-24,GR,2015,55.0
F,15-24,ES,2015,48.0
F,15-24,FI,2015,19.7
F,15-24,FR,2015,23.4
F,15-24,HR,2015,43.5
F,15-24,HU,2015,16.0
F,15-24,IE,2015,16.3
F,15-24,IS,2015,6.7
F,15-24,IT,2015,42.6
F,15-24,LT,2015,16.6
F,15-24,LU,2015,15.7
F,15-24,LV,2015,14.2
F,15-24,ME,2015,34.5
F,15-24,MK,2015,43.3
F,15-24,MT,2015,9.8
F,15-24,NL,2015,11.2
F,15-24,NO,2015,8.6
F,15-24,PL,2015,20.9
F,15-24,PT,2015,34.1
F,15-24,RO,2015,23.4
F,15-24,RS,2015,48.4
F,15-24,SE,2015,19.6
F,15-24,SI,2015,14.6
F,15-24,SK,2015,27.5
F,15-24,TR,2015,22.2
F,15-29,AT,2015,7.8
F,15-29,BE,2015,13.9
F,15-29,BG,2015,13.8
F,15-29,CH,2015,7.2
F,15-29,CY,2015,24.4
F,15-29,CZ,2015,10.1
F,15-29,DE,2015,5.7
F,15-29,DK,2015,10.7
F,15-29,EE,2015,9.7
F,15-29,GR,2015,45.7
F,15-29,ES,2015,36.1
F,15-29,FI,2015,16.2
F,15-29,FR,2015,18.0
F,15-29,HR,2015,31.3
F,15-29,HU,2015,12.0
F,15-29,IE,2015,13.6
F,15-29,IS,2015,6.1
F,15-29,IT,2015,31.4
F,15-29,LT,2015,13.1
F,15-29,LU,2015,12.3
F,15-29,LV,2015,11.6
F,15-29,ME,2015,27.2
F,15-29,MK,2015,39.7
F,15-29,MT,2015,8.0
F,15-29,NL,2015,9.3
F,15-29,NO,2015,7.3
F,15-29,PL,2015,13.8
F,15-29,PT,2015,23.4
F,15-29,RO,2015,13.9
F,15-29,RS,2015,37.4
F,15-29,SE,2015,14.5
F,15-29,SI,2015,17.9
F,15-29,SK,2015,18.6
F,15-29,TR,2015,20.1
F,15-39,AT,2015,6.9
F,15-39,BE,2015,10.4
F,15-39,BG,2015,9.9
F,15-39,CH,2015,6.2
F,15-39,CY,2015,17.8
F,15-39,CZ,2015,8.1
F,15-39,DE,2015,5.0
F,15-39,DK,2015,8.7
F,15-39,EE,2015,7.3
F,15-39,GR,2015,35.8
F,15-39,ES,2015,27.1
F,15-39,FI,2015,12.1
F,15-39,FR,2015,13.5
F,15-39,HR,2015,22.4
F,15-39,HU,2015,9.2
F,15-39,IE,2015,10.2
F,15-39,IS,2015,5.8
F,15-39,IT,2015,20.3
F,15-39,LT,2015,9.5
F,15-39,LU,2015,8.9
F,15-39,LV,2015,10.2
F,15-39,ME,2015,22.5
F,15-39,MK,2015,30.5
F,15-39,MT,2015,5.9
F,15-39,NL,2015,7.9
F,15-39,NO,2015,6.1
F,15-39,PL,2015,9.7
F,15-39,PT,2015,15.6
F,15-39,RO,2015,8.5
F,15-39,RS,2015,26.4
F,15-39,SE,2015,10.7
F,15-39,SI,2015,13.3
F,15-39,SK,2015,15.4
F,15-39,TR,2015,16.2
F,15-59,AT,2015,5.5
F,15-59,BE,2015,8.0
F,15-59,BG,2015,8.6
F,15-59,CH,2015,5.1
F,15-59,CY,2015,15.1
F,15-59,CZ,2015,6.3
F,15-59,DE,2015,4.3
F,15-59,DK,2015,6.8
F,15-59,EE,2015,6.8
F,15-59,GR,2015,29.7
F,15-59,ES,2015,24.0
F,15-59,FI,2015,9.2
F,15-59,FR,2015,10.2
F,15-59,HR,2015,17.6
F,15-59,HU,2015,7.1
F,15-59,IE,2015,9.1
F,15-59,IS,2015,4.3
F,15-59,IT,2015,13.3
F,15-59,LT,2015,8.6
F,15-59,LU,2015,7.4
F,15-59,LV,2015,9.1
F,15-59,ME,2015,17.9
F,15-59,MK,2015,25.8
F,15-59,MT,2015,5.5
F,15-59,NL,2015,7.2
F,15-59,NO,2015,4.3
F,15-59,PL,2015,8.0
F,15-59,PT,2015,13.3
F,15-59,RO,2015,6.3
F,15-59,RS,2015,19.8
F,15-59,SE,2015,7.6
F,15-59,SI,2015,10.3
F,15-59,SK,2015,13.1
F,15-59,TR,2015,13.1
F,15-64,AT,2015,5.4
F,15-64,BE,2015,7.8
F,15-64,BG,2015,8.5
F,15-64,CH,2015,5.0
F,15-64,CY,2015,14.9
F,15-64,CZ,2015,6.2
F,15-64,DE,2015,4.3
F,15-64,DK,2015,6.6
F,15-64,EE,2015,6.4
F,15-64,GR,2015,29.1
F,15-64,ES,2015,23.7
F,15-64,FI,2015,9.0
F,15-64,FR,2015,10.0
F,15-64,HR,2015,17.2
F,15-64,HU,2015,7.1
F,15-64,IE,2015,9.0
F,15-64,IS,2015,4.2
F,15-64,IT,2015,12.8
F,15-64,LT,2015,8.4
F,15-64,LU,2015,7.4
F,15-64,LV,2015,8.8
F,15-64,ME,2015,17.6
F,15-64,MK,2015,25.3
F,15-64,MT,2015,5.4
F,15-64,NL,2015,7.3
F,15-64,NO,2015,4.1
F,15-64,PL,2015,7.8
F,15-64,PT,2015,13.0
F,15-64,RO,2015,6.1
F,15-64,RS,2015,19.2
F,15-64,SE,2015,7.4
F,15-64,SI,2015,10.2
F,15-64,SK,2015,13.0
F,15-64,TR,2015,12.9
F,15-74,AT,2015,5.3
F,15-74,BE,2015,7.8
F,15-74,BG,2015,8.4
F,15-74,CH,2015,4.9
F,15-74,CY,2015,14.8
F,15-74,CZ,2015,6.1
F,15-74,DE,2015,4.2
F,15-74,DK,2015,6.5
F,15-74,EE,2015,6.3
F,15-74,GR,2015,28.9
F,15-74,ES,2015,23.6
F,15-74,FI,2015,8.8
F,15-74,FR,2015,9.9
F,15-74,HR,2015,17.0
F,15-74,HU,2015,7.0
F,15-74,IE,2015,8.9
F,15-74,IS,2015,4.1
F,15-74,IT,2015,12.7
F,15-74,LT,2015,8.2
F,15-74,LU,2015,7.4
F,15-74,LV,2015,8.6
F,15-74,ME,2015,17.3
F,15-74,MK,2015,25.1
F,15-74,MT,2015,5.4
F,15-74,NL,2015,7.3
F,15-74,NO,2015,4.0
F,15-74,PL,2015,7.7
F,15-74,PT,2015,12.8
F,15-74,RO,2015,5.8
F,15-74,RS,2015,18.8
F,15-74,SE,2015,7.3
F,15-74,SI,2015,10.1
F,15-74,SK,2015,12.9
F,15-74,TR,2015,12.6
F,20-24,AT,2015,9.3
F,20-24,BE,2015,19.1
F,20-24,BG,2015,20.0
F,20-24,CH,2015,7.7
F,20-24,CY,2015,29.3
F,20-24,CZ,2015,12.6
F,20-24,DE,2015,5.9
F,20-24,DK,2015,10.2
F,20-24,EE,2015,11.5
F,20-24,GR,2015,53.4
F,20-24,ES,2015,43.9
F,20-24,FI,2015,15.9
F,20-24,FR,2015,21.1
F,20-24,HR,2015,37.2
F,20-24,HU,2015,13.8
F,20-24,IE,2015,14.7
F,20-24,IT,2015,39.5
F,20-24,LT,2015,16.0
F,20-24,LU,2015,14.9
F,20-24,LV,2015,13.5
F,20-24,ME,2015,30.6
F,20-24,MK,2015,43.2
F,20-24,MT,2015,6.4
F,20-24,NL,2015,8.4
F,20-24,NO,2015,6.0
F,20-24,PL,2015,20.0
F,20-24,PT,2015,31.0
F,20-24,RO,2015,20.6
F,20-24,RS,2015,46.3
F,20-24,SE,2015,14.5
F,20-24,SI,2015,14.8
F,20-24,SK,2015,24.4
F,20-24,TR,2015,24.0
F,20-29,AT,2015,7.1
F,20-29,BE,2015,13.3
F,20-29,BG,2015,12.8
F,20-29,CH,2015,6.6
F,20-29,CY,2015,23.5
F,20-29,CZ,2015,9.2
F,20-29,DE,2015,5.3
F,20-29,DK,2015,10.1
F,20-29,EE,2015,8.9
F,20-29,GR,2015,44.8
F,20-29,ES,2015,33.9
F,20-29,FI,2015,13.6
F,20-29,FR,2015,16.7
F,20-29,HR,2015,28.0
F,20-29,HU,2015,11.0
F,20-29,IE,2015,12.5
F,20-29,IS,2015,4.7
F,20-29,IT,2015,29.7
F,20-29,LT,2015,12.8
F,20-29,LU,2015,11.7
F,20-29,LV,2015,11.3
F,20-29,ME,2015,25.3
F,20-29,MK,2015,39.4
F,20-29,MT,2015,6.3
F,20-29,NL,2015,7.3
F,20-29,NO,2015,5.8
F,20-29,PL,2015,13.3
F,20-29,PT,2015,21.5
F,20-29,RO,2015,12.3
F,20-29,RS,2015,36.0
F,20-29,SE,2015,11.2
F,20-29,SI,2015,18.2
F,20-29,SK,2015,17.2
F,20-29,TR,2015,20.5
F,20-64,AT,2015,5.1
F,20-64,BE,2015,7.7
F,20-64,BG,2015,8.3
F,20-64,CH,2015,4.8
F,20-64,CY,2015,14.6
F,20-64,CZ,2015,6.0
F,20-64,DE,2015,4.2
F,20-64,DK,2015,6.3
F,20-64,EE,2015,6.2
F,20-64,GR,2015,28.9
F,20-64,ES,2015,23.2
F,20-64,FI,2015,8.2
F,20-64,FR,2015,9.6
F,20-64,HR,2015,16.4
F,20-64,HU,2015,6.9
F,20-64,IE,2015,8.6
F,20-64,IS,2015,3.7
F,20-64,IT,2015,12.4
F,20-64,LT,2015,8.3
F,20-64,LU,2015,7.1
F,20-64,LV,2015,8.7
F,20-64,ME,2015,17.0
F,20-64,MK,2015,25.0
F,20-64,MT,2015,4.8
F,20-64,NL,2015,6.7
F,20-64,NO,2015,3.6
F,20-64,PL,2015,7.7
F,20-64,PT,2015,12.6
F,20-64,RO,2015,5.7
F,20-64,RS,2015,18.8
F,20-64,SE,2015,6.4
F,20-64,SI,2015,10.1
F,20-64,SK,2015,12.7
F,20-64,TR,2015,12.5
F,25-29,AT,2015,5.3
F,25-29,BE,2015,10.2
F,25-29,BG,2015,9.9
F,25-29,CH,2015,5.7
F,25-29,CY,2015,20.3
F,25-29,CZ,2015,7.4
F,25-29,DE,2015,4.9
F,25-29,DK,2015,9.9
F,25-29,EE,2015,7.3
F,25-29,GR,2015,40.7
F,25-29,ES,2015,28.1
F,25-29,FI,2015,11.6
F,25-29,FR,2015,13.7
F,25-29,HR,2015,23.5
F,25-29,HU,2015,9.2
F,25-29,IE,2015,10.8
F,25-29,IT,2015,24.1
F,25-29,LT,2015,10.5
F,25-29,LU,2015,10.1
F,25-29,LV,2015,9.9
F,25-29,ME,2015,22.6
F,25-29,MK,2015,37.2
F,25-29,MT,2015,6.2
F,25-29,NL,2015,6.3
F,25-29,NO,2015,5.6
F,25-29,PL,2015,9.8
F,25-29,PT,2015,15.5
F,25-29,RO,2015,8.6
F,25-29,RS,2015,31.2
F,25-29,SE,2015,8.4
F,25-29,SI,2015,20.0
F,25-29,SK,2015,13.6
F,25-29,TR,2015,17.4
F,25-49,AT,2015,5.2
F,25-49,BE,2015,7.5
F,25-49,BG,2015,7.9
F,25-49,CH,2015,4.8
F,25-49,CY,2015,13.2
F,25-49,CZ,2015,6.0
F,25-49,DE,2015,4.1
F,25-49,DK,2015,6.1
F,25-49,EE,2015,5.8
F,25-49,GR,2015,29.8
F,25-49,ES,2015,22.8
F,25-49,FI,2015,7.7
F,25-49,FR,2015,9.5
F,25-49,HR,2015,16.4
F,25-49,HU,2015,6.8
F,25-49,IE,2015,8.3
F,25-49,IS,2015,3.9
F,25-49,IT,2015,13.3
F,25-49,LT,2015,7.6
F,25-49,LU,2015,6.8
F,25-49,LV,2015,8.6
F,25-49,ME,2015,17.7
F,25-49,MK,2015,24.9
F,25-49,MT,2015,4.6
F,25-49,NL,2015,6.2
F,25-49,NO,2015,4.1
F,25-49,PL,2015,7.3
F,25-49,PT,2015,11.7
F,25-49,RO,2015,5.2
F,25-49,RS,2015,19.4
F,25-49,SE,2015,6.0
F,25-49,SI,2015,10.5
F,25-49,SK,2015,12.3
F,25-49,TR,2015,11.8
F,25-54,AT,2015,4.9
F,25-54,BE,2015,7.1
F,25-54,BG,2015,7.8
F,25-54,CH,2015,4.6
F,25-54,CY,2015,13.2
F,25-54,CZ,2015,5.8
F,25-54,DE,2015,4.0
F,25-54,DK,2015,6.0
F,25-54,EE,2015,5.9
F,25-54,GR,2015,28.7
F,25-54,ES,2015,22.4
F,25-54,FI,2015,7.5
F,25-54,FR,2015,9.0
F,25-54,HR,2015,15.7
F,25-54,HU,2015,6.6
F,25-54,IE,2015,8.2
F,25-54,IS,2015,3.7
F,25-54,IT,2015,12.2
F,25-54,LT,2015,7.8
F,25-54,LU,2015,6.9
F,25-54,LV,2015,8.6
F,25-54,ME,2015,16.7
F,25-54,MK,2015,24.4
F,25-54,MT,2015,4.7
F,25-54,NL,2015,6.3
F,25-54,NO,2015,3.8
F,25-54,PL,2015,7.1
F,25-54,PT,2015,11.5
F,25-54,RO,2015,5.2
F,25-54,RS,2015,18.4
F,25-54,SE,2015,5.8
F,25-54,SI,2015,10.2
F,25-54,SK,2015,12.2
F,25-54,TR,2015,11.3
F,25-59,AT,2015,4.8
F,25-59,BE,2015,6.9
F,25-59,BG,2015,7.8
F,25-59,CH,2015,4.5
F,25-59,CY,2015,13.3
F,25-59,CZ,2015,5.8
F,25-59,DE,2015,4.0
F,25-59,DK,2015,5.9
F,25-59,EE,2015,6.2
F,25-59,GR,2015,28.0
F,25-59,ES,2015,22.1
F,25-59,FI,2015,7.4
F,25-59,FR,2015,8.8
F,25-59,HR,2015,15.4
F,25-59,HU,2015,6.4
F,25-59,IE,2015,8.0
F,25-59,IS,2015,3.7
F,25-59,IT,2015,11.4
F,25-59,LT,2015,7.9
F,25-59,LU,2015,6.6
F,25-59,LV,2015,8.6
F,25-59,ME,2015,16.2
F,25-59,MK,2015,24.0
F,25-59,MT,2015,4.7
F,25-59,NL,2015,6.4
F,25-59,NO,2015,3.5
F,25-59,PL,2015,6.9
F,25-59,PT,2015,11.5
F,25-59,RO,2015,4.9
F,25-59,RS,2015,17.8
F,25-59,SE,2015,5.6
F,25-59,SI,2015,9.9
F,25-59,SK,2015,12.1
F,25-59,TR,2015,10.9
F,25-64,AT,2015,4.7
F,25-64,BE,2015,6.8
F,25-64,BG,2015,7.8
F,25-64,CH,2015,4.4
F,25-64,CY,2015,13.1
F,25-64,CZ,2015,5.6
F,25-64,DE,2015,4.1
F,25-64,DK,2015,5.8
F,25-64,EE,2015,5.8
F,25-64,GR,2015,27.4
F,25-64,ES,2015,21.9
F,25-64,FI,2015,7.4
F,25-64,FR,2015,8.6
F,25-64,HR,2015,15.1
F,25-64,HU,2015,6.4
F,25-64,IE,2015,8.0
F,25-64,IS,2015,3.6
F,25-64,IT,2015,10.9
F,25-64,LT,2015,7.7
F,25-64,LU,2015,6.6
F,25-64,LV,2015,8.3
F,25-64,ME,2015,15.8
F,25-64,MK,2015,23.5
F,25-64,MT,2015,4.6
F,25-64,NL,2015,6.5
F,25-64,NO,2015,3.3
F,25-64,PL,2015,6.8
F,25-64,PT,2015,11.4
F,25-64,RO,2015,4.8
F,25-64,RS,2015,17.2
F,25-64,SE,2015,5.5
F,25-64,SI,2015,9.9
F,25-64,SK,2015,11.9
F,25-64,TR,2015,10.6
F,25-74,AT,2015,4.6
F,25-74,BE,2015,6.8
F,25-74,BG,2015,7.7
F,25-74,CH,2015,4.4
F,25-74,CY,2015,13.0
F,25-74,CZ,2015,5.5
F,25-74,DE,2015,4.0
F,25-74,DK,2015,5.7
F,25-74,EE,2015,5.8
F,25-74,GR,2015,27.2
F,25-74,ES,2015,21.8
F,25-74,FI,2015,7.2
F,25-74,FR,2015,8.6
F,25-74,HR,2015,14.9
F,25-74,HU,2015,6.4
F,25-74,IE,2015,7.9
F,25-74,IS,2015,3.5
F,25-74,IT,2015,10.9
F,25-74,LT,2015,7.5
F,25-74,LU,2015,6.6
F,25-74,LV,2015,8.2
F,25-74,ME,2015,15.6
F,25-74,MK,2015,23.3
F,25-74,MT,2015,4.5
F,25-74,NL,2015,6.5
F,25-74,NO,2015,3.3
F,25-74,PL,2015,6.7
F,25-74,PT,2015,11.1
F,25-74,RO,2015,4.6
F,25-74,RS,2015,16.9
F,25-74,SE,2015,5.4
F,25-74,SI,2015,9.7
F,25-74,SK,2015,11.9
F,25-74,TR,2015,10.4
F,30-34,AT,2015,6.8
F,30-34,BE,2015,9.4
F,30-34,BG,2015,8.6
F,30-34,CH,2015,5.3
F,30-34,CY,2015,12.7
F,30-34,CZ,2015,7.5
F,30-34,DE,2015,4.6
F,30-34,DK,2015,7.2
F,30-34,EE,2015,4.4
F,30-34,GR,2015,30.8
F,30-34,ES,2015,23.2
F,30-34,FI,2015,7.8
F,30-34,FR,2015,10.7
F,30-34,HR,2015,18.2
F,30-34,HU,2015,7.6
F,30-34,IE,2015,7.6
F,30-34,IS,2015,6.0
F,30-34,IT,2015,15.9
F,30-34,LT,2015,5.3
F,30-34,LU,2015,8.1
F,30-34,LV,2015,7.9
F,30-34,ME,2015,19.3
F,30-34,MK,2015,24.0
F,30-34,NL,2015,5.9
F,30-34,NO,2015,5.1
F,30-34,PL,2015,7.6
F,30-34,PT,2015,11.3
F,30-34,RO,2015,4.7
F,30-34,RS,2015,21.4
F,30-34,SE,2015,6.2
F,30-34,SI,2015,10.9
F,30-34,SK,2015,15.4
F,30-34,TR,2015,12.4
F,30-54,AT,2015,4.8
F,30-54,BE,2015,6.6
F,30-54,BG,2015,7.4
F,30-54,CH,2015,4.4
F,30-54,CY,2015,11.4
F,30-54,CZ,2015,5.5
F,30-54,DE,2015,3.9
F,30-54,DK,2015,5.4
F,30-54,EE,2015,5.7
F,30-54,GR,2015,26.8
F,30-54,ES,2015,21.6
F,30-54,FI,2015,6.8
F,30-54,FR,2015,8.2
F,30-54,HR,2015,14.4
F,30-54,HU,2015,6.2
F,30-54,IE,2015,7.7
F,30-54,IS,2015,3.5
F,30-54,IT,2015,10.6
F,30-54,LT,2015,7.4
F,30-54,LU,2015,6.2
F,30-54,LV,2015,8.3
F,30-54,ME,2015,15.3
F,30-54,MK,2015,21.7
F,30-54,MT,2015,4.2
F,30-54,NL,2015,6.3
F,30-54,NO,2015,3.4
F,30-54,PL,2015,6.6
F,30-54,PT,2015,10.9
F,30-54,RO,2015,4.5
F,30-54,RS,2015,16.2
F,30-54,SE,2015,5.3
F,30-54,SI,2015,8.7
F,30-54,SK,2015,11.9
F,30-54,TR,2015,9.8
F,30-64,AT,2015,4.6
F,30-64,BE,2015,6.3
F,30-64,BG,2015,7.5
F,30-64,CH,2015,4.3
F,30-64,CY,2015,11.6
F,30-64,CZ,2015,5.4
F,30-64,DE,2015,3.9
F,30-64,DK,2015,5.3
F,30-64,EE,2015,5.6
F,30-64,GR,2015,25.5
F,30-64,ES,2015,21.1
F,30-64,FI,2015,6.9
F,30-64,FR,2015,7.9
F,30-64,HR,2015,13.9
F,30-64,HU,2015,6.1
F,30-64,IE,2015,7.5
F,30-64,IS,2015,3.4
F,30-64,IT,2015,9.5
F,30-64,LT,2015,7.3
F,30-64,LU,2015,5.9
F,30-64,LV,2015,8.1
F,30-64,ME,2015,14.5
F,30-64,MK,2015,21.0
F,30-64,MT,2015,4.1
F,30-64,NL,2015,6.6
F,30-64,NO,2015,3.0
F,30-64,PL,2015,6.3
F,30-64,PT,2015,10.9
F,30-64,RO,2015,4.2
F,30-64,RS,2015,15.2
F,30-64,SE,2015,5.1
F,30-64,SI,2015,8.5
F,30-64,SK,2015,11.7
F,30-64,TR,2015,9.1
F,30-74,AT,2015,4.5
F,30-74,BE,2015,6.2
F,30-74,BG,2015,7.5
F,30-74,CH,2015,4.2
F,30-74,CY,2015,11.5
F,30-74,CZ,2015,5.3
F,30-74,DE,2015,3.9
F,30-74,DK,2015,5.1
F,30-74,EE,2015,5.6
F,30-74,GR,2015,25.3
F,30-74,ES,2015,21.0
F,30-74,FI,2015,6.7
F,30-74,FR,2015,7.9
F,30-74,HR,2015,13.7
F,30-74,HU,2015,6.0
F,30-74,IE,2015,7.5
F,30-74,IS,2015,3.3
F,30-74,IT,2015,9.4
F,30-74,LT,2015,7.1
F,30-74,LU,2015,5.9
F,30-74,LV,2015,8.0
F,30-74,ME,2015,14.3
F,30-74,MK,2015,20.8
F,30-74,MT,2015,4.1
F,30-74,NL,2015,6.5
F,30-74,NO,2015,2.9
F,30-74,PL,2015,6.2
F,30-74,PT,2015,10.6
F,30-74,RO,2015,4.0
F,30-74,RS,2015,14.9
F,30-74,SE,2015,5.0
F,30-74,SI,2015,8.4
F,30-74,SK,2015,11.6
F,30-74,TR,2015,8.8
F,35-39,AT,2015,5.0
F,35-39,BE,2015,6.1
F,35-39,BG,2015,6.6
F,35-39,CH,2015,4.9
F,35-39,CY,2015,11.2
F,35-39,CZ,2015,6.5
F,35-39,DE,2015,3.9
F,35-39,DK,2015,5.6
F,35-39,EE,2015,6.0
F,35-39,GR,2015,29.0
F,35-39,ES,2015,20.7
F,35-39,FI,2015,7.6
F,35-39,FR,2015,8.9
F,35-39,HR,2015,14.8
F,35-39,HU,2015,7.0
F,35-39,IE,2015,7.2
F,35-39,IT,2015,11.8
F,35-39,LT,2015,7.8
F,35-39,LU,2015,4.5
F,35-39,LV,2015,10.2
F,35-39,ME,2015,17.5
F,35-39,MK,2015,22.6
F,35-39,MT,2015,4.1
F,35-39,NL,2015,6.3
F,35-39,NO,2015,4.5
F,35-39,PL,2015,6.3
F,35-39,PT,2015,10.3
F,35-39,RO,2015,4.8
F,35-39,RS,2015,17.6
F,35-39,SE,2015,6.7
F,35-39,SI,2015,10.2
F,35-39,SK,2015,11.4
F,35-39,TR,2015,10.8
F,40-44,AT,2015,4.8
F,40-44,BE,2015,6.7
F,40-44,BG,2015,7.7
F,40-44,CH,2015,4.4
F,40-44,CY,2015,10.8
F,40-44,CZ,2015,5.1
F,40-44,DE,2015,3.8
F,40-44,DK,2015,4.5
F,40-44,EE,2015,6.4
F,40-44,GR,2015,26.2
F,40-44,ES,2015,21.3
F,40-44,FI,2015,5.9
F,40-44,FR,2015,7.8
F,40-44,HR,2015,13.2
F,40-44,HU,2015,5.9
F,40-44,IE,2015,7.8
F,40-44,IT,2015,10.3
F,40-44,LT,2015,7.6
F,40-44,LU,2015,4.6
F,40-44,LV,2015,8.0
F,40-44,ME,2015,15.9
F,40-44,MK,2015,19.8
F,40-44,MT,2015,4.8
F,40-44,NL,2015,6.4
F,40-44,NO,2015,3.0
F,40-44,PL,2015,6.3
F,40-44,PT,2015,11.2
F,40-44,RO,2015,4.5
F,40-44,RS,2015,14.2
F,40-44,SE,2015,4.7
F,40-44,SI,2015,7.7
F,40-44,SK,2015,11.7
F,40-44,TR,2015,8.6
F,40-59,AT,2015,4.2
F,40-59,BE,2015,5.7
F,40-59,BG,2015,7.6
F,40-59,CH,2015,4.0
F,40-59,CY,2015,11.5
F,40-59,CZ,2015,5.0
F,40-59,DE,2015,3.7
F,40-59,DK,2015,4.9
F,40-59,EE,2015,6.4
F,40-59,GR,2015,23.8
F,40-59,ES,2015,21.1
F,40-59,FI,2015,6.5
F,40-59,FR,2015,7.3
F,40-59,HR,2015,13.0
F,40-59,HU,2015,5.4
F,40-59,IE,2015,7.6
F,40-59,IS,2015,2.6
F,40-59,IT,2015,8.2
F,40-59,LT,2015,7.9
F,40-59,LU,2015,5.7
F,40-59,LV,2015,8.1
F,40-59,ME,2015,12.8
F,40-59,MK,2015,20.3
F,40-59,MT,2015,4.9
F,40-59,NL,2015,6.5
F,40-59,NO,2015,2.4
F,40-59,PL,2015,6.2
F,40-59,PT,2015,11.1
F,40-59,RO,2015,4.1
F,40-59,RS,2015,13.7
F,40-59,SE,2015,4.5
F,40-59,SI,2015,7.5
F,40-59,SK,2015,11.1
F,40-59,TR,2015,7.3
F,40-64,AT,2015,4.0
F,40-64,BE,2015,5.5
F,40-64,BG,2015,7.6
F,40-64,CH,2015,3.9
F,40-64,CY,2015,11.4
F,40-64,CZ,2015,4.8
F,40-64,DE,2015,3.8
F,40-64,DK,2015,4.9
F,40-64,EE,2015,5.8
F,40-64,GR,2015,23.0
F,40-64,ES,2015,20.7
F,40-64,FI,2015,6.6
F,40-64,FR,2015,7.2
F,40-64,HR,2015,12.5
F,40-64,HU,2015,5.5
F,40-64,IE,2015,7.6
F,40-64,IS,2015,2.7
F,40-64,IT,2015,7.8
F,40-64,LT,2015,7.6
F,40-64,LU,2015,5.7
F,40-64,LV,2015,7.7
F,40-64,ME,2015,12.4
F,40-64,MK,2015,19.6
F,40-64,MT,2015,4.7
F,40-64,NL,2015,6.8
F,40-64,NO,2015,2.2
F,40-64,PL,2015,6.0
F,40-64,PT,2015,10.9
F,40-64,RO,2015,3.9
F,40-64,RS,2015,13.0
F,40-64,SE,2015,4.6
F,40-64,SI,2015,7.4
F,40-64,SK,2015,11.0
F,40-64,TR,2015,7.0
F,45-49,AT,2015,4.5
F,45-49,BE,2015,5.5
F,45-49,BG,2015,7.0
F,45-49,CH,2015,3.7
F,45-49,CY,2015,9.2
F,45-49,CZ,2015,4.2
F,45-49,DE,2015,3.6
F,45-49,DK,2015,4.3
F,45-49,EE,2015,4.9
F,45-49,GR,2015,24.9
F,45-49,ES,2015,22.8
F,45-49,FI,2015,6.2
F,45-49,FR,2015,7.5
F,45-49,HR,2015,13.6
F,45-49,HU,2015,5.0
F,45-49,IE,2015,8.3
F,45-49,IT,2015,9.3
F,45-49,LT,2015,7.3
F,45-49,LU,2015,6.9
F,45-49,LV,2015,7.0
F,45-49,ME,2015,12.4
F,45-49,MK,2015,20.0
F,45-49,MT,2015,5.2
F,45-49,NL,2015,6.3
F,45-49,NO,2015,2.4
F,45-49,PL,2015,6.5
F,45-49,PT,2015,11.5
F,45-49,RO,2015,4.0
F,45-49,RS,2015,14.4
F,45-49,SE,2015,4.5
F,45-49,SI,2015,6.1
F,45-49,SK,2015,9.7
F,45-49,TR,2015,7.5
F,50-54,AT,2015,3.2
F,50-54,BE,2015,5.3
F,50-54,BG,2015,7.3
F,50-54,CH,2015,4.1
F,50-54,CY,2015,13.0
F,50-54,CZ,2015,4.9
F,50-54,DE,2015,3.7
F,50-54,DK,2015,5.8
F,50-54,EE,2015,6.5
F,50-54,GR,2015,21.8
F,50-54,ES,2015,20.0
F,50-54,FI,2015,6.8
F,50-54,FR,2015,6.4
F,50-54,HR,2015,12.3
F,50-54,HU,2015,5.5
F,50-54,IE,2015,7.7
F,50-54,IT,2015,7.1
F,50-54,LT,2015,8.4
F,50-54,LU,2015,7.3
F,50-54,LV,2015,8.8
F,50-54,ME,2015,11.2
F,50-54,MK,2015,21.5
F,50-54,MT,2015,5.3
F,50-54,NL,2015,6.6
F,50-54,NO,2015,2.3
F,50-54,PL,2015,6.4
F,50-54,PT,2015,10.3
F,50-54,RO,2015,4.8
F,50-54,RS,2015,13.3
F,50-54,SE,2015,4.5
F,50-54,SI,2015,8.8
F,50-54,SK,2015,11.7
F,50-54,TR,2015,6.7
F,50-59,AT,2015,3.5
F,50-59,BE,2015,5.2
F,50-59,BG,2015,7.8
F,50-59,CH,2015,4.0
F,50-59,CY,2015,13.4
F,50-59,CZ,2015,5.3
F,50-59,DE,2015,3.8
F,50-59,DK,2015,5.4
F,50-59,EE,2015,7.1
F,50-59,GR,2015,20.8
F,50-59,ES,2015,19.8
F,50-59,FI,2015,6.9
F,50-59,FR,2015,6.8
F,50-59,HR,2015,12.4
F,50-59,HU,2015,5.3
F,50-59,IE,2015,7.1
F,50-59,IS,2015,3.1
F,50-59,IT,2015,6.1
F,50-59,LT,2015,8.4
F,50-59,LU,2015,5.8
F,50-59,LV,2015,8.8
F,50-59,ME,2015,11.2
F,50-59,MK,2015,20.8
F,50-59,MT,2015,5.0
F,50-59,NL,2015,6.8
F,50-59,NO,2015,2.1
F,50-59,PL,2015,5.9
F,50-59,PT,2015,10.9
F,50-59,RO,2015,3.9
F,50-59,RS,2015,12.9
F,50-59,SE,2015,4.4
F,50-59,SI,2015,8.2
F,50-59,SK,2015,11.5
F,50-59,TR,2015,5.7
F,50-64,AT,2015,3.3
F,50-64,BE,2015,5.0
F,50-64,BG,2015,7.7
F,50-64,CH,2015,3.8
F,50-64,CY,2015,12.9
F,50-64,CZ,2015,4.9
F,50-64,DE,2015,3.9
F,50-64,DK,2015,5.3
F,50-64,EE,2015,5.9
F,50-64,GR,2015,19.4
F,50-64,ES,2015,19.3
F,50-64,FI,2015,6.9
F,50-64,FR,2015,6.7
F,50-64,HR,2015,11.5
F,50-64,HU,2015,5.5
F,50-64,IE,2015,7.2
F,50-64,IS,2015,3.1
F,50-64,IT,2015,5.6
F,50-64,LT,2015,7.7
F,50-64,LU,2015,5.7
F,50-64,LV,2015,7.9
F,50-64,ME,2015,10.7
F,50-64,MK,2015,19.3
F,50-64,MT,2015,4.4
F,50-64,NL,2015,7.2
F,50-64,NO,2015,1.8
F,50-64,PL,2015,5.5
F,50-64,PT,2015,10.5
F,50-64,RO,2015,3.3
F,50-64,RS,2015,11.5
F,50-64,SE,2015,4.5
F,50-64,SI,2015,8.1
F,50-64,SK,2015,11.1
F,50-64,TR,2015,5.0
F,50-74,AT,2015,3.2
F,50-74,BE,2015,4.9
F,50-74,BG,2015,7.6
F,50-74,CH,2015,3.7
F,50-74,CY,2015,12.3
F,50-74,CZ,2015,4.6
F,50-74,DE,2015,3.8
F,50-74,DK,2015,4.9
F,50-74,EE,2015,5.7
F,50-74,GR,2015,18.7
F,50-74,ES,2015,19.0
F,50-74,FI,2015,6.6
F,50-74,FR,2015,6.5
F,50-74,HR,2015,11.1
F,50-74,HU,2015,5.4
F,50-74,IE,2015,6.9
F,50-74,IS,2015,2.7
F,50-74,IT,2015,5.5
F,50-74,LT,2015,7.2
F,50-74,LU,2015,5.8
F,50-74,LV,2015,7.6
F,50-74,ME,2015,10.2
F,50-74,MK,2015,18.7
F,50-74,MT,2015,4.3
F,50-74,NL,2015,7.0
F,50-74,NO,2015,1.7
F,50-74,PL,2015,5.4
F,50-74,PT,2015,9.8
F,50-74,RO,2015,2.8
F,50-74,RS,2015,10.7
F,50-74,SE,2015,4.4
F,50-74,SI,2015,7.7
F,50-74,SK,2015,11.0
F,50-74,TR,2015,4.5
F,55-59,AT,2015,4.0
F,55-59,BE,2015,5.1
F,55-59,BG,2015,8.3
F,55-59,CH,2015,3.7
F,55-59,CY,2015,14.0
F,55-59,CZ,2015,5.8
F,55-59,DE,2015,3.9
F,55-59,DK,2015,5.0
F,55-59,EE,2015,7.9
F,55-59,GR,2015,18.8
F,55-59,ES,2015,19.5
F,55-59,FI,2015,7.0
F,55-59,FR,2015,7.3
F,55-59,HR,2015,12.6
F,55-59,HU,2015,5.1
F,55-59,IE,2015,6.3
F,55-59,IT,2015,4.8
F,55-59,LT,2015,8.4
F,55-59,LV,2015,8.8
F,55-59,MK,2015,20.0
F,55-59,NL,2015,7.0
F,55-59,NO,2015,1.8
F,55-59,PL,2015,5.4
F,55-59,PT,2015,11.6
F,55-59,RO,2015,2.9
F,55-59,RS,2015,12.3
F,55-59,SE,2015,4.4
F,55-59,SI,2015,7.4
F,55-59,SK,2015,11.2
F,55-59,TR,2015,4.1
F,55-64,AT,2015,3.4
F,55-64,BE,2015,4.7
F,55-64,BG,2015,8.0
F,55-64,CH,2015,3.5
F,55-64,CY,2015,12.8
F,55-64,CZ,2015,4.9
F,55-64,DE,2015,4.1
F,55-64,DK,2015,4.9
F,55-64,EE,2015,5.6
F,55-64,GR,2015,16.5
F,55-64,ES,2015,18.7
F,55-64,FI,2015,7.0
F,55-64,FR,2015,6.8
F,55-64,HR,2015,10.6
F,55-64,HU,2015,5.5
F,55-64,IE,2015,6.8
F,55-64,IS,2015,3.3
F,55-64,IT,2015,4.3
F,55-64,LT,2015,7.1
F,55-64,LV,2015,7.3
F,55-64,ME,2015,10.1
F,55-64,MK,2015,17.2
F,55-64,NL,2015,7.6
F,55-64,NO,2015,1.5
F,55-64,PL,2015,4.8
F,55-64,PT,2015,10.6
F,55-64,RO,2015,2.2
F,55-64,RS,2015,9.8
F,55-64,SE,2015,4.6
F,55-64,SI,2015,7.2
F,55-64,SK,2015,10.6
F,55-64,TR,2015,3.3
F,60-64,BE,2015,3.5
F,60-64,BG,2015,7.3
F,60-64,CH,2015,3.2
F,60-64,CY,2015,10.3
F,60-64,CZ,2015,2.0
F,60-64,DE,2015,4.5
F,60-64,DK,2015,4.6
F,60-64,GR,2015,12.5
F,60-64,ES,2015,17.2
F,60-64,FI,2015,7.0
F,60-64,FR,2015,5.7
F,60-64,HR,2015,6.4
F,60-64,HU,2015,7.0
F,60-64,IE,2015,7.6
F,60-64,IT,2015,3.1
F,60-64,LT,2015,4.4
F,60-64,LV,2015,4.6
F,60-64,MK,2015,10.2
F,60-64,NL,2015,8.7
F,60-64,NO,2015,1.1
F,60-64,PL,2015,2.9
F,60-64,PT,2015,8.8
F,60-64,RS,2015,3.6
F,60-64,SE,2015,4.8
F,60-64,SK,2015,7.9
F,60-64,TR,2015,2.0
F,65-69,GR,2015,6.9
F,65-69,ES,2015,4.7
F,65-69,FR,2015,2.9
F,65-69,IT,2015,3.8
F,65-69,NL,2015,4.3
F,65-69,SE,2015,3.3
F,65-69,TR,2015,1.1
F,65-74,CH,2015,2.1
F,65-74,GR,2015,6.7
F,65-74,ES,2015,4.2
F,65-74,FR,2015,2.9
F,65-74,IT,2015,2.9
F,65-74,NL,2015,4.1
F,65-74,SE,2015,2.8
F,65-74,TR,2015,0.8
F,70-74,FR,2015,2.8
M,15-19,AT,2015,11.3
M,15-19,BE,2015,31.8
M,15-19,BG,2015,41.3
M,15-19,CH,2015,8.6
M,15-19,CY,2015,63.8
M,15-19,CZ,2015,31.1
M,15-19,DE,2015,7.8
M,15-19,DK,2015,16.3
M,15-19,GR,2015,49.9
M,15-19,ES,2015,64.7
M,15-19,FI,2015,34.6
M,15-19,FR,2015,32.2
M,15-19,HR,2015,55.3
M,15-19,HU,2015,28.1
M,15-19,IE,2015,31.1
M,15-19,IS,2015,15.0
M,15-19,IT,2015,57.1
M,15-19,LU,2015,29.4
M,15-19,LV,2015,31.1
M,15-19,ME,2015,48.0
M,15-19,MK,2015,47.1
M,15-19,MT,2015,23.6
M,15-19,NL,2015,14.2
M,15-19,NO,2015,13.8
M,15-19,PL,2015,32.7
M,15-19,PT,2015,40.0
M,15-19,RO,2015,26.3
M,15-19,RS,2015,47.7
M,15-19,SE,2015,34.2
M,15-19,SI,2015,15.9
M,15-19,SK,2015,49.6
M,15-19,TR,2015,15.6
M,15-24,AT,2015,11.1
M,15-24,BE,2015,23.8
M,15-24,BG,2015,21.2
M,15-24,CH,2015,9.2
M,15-24,CY,2015,34.7
M,15-24,CZ,2015,11.3
M,15-24,DE,2015,7.9
M,15-24,DK,2015,13.2
M,15-24,EE,2015,15.5
M,15-24,GR,2015,45.2
M,15-24,ES,2015,48.6
M,15-24,FI,2015,25.4
M,15-24,FR,2015,25.8
M,15-24,HR,2015,41.5
M,15-24,HU,2015,18.3
M,15-24,IE,2015,23.6
M,15-24,IS,2015,10.9
M,15-24,IT,2015,38.8
M,15-24,LT,2015,16.0
M,15-24,LU,2015,18.9
M,15-24,LV,2015,18.0
M,15-24,ME,2015,39.9
M,15-24,MK,2015,49.7
M,15-24,MT,2015,13.2
M,15-24,NL,2015,11.3
M,15-24,NO,2015,11.2
M,15-24,PL,2015,20.7
M,15-24,PT,2015,29.6
M,15-24,RO,2015,20.6
M,15-24,RS,2015,40.1
M,15-24,SE,2015,21.2
M,15-24,SI,2015,17.7
M,15-24,SK,2015,25.8
M,15-24,TR,2015,16.5
M,15-29,AT,2015,9.4
M,15-29,BE,2015,17.2
M,15-29,BG,2015,14.9
M,15-29,CH,2015,7.4
M,15-29,CY,2015,24.6
M,15-29,CZ,2015,8.2
M,15-29,DE,2015,7.2
M,15-29,DK,2015,11.2
M,15-29,EE,2015,9.4
M,15-29,GR,2015,37.4
M,15-29,ES,2015,37.3
M,15-29,FI,2015,18.4
M,15-29,FR,2015,19.7
M,15-29,HR,2015,28.6
M,15-29,HU,2015,12.1
M,15-29,IE,2015,19.5
M,15-29,IS,2015,8.0
M,15-29,IT,2015,28.8
M,15-29,LT,2015,12.3
M,15-29,LU,2015,11.4
M,15-29,LV,2015,14.0
M,15-29,ME,2015,30.9
M,15-29,MK,2015,44.4
M,15-29,MT,2015,9.0
M,15-29,NL,2015,9.4
M,15-29,NO,2015,9.1
M,15-29,PL,2015,14.5
M,15-29,PT,2015,21.9
M,15-29,RO,2015,14.9
M,15-29,RS,2015,32.3
M,15-29,SE,2015,15.3
M,15-29,SI,2015,14.8
M,15-29,SK,2015,16.9
M,15-29,TR,2015,13.9
M,15-39,AT,2015,7.6
M,15-39,BE,2015,12.3
M,15-39,BG,2015,11.4
M,15-39,CH,2015,5.7
M,15-39,CY,2015,17.5
M,15-39,CZ,2015,5.6
M,15-39,DE,2015,6.2
M,15-39,DK,2015,8.5
M,15-39,EE,2015,7.6
M,15-39,GR,2015,27.6
M,15-39,ES,2015,25.4
M,15-39,FI,2015,12.5
M,15-39,FR,2015,14.5
M,15-39,HR,2015,20.2
M,15-39,HU,2015,8.0
M,15-39,IE,2015,13.4
M,15-39,IS,2015,5.8
M,15-39,IT,2015,17.8
M,15-39,LT,2015,10.1
M,15-39,LU,2015,7.0
M,15-39,LV,2015,11.1
M,15-39,ME,2015,23.4
M,15-39,MK,2015,33.7
M,15-39,MT,2015,6.5
M,15-39,NL,2015,7.3
M,15-39,NO,2015,7.2
M,15-39,PL,2015,9.2
M,15-39,PT,2015,14.8
M,15-39,RO,2015,10.1
M,15-39,RS,2015,23.6
M,15-39,SE,2015,10.7
M,15-39,SI,2015,10.0
M,15-39,SK,2015,12.1
M,15-39,TR,2015,10.5
M,15-59,AT,2015,6.3
M,15-59,BE,2015,9.4
M,15-59,BG,2015,9.9
M,15-59,CH,2015,4.9
M,15-59,CY,2015,15.2
M,15-59,CZ,2015,4.4
M,15-59,DE,2015,5.1
M,15-59,DK,2015,6.4
M,15-59,EE,2015,6.6
M,15-59,GR,2015,22.1
M,15-59,ES,2015,21.1
M,15-59,FI,2015,10.3
M,15-59,FR,2015,11.0
M,15-59,HR,2015,15.9
M,15-59,HU,2015,6.6
M,15-59,IE,2015,11.3
M,15-59,IS,2015,4.2
M,15-59,IT,2015,11.9
M,15-59,LT,2015,10.4
M,15-59,LU,2015,6.1
M,15-59,LV,2015,11.4
M,15-59,ME,2015,18.5
M,15-59,MK,2015,27.2
M,15-59,MT,2015,5.3
M,15-59,NL,2015,6.3
M,15-59,NO,2015,5.0
M,15-59,PL,2015,7.5
M,15-59,PT,2015,12.7
M,15-59,RO,2015,7.9
M,15-59,RS,2015,17.9
M,15-59,SE,2015,7.9
M,15-59,SI,2015,8.1
M,15-59,SK,2015,10.5
M,15-59,TR,2015,9.4
M,15-64,AT,2015,6.2
M,15-64,BE,2015,9.2
M,15-64,BG,2015,9.9
M,15-64,CH,2015,4.8
M,15-64,CY,2015,15.4
M,15-64,CZ,2015,4.3
M,15-64,DE,2015,5.1
M,15-64,DK,2015,6.3
M,15-64,EE,2015,6.6
M,15-64,GR,2015,21.9
M,15-64,ES,2015,20.9
M,15-64,FI,2015,10.2
M,15-64,FR,2015,10.9
M,15-64,HR,2015,15.6
M,15-64,HU,2015,6.6
M,15-64,IE,2015,11.1
M,15-64,IS,2015,4.1
M,15-64,IT,2015,11.6
M,15-64,LT,2015,10.3
M,15-64,LU,2015,6.2
M,15-64,LV,2015,11.4
M,15-64,ME,2015,18.0
M,15-64,MK,2015,27.0
M,15-64,MT,2015,5.5
M,15-64,NL,2015,6.6
M,15-64,NO,2015,4.7
M,15-64,PL,2015,7.4
M,15-64,PT,2015,12.8
M,15-64,RO,2015,7.7
M,15-64,RS,2015,17.4
M,15-64,SE,2015,7.8
M,15-64,SI,2015,8.2
M,15-64,SK,2015,10.4
M,15-64,TR,2015,9.3
M,15-74,AT,2015,6.1
M,15-74,BE,2015,9.1
M,15-74,BG,2015,9.8
M,15-74,CH,2015,4.7
M,15-74,CY,2015,15.1
M,15-74,CZ,2015,4.2
M,15-74,DE,2015,5.0
M,15-74,DK,2015,6.1
M,15-74,EE,2015,6.5
M,15-74,GR,2015,21.8
M,15-74,ES,2015,20.8
M,15-74,FI,2015,9.9
M,15-74,FR,2015,10.8
M,15-74,HR,2015,15.5
M,15-74,HU,2015,6.6
M,15-74,IE,2015,10.8
M,15-74,IS,2015,3.9
M,15-74,IT,2015,11.4
M,15-74,LT,2015,10.1
M,15-74,LU,2015,6.1
M,15-74,LV,2015,11.1
M,15-74,ME,2015,17.8
M,15-74,MK,2015,26.8
M,15-74,MT,2015,5.4
M,15-74,NL,2015,6.5
M,15-74,NO,2015,4.6
M,15-74,PL,2015,7.3
M,15-74,PT,2015,12.4
M,15-74,RO,2015,7.5
M,15-74,RS,2015,16.9
M,15-74,SE,2015,7.6
M,15-74,SI,2015,8.1
M,15-74,SK,2015,10.3
M,15-74,TR,2015,9.2
M,20-24,AT,2015,11.0
M,20-24,BE,2015,22.7
M,20-24,BG,2015,19.2
M,20-24,CH,2015,9.7
M,20-24,CY,2015,32.5
M,20-24,CZ,2015,9.5
M,20-24,DE,2015,7.9
M,20-24,DK,2015,11.4
M,20-24,EE,2015,14.0
M,20-24,GR,2015,44.7
M,20-24,ES,2015,45.2
M,20-24,FI,2015,22.1
M,20-24,FR,2015,24.0
M,20-24,HR,2015,37.5
M,20-24,HU,2015,17.1
M,20-24,IE,2015,20.9
M,20-24,IS,2015,8.2
M,20-24,IT,2015,35.9
M,20-24,LT,2015,15.1
M,20-24,LU,2015,15.5
M,20-24,LV,2015,16.4
M,20-24,ME,2015,38.0
M,20-24,MK,2015,50.2
M,20-24,MT,2015,10.3
M,20-24,NL,2015,9.2
M,20-24,NO,2015,10.0
M,20-24,PL,2015,19.4
M,20-24,PT,2015,27.6
M,20-24,RO,2015,19.1
M,20-24,RS,2015,38.5
M,20-24,SE,2015,17.0
M,20-24,SI,2015,18.1
M,20-24,SK,2015,23.6
M,20-24,TR,2015,17.0
M,20-29,AT,2015,9.0
M,20-29,BE,2015,16.4
M,20-29,BG,2015,14.0
M,20-29,CH,2015,7.1
M,20-29,CY,2015,23.6
M,20-29,CZ,2015,7.4
M,20-29,DE,2015,7.1
M,20-29,DK,2015,9.9
M,20-29,EE,2015,8.6
M,20-29,GR,2015,37.0
M,20-29,ES,2015,35.0
M,20-29,FI,2015,15.9
M,20-29,FR,2015,18.3
M,20-29,HR,2015,25.7
M,20-29,HU,2015,11.4
M,20-29,IE,2015,17.6
M,20-29,IS,2015,5.7
M,20-29,IT,2015,27.0
M,20-29,LT,2015,11.8
M,20-29,LU,2015,9.5
M,20-29,LV,2015,13.2
M,20-29,ME,2015,29.3
M,20-29,MK,2015,44.2
M,20-29,MT,2015,7.3
M,20-29,NL,2015,7.8
M,20-29,NO,2015,8.1
M,20-29,PL,2015,13.8
M,20-29,PT,2015,20.5
M,20-29,RO,2015,13.9
M,20-29,RS,2015,31.1
M,20-29,SE,2015,12.6
M,20-29,SI,2015,14.7
M,20-29,SK,2015,15.8
M,20-29,TR,2015,13.4
M,20-64,AT,2015,6.0
M,20-64,BE,2015,9.0
M,20-64,BG,2015,9.7
M,20-64,CH,2015,4.6
M,20-64,CY,2015,15.2
M,20-64,CZ,2015,4.1
M,20-64,DE,2015,5.0
M,20-64,DK,2015,5.7
M,20-64,EE,2015,6.4
M,20-64,GR,2015,21.7
M,20-64,ES,2015,20.4
M,20-64,FI,2015,9.4
M,20-64,FR,2015,10.4
M,20-64,HR,2015,14.8
M,20-64,HU,2015,6.5
M,20-64,IE,2015,10.4
M,20-64,IS,2015,3.3
M,20-64,IT,2015,11.2
M,20-64,LT,2015,10.2
M,20-64,LU,2015,5.7
M,20-64,LV,2015,11.2
M,20-64,ME,2015,17.4
M,20-64,MK,2015,26.7
M,20-64,MT,2015,5.0
M,20-64,NL,2015,6.0
M,20-64,NO,2015,4.3
M,20-64,PL,2015,7.2
M,20-64,PT,2015,12.4
M,20-64,RO,2015,7.4
M,20-64,RS,2015,17.0
M,20-64,SE,2015,7.0
M,20-64,SI,2015,8.1
M,20-64,SK,2015,10.1
M,20-64,TR,2015,8.9
M,25-29,AT,2015,7.3
M,25-29,BE,2015,12.5
M,25-29,BG,2015,11.4
M,25-29,CH,2015,5.3
M,25-29,CY,2015,18.9
M,25-29,CZ,2015,6.2
M,25-29,DE,2015,6.6
M,25-29,DK,2015,8.4
M,25-29,EE,2015,5.6
M,25-29,GR,2015,33.3
M,25-29,ES,2015,28.9
M,25-29,FI,2015,11.2
M,25-29,FR,2015,14.3
M,25-29,HR,2015,18.4
M,25-29,HU,2015,7.9
M,25-29,IE,2015,14.6
M,25-29,IT,2015,21.1
M,25-29,LT,2015,9.2
M,25-29,LU,2015,6.5
M,25-29,LV,2015,11.2
M,25-29,ME,2015,23.8
M,25-29,MK,2015,40.2
M,25-29,MT,2015,5.2
M,25-29,NL,2015,6.6
M,25-29,NO,2015,6.6
M,25-29,PL,2015,10.2
M,25-29,PT,2015,15.6
M,25-29,RO,2015,11.3
M,25-29,RS,2015,26.4
M,25-29,SE,2015,8.9
M,25-29,SI,2015,12.9
M,25-29,SK,2015,11.1
M,25-29,TR,2015,10.9
M,25-49,AT,2015,5.6
M,25-49,BE,2015,8.5
M,25-49,BG,2015,9.2
M,25-49,CH,2015,4.2
M,25-49,CY,2015,13.0
M,25-49,CZ,2015,3.7
M,25-49,DE,2015,4.8
M,25-49,DK,2015,5.5
M,25-49,EE,2015,5.4
M,25-49,GR,2015,21.5
M,25-49,ES,2015,19.1
M,25-49,FI,2015,7.9
M,25-49,FR,2015,9.8
M,25-49,HR,2015,13.5
M,25-49,HU,2015,5.5
M,25-49,IE,2015,9.7
M,25-49,IS,2015,2.6
M,25-49,IT,2015,11.0
M,25-49,LT,2015,9.5
M,25-49,LU,2015,5.1
M,25-49,LV,2015,10.1
M,25-49,ME,2015,16.7
M,25-49,MK,2015,25.5
M,25-49,MT,2015,4.2
M,25-49,NL,2015,4.9
M,25-49,NO,2015,4.4
M,25-49,PL,2015,6.2
M,25-49,PT,2015,10.9
M,25-49,RO,2015,7.1
M,25-49,RS,2015,16.8
M,25-49,SE,2015,5.9
M,25-49,SI,2015,7.5
M,25-49,SK,2015,9.0
M,25-49,TR,2015,7.9
M,25-54,AT,2015,5.5
M,25-54,BE,2015,8.2
M,25-54,BG,2015,9.1
M,25-54,CH,2015,4.1
M,25-54,CY,2015,12.9
M,25-54,CZ,2015,3.7
M,25-54,DE,2015,4.7
M,25-54,DK,2015,5.4
M,25-54,EE,2015,5.5
M,25-54,GR,2015,20.9
M,25-54,ES,2015,18.9
M,25-54,FI,2015,7.9
M,25-54,FR,2015,9.4
M,25-54,HR,2015,13.2
M,25-54,HU,2015,5.6
M,25-54,IE,2015,9.5
M,25-54,IS,2015,2.6
M,25-54,IT,2015,10.4
M,25-54,LT,2015,9.5
M,25-54,LU,2015,5.0
M,25-54,LV,2015,10.4
M,25-54,ME,2015,16.2
M,25-54,MK,2015,24.8
M,25-54,MT,2015,4.1
M,25-54,NL,2015,5.0
M,25-54,NO,2015,4.2
M,25-54,PL,2015,6.2
M,25-54,PT,2015,10.8
M,25-54,RO,2015,6.9
M,25-54,RS,2015,16.0
M,25-54,SE,2015,5.8
M,25-54,SI,2015,7.3
M,25-54,SK,2015,9.1
M,25-54,TR,2015,8.0
M,25-59,AT,2015,5.5
M,25-59,BE,2015,8.0
M,25-59,BG,2015,9.1
M,25-59,CH,2015,4.2
M,25-59,CY,2015,13.3
M,25-59,CZ,2015,3.8
M,25-59,DE,2015,4.7
M,25-59,DK,2015,5.2
M,25-59,EE,2015,5.6
M,25-59,GR,2015,20.7
M,25-59,ES,2015,19.0
M,25-59,FI,2015,8.1
M,25-59,FR,2015,9.2
M,25-59,HR,2015,13.2
M,25-59,HU,2015,5.5
M,25-59,IE,2015,9.4
M,25-59,IS,2015,2.7
M,25-59,IT,2015,9.9
M,25-59,LT,2015,9.7
M,25-59,LU,2015,4.9
M,25-59,LV,2015,10.7
M,25-59,ME,2015,15.9
M,25-59,MK,2015,24.5
M,25-59,MT,2015,4.2
M,25-59,NL,2015,5.3
M,25-59,NO,2015,3.9
M,25-59,PL,2015,6.2
M,25-59,PT,2015,11.2
M,25-59,RO,2015,6.8
M,25-59,RS,2015,15.7
M,25-59,SE,2015,5.8
M,25-59,SI,2015,7.3
M,25-59,SK,2015,9.0
M,25-59,TR,2015,8.0
M,25-64,AT,2015,5.5
M,25-64,BE,2015,7.9
M,25-64,BG,2015,9.1
M,25-64,CH,2015,4.2
M,25-64,CY,2015,13.7
M,25-64,CZ,2015,3.8
M,25-64,DE,2015,4.8
M,25-64,DK,2015,5.1
M,25-64,EE,2015,5.7
M,25-64,GR,2015,20.5
M,25-64,ES,2015,18.9
M,25-64,FI,2015,8.1
M,25-64,FR,2015,9.2
M,25-64,HR,2015,13.0
M,25-64,HU,2015,5.6
M,25-64,IE,2015,9.4
M,25-64,IS,2015,2.7
M,25-64,IT,2015,9.7
M,25-64,LT,2015,9.7
M,25-64,LU,2015,5.0
M,25-64,LV,2015,10.7
M,25-64,ME,2015,15.5
M,25-64,MK,2015,24.4
M,25-64,MT,2015,4.4
M,25-64,NL,2015,5.7
M,25-64,NO,2015,3.7
M,25-64,PL,2015,6.2
M,25-64,PT,2015,11.4
M,25-64,RO,2015,6.6
M,25-64,RS,2015,15.3
M,25-64,SE,2015,5.9
M,25-64,SI,2015,7.4
M,25-64,SK,2015,8.9
M,25-64,TR,2015,8.0
M,25-74,AT,2015,5.4
M,25-74,BE,2015,7.8
M,25-74,BG,2015,9.0
M,25-74,CH,2015,4.1
M,25-74,CY,2015,13.4
M,25-74,CZ,2015,3.7
M,25-74,DE,2015,4.7
M,25-74,DK,2015,4.9
M,25-74,EE,2015,5.6
M,25-74,GR,2015,20.4
M,25-74,ES,2015,18.8
M,25-74,FI,2015,7.9
M,25-74,FR,2015,9.1
M,25-74,HR,2015,12.9
M,25-74,HU,2015,5.6
M,25-74,IE,2015,9.1
M,25-74,IS,2015,2.6
M,25-74,IT,2015,9.5
M,25-74,LT,2015,9.5
M,25-74,LU,2015,5.0
M,25-74,LV,2015,10.4
M,25-74,ME,2015,15.3
M,25-74,MK,2015,24.2
M,25-74,MT,2015,4.3
M,25-74,NL,2015,5.7
M,25-74,NO,2015,3.6
M,25-74,PL,2015,6.1
M,25-74,PT,2015,11.0
M,25-74,RO,2015,6.4
M,25-74,RS,2015,14.9
M,25-74,SE,2015,5.7
M,25-74,SI,2015,7.3
M,25-74,SK,2015,8.9
M,25-74,TR,2015,7.9
M,30-34,AT,2015,5.9
M,30-34,BE,2015,8.8
M,30-34,BG,2015,9.9
M,30-34,CH,2015,3.9
M,30-34,CY,2015,12.6
M,30-34,CZ,2015,4.8
M,30-34,DE,2015,5.7
M,30-34,DK,2015,6.7
M,30-34,EE,2015,5.4
M,30-34,GR,2015,25.4
M,30-34,ES,2015,20.3
M,30-34,FI,2015,7.3
M,30-34,FR,2015,10.8
M,30-34,HR,2015,17.4
M,30-34,HU,2015,5.7
M,30-34,IE,2015,9.5
M,30-34,IT,2015,12.7
M,30-34,LT,2015,6.0
M,30-34,LU,2015,3.8
M,30-34,LV,2015,7.7
M,30-34,ME,2015,18.5
M,30-34,MK,2015,25.7
M,30-34,MT,2015,5.0
M,30-34,NL,2015,4.7
M,30-34,NO,2015,5.5
M,30-34,PL,2015,5.7
M,30-34,PT,2015,10.5
M,30-34,RO,2015,6.9
M,30-34,RS,2015,19.4
M,30-34,SE,2015,6.3
M,30-34,SI,2015,8.4
M,30-34,SK,2015,9.3
M,30-34,TR,2015,7.3
M,30-54,AT,2015,5.1
M,30-54,BE,2015,7.4
M,30-54,BG,2015,8.7
M,30-54,CH,2015,3.9
M,30-54,CY,2015,11.6
M,30-54,CZ,2015,3.3
M,30-54,DE,2015,4.4
M,30-54,DK,2015,4.8
M,30-54,EE,2015,5.5
M,30-54,GR,2015,18.9
M,30-54,ES,2015,17.6
M,30-54,FI,2015,7.3
M,30-54,FR,2015,8.6
M,30-54,HR,2015,12.3
M,30-54,HU,2015,5.2
M,30-54,IE,2015,8.7
M,30-54,IS,2015,2.5
M,30-54,IT,2015,9.1
M,30-54,LT,2015,9.5
M,30-54,LU,2015,4.7
M,30-54,LV,2015,10.3
M,30-54,ME,2015,14.6
M,30-54,MK,2015,21.5
M,30-54,MT,2015,3.8
M,30-54,NL,2015,4.7
M,30-54,NO,2015,3.7
M,30-54,PL,2015,5.4
M,30-54,PT,2015,10.1
M,30-54,RO,2015,6.0
M,30-54,RS,2015,14.2
M,30-54,SE,2015,5.2
M,30-54,SI,2015,6.4
M,30-54,SK,2015,8.6
M,30-54,TR,2015,7.3
M,30-64,AT,2015,5.2
M,30-64,BE,2015,7.2
M,30-64,BG,2015,8.8
M,30-64,CH,2015,4.0
M,30-64,CY,2015,12.7
M,30-64,CZ,2015,3.4
M,30-64,DE,2015,4.6
M,30-64,DK,2015,4.7
M,30-64,EE,2015,5.8
M,30-64,GR,2015,18.8
M,30-64,ES,2015,17.8
M,30-64,FI,2015,7.7
M,30-64,FR,2015,8.5
M,30-64,HR,2015,12.3
M,30-64,HU,2015,5.3
M,30-64,IE,2015,8.7
M,30-64,IS,2015,2.6
M,30-64,IT,2015,8.5
M,30-64,LT,2015,9.7
M,30-64,LU,2015,4.8
M,30-64,LV,2015,10.6
M,30-64,ME,2015,14.1
M,30-64,MK,2015,21.7
M,30-64,MT,2015,4.2
M,30-64,NL,2015,5.6
M,30-64,NO,2015,3.3
M,30-64,PL,2015,5.5
M,30-64,PT,2015,10.9
M,30-64,RO,2015,5.8
M,30-64,RS,2015,13.8
M,30-64,SE,2015,5.4
M,30-64,SI,2015,6.7
M,30-64,SK,2015,8.6
M,30-64,TR,2015,7.4
M,30-74,AT,2015,5.1
M,30-74,BE,2015,7.1
M,30-74,BG,2015,8.7
M,30-74,CH,2015,3.9
M,30-74,CY,2015,12.4
M,30-74,CZ,2015,3.4
M,30-74,DE,2015,4.4
M,30-74,DK,2015,4.5
M,30-74,EE,2015,5.7
M,30-74,GR,2015,18.7
M,30-74,ES,2015,17.7
M,30-74,FI,2015,7.4
M,30-74,FR,2015,8.4
M,30-74,HR,2015,12.1
M,30-74,HU,2015,5.3
M,30-74,IE,2015,8.4
M,30-74,IS,2015,2.5
M,30-74,IT,2015,8.4
M,30-74,LT,2015,9.5
M,30-74,LU,2015,4.8
M,30-74,LV,2015,10.2
M,30-74,ME,2015,13.8
M,30-74,MK,2015,21.5
M,30-74,MT,2015,4.2
M,30-74,NL,2015,5.6
M,30-74,NO,2015,3.2
M,30-74,PL,2015,5.4
M,30-74,PT,2015,10.5
M,30-74,RO,2015,5.6
M,30-74,RS,2015,13.4
M,30-74,SE,2015,5.2
M,30-74,SI,2015,6.6
M,30-74,SK,2015,8.5
M,30-74,TR,2015,7.3
M,35-39,AT,2015,5.8
M,35-39,BE,2015,8.1
M,35-39,BG,2015,8.4
M,35-39,CH,2015,4.0
M,35-39,CY,2015,10.7
M,35-39,CZ,2015,3.1
M,35-39,DE,2015,4.8
M,35-39,DK,2015,3.9
M,35-39,EE,2015,6.4
M,35-39,GR,2015,18.5
M,35-39,ES,2015,17.1
M,35-39,FI,2015,6.4
M,35-39,FR,2015,9.1
M,35-39,HR,2015,10.6
M,35-39,HU,2015,4.7
M,35-39,IE,2015,7.6
M,35-39,IT,2015,9.5
M,35-39,LT,2015,10.8
M,35-39,LU,2015,3.7
M,35-39,LV,2015,9.4
M,35-39,ME,2015,15.0
M,35-39,MK,2015,23.1
M,35-39,MT,2015,3.1
M,35-39,NL,2015,4.2
M,35-39,NO,2015,4.9
M,35-39,PL,2015,5.0
M,35-39,PT,2015,9.6
M,35-39,RO,2015,5.9
M,35-39,RS,2015,15.1
M,35-39,SE,2015,5.2
M,35-39,SI,2015,5.3
M,35-39,SK,2015,7.9
M,35-39,TR,2015,6.9
M,40-44,AT,2015,4.5
M,40-44,BE,2015,7.3
M,40-44,BG,2015,8.1
M,40-44,CH,2015,3.7
M,40-44,CY,2015,9.9
M,40-44,CZ,2015,2.3
M,40-44,DE,2015,3.9
M,40-44,DK,2015,4.7
M,40-44,EE,2015,5.7
M,40-44,GR,2015,17.2
M,40-44,ES,2015,15.7
M,40-44,FI,2015,7.5
M,40-44,FR,2015,7.6
M,40-44,HR,2015,10.6
M,40-44,HU,2015,4.5
M,40-44,IE,2015,9.3
M,40-44,IT,2015,8.4
M,40-44,LT,2015,10.3
M,40-44,LU,2015,5.7
M,40-44,LV,2015,11.0
M,40-44,ME,2015,13.9
M,40-44,MK,2015,19.4
M,40-44,MT,2015,4.2
M,40-44,NL,2015,4.6
M,40-44,NO,2015,2.6
M,40-44,PL,2015,5.2
M,40-44,PT,2015,9.7
M,40-44,RO,2015,5.8
M,40-44,RS,2015,12.5
M,40-44,SE,2015,4.8
M,40-44,SI,2015,5.6
M,40-44,SK,2015,8.1
M,40-44,TR,2015,7.4
M,40-59,AT,2015,5.0
M,40-59,BE,2015,6.7
M,40-59,BG,2015,8.5
M,40-59,CH,2015,4.1
M,40-59,CY,2015,12.5
M,40-59,CZ,2015,3.2
M,40-59,DE,2015,4.1
M,40-59,DK,2015,4.5
M,40-59,EE,2015,5.5
M,40-59,GR,2015,17.3
M,40-59,ES,2015,17.5
M,40-59,FI,2015,8.0
M,40-59,FR,2015,7.7
M,40-59,HR,2015,11.3
M,40-59,HU,2015,5.2
M,40-59,IE,2015,8.8
M,40-59,IS,2015,2.4
M,40-59,IT,2015,7.8
M,40-59,LT,2015,10.6
M,40-59,LU,2015,5.2
M,40-59,LV,2015,11.8
M,40-59,ME,2015,13.0
M,40-59,MK,2015,19.9
M,40-59,MT,2015,4.0
M,40-59,NL,2015,5.3
M,40-59,NO,2015,2.6
M,40-59,PL,2015,5.6
M,40-59,PT,2015,11.0
M,40-59,RO,2015,5.7
M,40-59,RS,2015,12.3
M,40-59,SE,2015,5.0
M,40-59,SI,2015,6.3
M,40-59,SK,2015,8.7
M,40-59,TR,2015,7.7
M,40-64,AT,2015,5.0
M,40-64,BE,2015,6.6
M,40-64,BG,2015,8.7
M,40-64,CH,2015,4.1
M,40-64,CY,2015,13.3
M,40-64,CZ,2015,3.2
M,40-64,DE,2015,4.3
M,40-64,DK,2015,4.4
M,40-64,EE,2015,5.7
M,40-64,GR,2015,17.3
M,40-64,ES,2015,17.4
M,40-64,FI,2015,8.1
M,40-64,FR,2015,7.8
M,40-64,HR,2015,11.3
M,40-64,HU,2015,5.4
M,40-64,IE,2015,8.8
M,40-64,IS,2015,2.5
M,40-64,IT,2015,7.6
M,40-64,LT,2015,10.4
M,40-64,LU,2015,5.3
M,40-64,LV,2015,11.6
M,40-64,ME,2015,12.6
M,40-64,MK,2015,20.3
M,40-64,MT,2015,4.3
M,40-64,NL,2015,6.0
M,40-64,NO,2015,2.4
M,40-64,PL,2015,5.6
M,40-64,PT,2015,11.3
M,40-64,RO,2015,5.5
M,40-64,RS,2015,12.1
M,40-64,SE,2015,5.2
M,40-64,SI,2015,6.5
M,40-64,SK,2015,8.5
M,40-64,TR,2015,7.6
M,45-49,AT,2015,4.7
M,45-49,BE,2015,6.0
M,45-49,BG,2015,8.4
M,45-49,CH,2015,4.3
M,45-49,CY,2015,12.0
M,45-49,CZ,2015,2.9
M,45-49,DE,2015,3.7
M,45-49,DK,2015,4.4
M,45-49,EE,2015,3.8
M,45-49,GR,2015,16.6
M,45-49,ES,2015,17.6
M,45-49,FI,2015,7.5
M,45-49,FR,2015,8.1
M,45-49,HR,2015,10.6
M,45-49,HU,2015,5.3
M,45-49,IE,2015,8.8
M,45-49,IT,2015,8.1
M,45-49,LT,2015,11.3
M,45-49,LU,2015,6.1
M,45-49,LV,2015,11.5
M,45-49,ME,2015,11.6
M,45-49,MK,2015,17.8
M,45-49,MT,2015,3.0
M,45-49,NL,2015,4.4
M,45-49,NO,2015,2.9
M,45-49,PL,2015,5.1
M,45-49,PT,2015,10.4
M,45-49,RO,2015,6.2
M,45-49,RS,2015,11.4
M,45-49,SE,2015,4.6
M,45-49,SI,2015,6.1
M,45-49,SK,2015,8.7
M,45-49,TR,2015,6.8
M,50-54,AT,2015,5.0
M,50-54,BE,2015,6.7
M,50-54,BG,2015,8.6
M,50-54,CH,2015,3.7
M,50-54,CY,2015,12.4
M,50-54,CZ,2015,3.6
M,50-54,DE,2015,4.0
M,50-54,DK,2015,4.7
M,50-54,EE,2015,5.9
M,50-54,GR,2015,17.4
M,50-54,ES,2015,18.0
M,50-54,FI,2015,7.6
M,50-54,FR,2015,7.5
M,50-54,HR,2015,11.6
M,50-54,HU,2015,6.0
M,50-54,IE,2015,8.1
M,50-54,IT,2015,7.5
M,50-54,LT,2015,9.5
M,50-54,LU,2015,4.1
M,50-54,LV,2015,12.2
M,50-54,ME,2015,13.6
M,50-54,MK,2015,20.7
M,50-54,MT,2015,3.4
M,50-54,NL,2015,5.3
M,50-54,NO,2015,2.8
M,50-54,PL,2015,6.1
M,50-54,PT,2015,10.6
M,50-54,RO,2015,5.3
M,50-54,RS,2015,11.8
M,50-54,SE,2015,5.1
M,50-54,SI,2015,6.3
M,50-54,SK,2015,9.3
M,50-54,TR,2015,8.9
M,50-59,AT,2015,5.5
M,50-59,BE,2015,6.8
M,50-59,BG,2015,8.8
M,50-59,CH,2015,4.2
M,50-59,CY,2015,14.2
M,50-59,CZ,2015,4.0
M,50-59,DE,2015,4.4
M,50-59,DK,2015,4.4
M,50-59,EE,2015,6.2
M,50-59,GR,2015,17.9
M,50-59,ES,2015,18.8
M,50-59,FI,2015,8.5
M,50-59,FR,2015,7.6
M,50-59,HR,2015,12.2
M,50-59,HU,2015,5.6
M,50-59,IE,2015,8.5
M,50-59,IS,2015,2.9
M,50-59,IT,2015,7.2
M,50-59,LT,2015,10.4
M,50-59,LU,2015,4.3
M,50-59,LV,2015,12.4
M,50-59,ME,2015,13.2
M,50-59,MK,2015,21.5
M,50-59,MT,2015,4.3
M,50-59,NL,2015,6.1
M,50-59,NO,2015,2.4
M,50-59,PL,2015,6.0
M,50-59,PT,2015,12.2
M,50-59,RO,2015,5.4
M,50-59,RS,2015,12.7
M,50-59,SE,2015,5.3
M,50-59,SI,2015,6.9
M,50-59,SK,2015,9.1
M,50-59,TR,2015,8.7
M,50-64,AT,2015,5.3
M,50-64,BE,2015,6.5
M,50-64,BG,2015,9.1
M,50-64,CH,2015,4.1
M,50-64,CY,2015,15.3
M,50-64,CZ,2015,3.8
M,50-64,DE,2015,4.7
M,50-64,DK,2015,4.3
M,50-64,EE,2015,6.5
M,50-64,GR,2015,17.8
M,50-64,ES,2015,18.3
M,50-64,FI,2015,8.5
M,50-64,FR,2015,7.7
M,50-64,HR,2015,11.9
M,50-64,HU,2015,6.0
M,50-64,IE,2015,8.5
M,50-64,IS,2015,2.9
M,50-64,IT,2015,6.9
M,50-64,LT,2015,10.1
M,50-64,LU,2015,4.7
M,50-64,LV,2015,11.9
M,50-64,ME,2015,12.5
M,50-64,MK,2015,21.8
M,50-64,MT,2015,4.9
M,50-64,NL,2015,7.2
M,50-64,NO,2015,2.2
M,50-64,PL,2015,6.0
M,50-64,PT,2015,12.5
M,50-64,RO,2015,5.0
M,50-64,RS,2015,12.2
M,50-64,SE,2015,5.7
M,50-64,SI,2015,7.3
M,50-64,SK,2015,8.7
M,50-64,TR,2015,8.4
M,50-74,AT,2015,5.0
M,50-74,BE,2015,6.3
M,50-74,BG,2015,8.8
M,50-74,CH,2015,3.9
M,50-74,CY,2015,14.3
M,50-74,CZ,2015,3.7
M,50-74,DE,2015,4.4
M,50-74,DK,2015,3.9
M,50-74,EE,2015,6.1
M,50-74,GR,2015,17.6
M,50-74,ES,2015,18.0
M,50-74,FI,2015,7.8
M,50-74,FR,2015,7.5
M,50-74,HR,2015,11.5
M,50-74,HU,2015,5.9
M,50-74,IE,2015,7.7
M,50-74,IS,2015,2.5
M,50-74,IT,2015,6.6
M,50-74,LT,2015,9.6
M,50-74,LU,2015,4.6
M,50-74,LV,2015,10.9
M,50-74,ME,2015,11.9
M,50-74,MK,2015,21.1
M,50-74,MT,2015,4.7
M,50-74,NL,2015,7.1
M,50-74,NO,2015,2.0
M,50-74,PL,2015,5.7
M,50-74,PT,2015,11.3
M,50-74,RO,2015,4.5
M,50-74,RS,2015,11.2
M,50-74,SE,2015,5.2
M,50-74,SI,2015,6.9
M,50-74,SK,2015,8.5
M,50-74,TR,2015,7.8
M,55-59,AT,2015,6.1
M,55-59,BE,2015,7.0
M,55-59,BG,2015,9.1
M,55-59,CH,2015,4.8
M,55-59,CY,2015,16.3
M,55-59,CZ,2015,4.5
M,55-59,DE,2015,4.9
M,55-59,DK,2015,4.1
M,55-59,EE,2015,6.6
M,55-59,GR,2015,18.7
M,55-59,ES,2015,19.7
M,55-59,FI,2015,9.6
M,55-59,FR,2015,7.7
M,55-59,HR,2015,12.8
M,55-59,HU,2015,5.1
M,55-59,IE,2015,9.0
M,55-59,IT,2015,6.7
M,55-59,LT,2015,11.4
M,55-59,LU,2015,4.8
M,55-59,LV,2015,12.5
M,55-59,ME,2015,12.6
M,55-59,MK,2015,22.3
M,55-59,MT,2015,5.2
M,55-59,NL,2015,7.1
M,55-59,NO,2015,2.0
M,55-59,PL,2015,6.0
M,55-59,PT,2015,14.1
M,55-59,RO,2015,5.5
M,55-59,RS,2015,13.6
M,55-59,SE,2015,5.6
M,55-59,SI,2015,7.6
M,55-59,SK,2015,8.9
M,55-59,TR,2015,8.3
M,55-64,AT,2015,5.7
M,55-64,BE,2015,6.3
M,55-64,BG,2015,9.4
M,55-64,CH,2015,4.4
M,55-64,CY,2015,17.4
M,55-64,CZ,2015,4.0
M,55-64,DE,2015,5.2
M,55-64,DK,2015,4.0
M,55-64,EE,2015,6.9
M,55-64,GR,2015,18.1
M,55-64,ES,2015,18.5
M,55-64,FI,2015,9.2
M,55-64,FR,2015,7.9
M,55-64,HR,2015,12.2
M,55-64,HU,2015,6.0
M,55-64,IE,2015,8.7
M,55-64,IS,2015,3.1
M,55-64,IT,2015,6.4
M,55-64,LT,2015,10.6
M,55-64,LU,2015,5.4
M,55-64,LV,2015,11.6
M,55-64,ME,2015,11.5
M,55-64,MK,2015,22.6
M,55-64,MT,2015,6.0
M,55-64,NL,2015,8.4
M,55-64,NO,2015,1.7
M,55-64,PL,2015,5.9
M,55-64,PT,2015,13.9
M,55-64,RO,2015,4.8
M,55-64,RS,2015,12.5
M,55-64,SE,2015,6.1
M,55-64,SI,2015,8.1
M,55-64,SK,2015,8.2
M,55-64,TR,2015,7.9
M,60-64,AT,2015,4.4
M,60-64,BE,2015,4.6
M,60-64,BG,2015,9.8
M,60-64,CH,2015,3.8
M,60-64,CY,2015,19.2
M,60-64,CZ,2015,3.3
M,60-64,DE,2015,5.7
M,60-64,DK,2015,3.8
M,60-64,EE,2015,7.2
M,60-64,GR,2015,16.9
M,60-64,ES,2015,16.2
M,60-64,FI,2015,8.4
M,60-64,FR,2015,8.6
M,60-64,HR,2015,11.1
M,60-64,HU,2015,7.6
M,60-64,IE,2015,8.2
M,60-64,IT,2015,5.8
M,60-64,LT,2015,9.0
M,60-64,LV,2015,10.1
M,60-64,MK,2015,23.0
M,60-64,MT,2015,7.8
M,60-64,NL,2015,10.3
M,60-64,NO,2015,1.4
M,60-64,PL,2015,5.8
M,60-64,PT,2015,13.5
M,60-64,RO,2015,3.4
M,60-64,RS,2015,10.7
M,60-64,SE,2015,6.6
M,60-64,SI,2015,9.9
M,60-64,SK,2015,6.5
M,60-64,TR,2015,7.3
M,65-69,CH,2015,2.1
M,65-69,CZ,2015,1.2
M,65-69,GR,2015,15.6
M,65-69,ES,2015,4.8
M,65-69,FR,2015,3.1
M,65-69,IT,2015,2.3
M,65-69,NL,2015,5.8
M,65-69,NO,2015,1.3
M,65-69,SE,2015,2.4
M,65-69,TR,2015,4.0
M,65-74,CH,2015,1.8
M,65-74,CZ,2015,1.2
M,65-74,DE,2015,1.0
M,65-74,GR,2015,14.2
M,65-74,ES,2015,4.5
M,65-74,FR,2015,3.0
M,65-74,IT,2015,1.8
M,65-74,NL,2015,6.0
M,65-74,NO,2015,1.1
M,65-74,SE,2015,2.2
M,65-74,TR,2015,3.6
M,70-74,FR,2015,2.3
M,70-74,NL,2015,6.4
M,70-74,TR,2015,2.6
F,15-19,AT,2016,14.6
F,15-19,BE,2016,26.8
F,15-19,CH,2016,9.0
F,15-19,CY,2016,49.5
F,15-19,CZ,2016,26.8
F,15-19,DE,2016,7.8
F,15-19,DK,2016,13.9
F,15-19,GR,2016,58.0
F,15-19,ES,2016,61.6
F,15-19,FI,2016,29.5
F,15-19,FR,2016,33.8
F,15-19,HR,2016,59.3
F,15-19,HU,2016,25.5
F,15-19,IE,2016,20.2
F,15-19,IS,2016,8.4
F,15-19,IT,2016,59.3
F,15-19,LU,2016,31.6
F,15-19,ME,2016,51.6
F,15-19,MK,2016,58.1
F,15-19,MT,2016,22.3
F,15-19,NL,2016,13.2
F,15-19,NO,2016,14.0
F,15-19,PL,2016,31.2
F,15-19,PT,2016,41.8
F,15-19,RO,2016,35.0
F,15-19,RS,2016,46.3
F,15-19,SE,2016,29.9
F,15-19,SI,2016,13.9
F,15-19,SK,2016,46.8
F,15-19,TR,2016,17.1
F,15-24,AT,2016,10.2
F,15-24,BE,2016,18.2
F,15-24,BG,2016,16.9
F,15-24,CH,2016,8.4
F,15-24,CY,2016,31.8
F,15-24,CZ,2016,11.4
F,15-24,DE,2016,6.1
F,15-24,DK,2016,10.8
F,15-24,EE,2016,10.7
F,15-24,GR,2016,50.7
F,15-24,ES,2016,44.9
F,15-24,FI,2016,18.6
F,15-24,FR,2016,24.0
F,15-24,HR,2016,31.0
F,15-24,HU,2016,12.9
F,15-24,IE,2016,13.6
F,15-24,IS,2016,6.4
F,15-24,IT,2016,39.6
F,15-24,LT,2016,12.6
F,15-24,LU,2016,18.0
F,15-24,LV,2016,12.1
F,15-24,ME,2016,34.6
F,15-24,MK,2016,48.8
F,15-24,MT,2016,11.4
F,15-24,NL,2016,10.3
F,15-24,NO,2016,9.3
F,15-24,PL,2016,18.0
F,15-24,PT,2016,28.6
F,15-24,RO,2016,21.8
F,15-24,RS,2016,39.5
F,15-24,SE,2016,17.3
F,15-24,SI,2016,14.7
F,15-24,SK,2016,26.3
F,15-24,TR,2016,23.5
F,15-29,AT,2016,7.8
F,15-29,BE,2016,13.2
F,15-29,BG,2016,10.8
F,15-29,CH,2016,7.2
F,15-29,CY,2016,22.8
F,15-29,CZ,2016,8.9
F,15-29,DE,2016,5.3
F,15-29,DK,2016,10.9
F,15-29,EE,2016,8.8
F,15-29,GR,2016,43.9
F,15-29,ES,2016,33.8
F,15-29,FI,2016,14.8
F,15-29,FR,2016,18.0
F,15-29,HR,2016,25.2
F,15-29,HU,2016,9.2
F,15-29,IE,2016,11.5
F,15-29,IS,2016,5.5
F,15-29,IT,2016,30.6
F,15-29,LT,2016,9.0
F,15-29,LU,2016,10.9
F,15-29,LV,2016,11.6
F,15-29,ME,2016,27.4
F,15-29,MK,2016,39.7
F,15-29,MT,2016,7.0
F,15-29,NL,2016,8.3
F,15-29,NO,2016,7.4
F,15-29,PL,2016,11.9
F,15-29,PT,2016,21.2
F,15-29,RO,2016,12.6
F,15-29,RS,2016,32.8
F,15-29,SE,2016,12.6
F,15-29,SI,2016,16.1
F,15-29,SK,2016,17.9
F,15-29,TR,2016,21.5
F,15-39,AT,2016,7.2
F,15-39,BE,2016,10.1
F,15-39,BG,2016,8.0
F,15-39,CH,2016,6.1
F,15-39,CY,2016,17.1
F,15-39,CZ,2016,6.3
F,15-39,DE,2016,4.7
F,15-39,DK,2016,9.5
F,15-39,EE,2016,7.8
F,15-39,GR,2016,35.0
F,15-39,ES,2016,25.0
F,15-39,FI,2016,11.4
F,15-39,FR,2016,13.7
F,15-39,HR,2016,17.8
F,15-39,HU,2016,6.7
F,15-39,IE,2016,8.9
F,15-39,IS,2016,5.0
F,15-39,IT,2016,20.3
F,15-39,LT,2016,6.5
F,15-39,LU,2016,8.3
F,15-39,LV,2016,10.0
F,15-39,ME,2016,22.9
F,15-39,MK,2016,28.9
F,15-39,MT,2016,5.5
F,15-39,NL,2016,7.0
F,15-39,NO,2016,6.1
F,15-39,PL,2016,8.1
F,15-39,PT,2016,14.4
F,15-39,RO,2016,7.3
F,15-39,RS,2016,23.4
F,15-39,SE,2016,9.4
F,15-39,SI,2016,12.1
F,15-39,SK,2016,13.7
F,15-39,TR,2016,17.5
F,15-59,AT,2016,5.7
F,15-59,BE,2016,7.7
F,15-59,BG,2016,7.1
F,15-59,CH,2016,5.3
F,15-59,CY,2016,13.7
F,15-59,CZ,2016,4.9
F,15-59,DE,2016,3.8
F,15-59,DK,2016,6.7
F,15-59,EE,2016,6.5
F,15-59,GR,2016,28.8
F,15-59,ES,2016,21.8
F,15-59,FI,2016,8.9
F,15-59,FR,2016,10.1
F,15-59,HR,2016,14.2
F,15-59,HU,2016,5.1
F,15-59,IE,2016,7.8
F,15-59,IS,2016,3.3
F,15-59,IT,2016,13.4
F,15-59,LT,2016,7.0
F,15-59,LU,2016,6.7
F,15-59,LV,2016,9.0
F,15-59,ME,2016,18.0
F,15-59,MK,2016,23.4
F,15-59,MT,2016,5.3
F,15-59,NL,2016,6.4
F,15-59,NO,2016,4.2
F,15-59,PL,2016,6.5
F,15-59,PT,2016,11.6
F,15-59,RO,2016,5.4
F,15-59,RS,2016,17.3
F,15-59,SE,2016,6.9
F,15-59,SI,2016,8.7
F,15-59,SK,2016,11.0
F,15-59,TR,2016,14.2
F,15-64,AT,2016,5.6
F,15-64,BE,2016,7.6
F,15-64,BG,2016,7.0
F,15-64,CH,2016,5.1
F,15-64,CY,2016,13.5
F,15-64,CZ,2016,4.8
F,15-64,DE,2016,3.8
F,15-64,DK,2016,6.5
F,15-64,EE,2016,6.4
F,15-64,GR,2016,28.3
F,15-64,ES,2016,21.5
F,15-64,FI,2016,8.7
F,15-64,FR,2016,9.9
F,15-64,HR,2016,13.9
F,15-64,HU,2016,5.1
F,15-64,IE,2016,7.7
F,15-64,IS,2016,3.2
F,15-64,IT,2016,12.9
F,15-64,LT,2016,6.8
F,15-64,LU,2016,6.6
F,15-64,LV,2016,8.6
F,15-64,ME,2016,17.4
F,15-64,MK,2016,22.9
F,15-64,MT,2016,5.2
F,15-64,NL,2016,6.5
F,15-64,NO,2016,4.0
F,15-64,PL,2016,6.3
F,15-64,PT,2016,11.4
F,15-64,RO,2016,5.2
F,15-64,RS,2016,16.7
F,15-64,SE,2016,6.7
F,15-64,SI,2016,8.7
F,15-64,SK,2016,10.8
F,15-64,TR,2016,13.9
F,15-74,AT,2016,5.6
F,15-74,BE,2016,7.6
F,15-74,BG,2016,7.0
F,15-74,CH,2016,5.0
F,15-74,CY,2016,13.4
F,15-74,CZ,2016,4.7
F,15-74,DE,2016,3.8
F,15-74,DK,2016,6.4
F,15-74,EE,2016,6.2
F,15-74,GR,2016,28.1
F,15-74,ES,2016,21.4
F,15-74,FI,2016,8.6
F,15-74,FR,2016,9.9
F,15-74,HR,2016,13.7
F,15-74,HU,2016,5.1
F,15-74,IE,2016,7.6
F,15-74,IS,2016,3.0
F,15-74,IT,2016,12.8
F,15-74,LT,2016,6.7
F,15-74,LU,2016,6.6
F,15-74,LV,2016,8.4
F,15-74,ME,2016,17.1
F,15-74,MK,2016,22.8
F,15-74,MT,2016,5.2
F,15-74,NL,2016,6.5
F,15-74,NO,2016,3.9
F,15-74,PL,2016,6.2
F,15-74,PT,2016,11.2
F,15-74,RO,2016,5.0
F,15-74,RS,2016,16.2
F,15-74,SE,2016,6.6
F,15-74,SI,2016,8.6
F,15-74,SK,2016,10.8
F,15-74,TR,2016,13.7
F,20-24,AT,2016,8.6
F,20-24,BE,2016,17.0
F,20-24,BG,2016,15.9
F,20-24,CH,2016,8.1
F,20-24,CY,2016,29.8
F,20-24,CZ,2016,9.7
F,20-24,DE,2016,5.5
F,20-24,DK,2016,8.9
F,20-24,EE,2016,9.3
F,20-24,GR,2016,49.8
F,20-24,ES,2016,42.0
F,20-24,FI,2016,13.2
F,20-24,FR,2016,21.9
F,20-24,HR,2016,25.0
F,20-24,HU,2016,11.7
F,20-24,IE,2016,11.1
F,20-24,IT,2016,37.1
F,20-24,LT,2016,12.7
F,20-24,LU,2016,15.0
F,20-24,LV,2016,12.4
F,20-24,ME,2016,30.7
F,20-24,MK,2016,47.3
F,20-24,MT,2016,8.3
F,20-24,NL,2016,7.9
F,20-24,NO,2016,6.6
F,20-24,PL,2016,16.7
F,20-24,PT,2016,26.4
F,20-24,RO,2016,18.6
F,20-24,RS,2016,38.1
F,20-24,SE,2016,11.8
F,20-24,SI,2016,14.8
F,20-24,SK,2016,24.0
F,20-24,TR,2016,26.6
F,20-29,AT,2016,6.7
F,20-29,BE,2016,12.6
F,20-29,BG,2016,10.3
F,20-29,CH,2016,6.7
F,20-29,CY,2016,21.7
F,20-29,CZ,2016,8.2
F,20-29,DE,2016,4.9
F,20-29,DK,2016,9.9
F,20-29,EE,2016,8.1
F,20-29,GR,2016,43.3
F,20-29,ES,2016,32.0
F,20-29,FI,2016,11.5
F,20-29,FR,2016,16.6
F,20-29,HR,2016,22.4
F,20-29,HU,2016,8.7
F,20-29,IE,2016,10.1
F,20-29,IS,2016,4.4
F,20-29,IT,2016,29.2
F,20-29,LT,2016,8.9
F,20-29,LU,2016,9.3
F,20-29,LV,2016,11.7
F,20-29,ME,2016,25.3
F,20-29,MK,2016,38.6
F,20-29,MT,2016,5.2
F,20-29,NL,2016,6.5
F,20-29,NO,2016,5.8
F,20-29,PL,2016,11.2
F,20-29,PT,2016,19.9
F,20-29,RO,2016,11.0
F,20-29,RS,2016,32.0
F,20-29,SE,2016,9.3
F,20-29,SI,2016,16.2
F,20-29,SK,2016,16.8
F,20-29,TR,2016,22.4
F,20-64,AT,2016,5.3
F,20-64,BE,2016,7.4
F,20-64,BG,2016,7.0
F,20-64,CH,2016,4.9
F,20-64,CY,2016,13.1
F,20-64,CZ,2016,4.6
F,20-64,DE,2016,3.7
F,20-64,DK,2016,6.0
F,20-64,EE,2016,6.3
F,20-64,GR,2016,28.1
F,20-64,ES,2016,21.1
F,20-64,FI,2016,7.8
F,20-64,FR,2016,9.5
F,20-64,HR,2016,13.2
F,20-64,HU,2016,5.0
F,20-64,IE,2016,7.3
F,20-64,IS,2016,2.7
F,20-64,IT,2016,12.6
F,20-64,LT,2016,6.8
F,20-64,LU,2016,6.3
F,20-64,LV,2016,8.6
F,20-64,ME,2016,16.7
F,20-64,MK,2016,22.5
F,20-64,MT,2016,4.6
F,20-64,NL,2016,6.0
F,20-64,NO,2016,3.5
F,20-64,PL,2016,6.1
F,20-64,PT,2016,11.1
F,20-64,RO,2016,4.8
F,20-64,RS,2016,16.4
F,20-64,SE,2016,5.8
F,20-64,SI,2016,8.6
F,20-64,SK,2016,10.6
F,20-64,TR,2016,13.7
F,25-29,AT,2016,5.2
F,25-29,BE,2016,10.4
F,25-29,BG,2016,8.0
F,25-29,CH,2016,5.6
F,25-29,CY,2016,17.2
F,25-29,CZ,2016,7.4
F,25-29,DE,2016,4.5
F,25-29,DK,2016,11.0
F,25-29,EE,2016,7.3
F,25-29,GR,2016,40.2
F,25-29,ES,2016,26.5
F,25-29,FI,2016,9.9
F,25-29,FR,2016,13.1
F,25-29,HR,2016,20.8
F,25-29,HU,2016,6.7
F,25-29,IE,2016,9.2
F,25-29,IT,2016,24.5
F,25-29,LT,2016,6.2
F,25-29,LU,2016,6.7
F,25-29,LV,2016,11.3
F,25-29,ME,2016,22.1
F,25-29,MK,2016,34.1
F,25-29,MT,2016,3.2
F,25-29,NL,2016,5.4
F,25-29,NO,2016,5.2
F,25-29,PL,2016,8.3
F,25-29,PT,2016,15.9
F,25-29,RO,2016,7.9
F,25-29,RS,2016,29.1
F,25-29,SE,2016,7.3
F,25-29,SI,2016,17.0
F,25-29,SK,2016,13.4
F,25-29,TR,2016,18.9
F,25-49,AT,2016,5.4
F,25-49,BE,2016,7.2
F,25-49,BG,2016,6.4
F,25-49,CH,2016,5.1
F,25-49,CY,2016,12.3
F,25-49,CZ,2016,4.6
F,25-49,DE,2016,3.7
F,25-49,DK,2016,6.5
F,25-49,EE,2016,5.7
F,25-49,GR,2016,29.0
F,25-49,ES,2016,20.5
F,25-49,FI,2016,7.4
F,25-49,FR,2016,9.4
F,25-49,HR,2016,13.2
F,25-49,HU,2016,4.6
F,25-49,IE,2016,7.3
F,25-49,IS,2016,3.2
F,25-49,IT,2016,13.6
F,25-49,LT,2016,5.9
F,25-49,LU,2016,6.1
F,25-49,LV,2016,8.7
F,25-49,ME,2016,18.1
F,25-49,MK,2016,22.3
F,25-49,MT,2016,4.0
F,25-49,NL,2016,5.4
F,25-49,NO,2016,4.0
F,25-49,PL,2016,5.8
F,25-49,PT,2016,10.6
F,25-49,RO,2016,4.4
F,25-49,RS,2016,17.6
F,25-49,SE,2016,5.6
F,25-49,SI,2016,9.2
F,25-49,SK,2016,10.1
F,25-49,TR,2016,13.1
F,25-54,AT,2016,5.1
F,25-54,BE,2016,6.9
F,25-54,BG,2016,6.6
F,25-54,CH,2016,4.9
F,25-54,CY,2016,12.0
F,25-54,CZ,2016,4.5
F,25-54,DE,2016,3.5
F,25-54,DK,2016,6.1
F,25-54,EE,2016,5.7
F,25-54,GR,2016,28.1
F,25-54,ES,2016,20.3
F,25-54,FI,2016,7.4
F,25-54,FR,2016,9.0
F,25-54,HR,2016,13.0
F,25-54,HU,2016,4.5
F,25-54,IE,2016,7.0
F,25-54,IS,2016,2.8
F,25-54,IT,2016,12.5
F,25-54,LT,2016,6.4
F,25-54,LU,2016,5.8
F,25-54,LV,2016,8.7
F,25-54,ME,2016,16.6
F,25-54,MK,2016,21.4
F,25-54,MT,2016,4.2
F,25-54,NL,2016,5.4
F,25-54,NO,2016,3.6
F,25-54,PL,2016,5.7
F,25-54,PT,2016,10.3
F,25-54,RO,2016,4.4
F,25-54,RS,2016,16.5
F,25-54,SE,2016,5.3
F,25-54,SI,2016,8.7
F,25-54,SK,2016,9.8
F,25-54,TR,2016,12.5
F,25-59,AT,2016,5.1
F,25-59,BE,2016,6.8
F,25-59,BG,2016,6.6
F,25-59,CH,2016,4.8
F,25-59,CY,2016,11.7
F,25-59,CZ,2016,4.4
F,25-59,DE,2016,3.5
F,25-59,DK,2016,5.8
F,25-59,EE,2016,6.1
F,25-59,GR,2016,27.4
F,25-59,ES,2016,20.1
F,25-59,FI,2016,7.3
F,25-59,FR,2016,8.6
F,25-59,HR,2016,12.6
F,25-59,HU,2016,4.5
F,25-59,IE,2016,6.9
F,25-59,IS,2016,2.6
F,25-59,IT,2016,11.6
F,25-59,LT,2016,6.5
F,25-59,LU,2016,5.7
F,25-59,LV,2016,8.7
F,25-59,ME,2016,16.0
F,25-59,MK,2016,21.0
F,25-59,MT,2016,4.3
F,25-59,NL,2016,5.6
F,25-59,NO,2016,3.3
F,25-59,PL,2016,5.5
F,25-59,PT,2016,10.2
F,25-59,RO,2016,4.2
F,25-59,RS,2016,15.7
F,25-59,SE,2016,5.2
F,25-59,SI,2016,8.3
F,25-59,SK,2016,10.0
F,25-59,TR,2016,12.0
F,25-64,AT,2016,4.9
F,25-64,BE,2016,6.7
F,25-64,BG,2016,6.6
F,25-64,CH,2016,4.6
F,25-64,CY,2016,11.5
F,25-64,CZ,2016,4.4
F,25-64,DE,2016,3.6
F,25-64,DK,2016,5.7
F,25-64,EE,2016,6.0
F,25-64,GR,2016,27.0
F,25-64,ES,2016,19.9
F,25-64,FI,2016,7.2
F,25-64,FR,2016,8.5
F,25-64,HR,2016,12.2
F,25-64,HU,2016,4.5
F,25-64,IE,2016,6.8
F,25-64,IS,2016,2.5
F,25-64,IT,2016,11.2
F,25-64,LT,2016,6.4
F,25-64,LU,2016,5.6
F,25-64,LV,2016,8.4
F,25-64,ME,2016,15.4
F,25-64,MK,2016,20.5
F,25-64,MT,2016,4.1
F,25-64,NL,2016,5.8
F,25-64,NO,2016,3.2
F,25-64,PL,2016,5.4
F,25-64,PT,2016,10.1
F,25-64,RO,2016,4.1
F,25-64,RS,2016,15.1
F,25-64,SE,2016,5.1
F,25-64,SI,2016,8.3
F,25-64,SK,2016,9.8
F,25-64,TR,2016,11.7
F,25-74,AT,2016,4.9
F,25-74,BE,2016,6.7
F,25-74,BG,2016,6.5
F,25-74,CH,2016,4.5
F,25-74,CY,2016,11.4
F,25-74,CZ,2016,4.3
F,25-74,DE,2016,3.5
F,25-74,DK,2016,5.5
F,25-74,EE,2016,5.8
F,25-74,GR,2016,26.8
F,25-74,ES,2016,19.8
F,25-74,FI,2016,7.1
F,25-74,FR,2016,8.5
F,25-74,HR,2016,12.1
F,25-74,HU,2016,4.5
F,25-74,IE,2016,6.7
F,25-74,IS,2016,2.4
F,25-74,IT,2016,11.1
F,25-74,LT,2016,6.2
F,25-74,LU,2016,5.6
F,25-74,LV,2016,8.1
F,25-74,ME,2016,15.1
F,25-74,MK,2016,20.4
F,25-74,MT,2016,4.1
F,25-74,NL,2016,5.7
F,25-74,NO,2016,3.1
F,25-74,PL,2016,5.3
F,25-74,PT,2016,9.9
F,25-74,RO,2016,3.9
F,25-74,RS,2016,14.7
F,25-74,SE,2016,5.1
F,25-74,SI,2016,8.2
F,25-74,SK,2016,9.7
F,25-74,TR,2016,11.4
F,30-34,AT,2016,6.3
F,30-34,BE,2016,8.8
F,30-34,BG,2016,6.9
F,30-34,CH,2016,5.5
F,30-34,CY,2016,13.5
F,30-34,CZ,2016,5.8
F,30-34,DE,2016,4.4
F,30-34,DK,2016,8.9
F,30-34,EE,2016,7.6
F,30-34,GR,2016,32.5
F,30-34,ES,2016,21.0
F,30-34,FI,2016,7.8
F,30-34,FR,2016,11.2
F,30-34,HR,2016,13.0
F,30-34,HU,2016,5.0
F,30-34,IE,2016,7.1
F,30-34,IT,2016,15.6
F,30-34,LT,2016,4.7
F,30-34,LU,2016,8.1
F,30-34,LV,2016,8.1
F,30-34,ME,2016,20.2
F,30-34,MK,2016,21.6
F,30-34,MT,2016,2.8
F,30-34,NL,2016,5.0
F,30-34,NO,2016,5.2
F,30-34,PL,2016,6.1
F,30-34,PT,2016,11.0
F,30-34,RO,2016,4.6
F,30-34,RS,2016,19.0
F,30-34,SE,2016,5.6
F,30-34,SI,2016,10.5
F,30-34,SK,2016,10.8
F,30-34,TR,2016,14.4
F,30-54,AT,2016,5.1
F,30-54,BE,2016,6.2
F,30-54,BG,2016,6.4
F,30-54,CH,2016,4.8
F,30-54,CY,2016,10.7
F,30-54,CZ,2016,4.0
F,30-54,DE,2016,3.4
F,30-54,DK,2016,5.3
F,30-54,EE,2016,5.4
F,30-54,GR,2016,26.3
F,30-54,ES,2016,19.5
F,30-54,FI,2016,6.9
F,30-54,FR,2016,8.3
F,30-54,HR,2016,11.6
F,30-54,HU,2016,4.2
F,30-54,IE,2016,6.6
F,30-54,IS,2016,2.5
F,30-54,IT,2016,10.9
F,30-54,LT,2016,6.4
F,30-54,LU,2016,5.6
F,30-54,LV,2016,8.2
F,30-54,ME,2016,15.4
F,30-54,MK,2016,18.8
F,30-54,MT,2016,4.5
F,30-54,NL,2016,5.4
F,30-54,NO,2016,3.3
F,30-54,PL,2016,5.2
F,30-54,PT,2016,9.5
F,30-54,RO,2016,3.7
F,30-54,RS,2016,14.4
F,30-54,SE,2016,4.9
F,30-54,SI,2016,7.5
F,30-54,SK,2016,9.2
F,30-54,TR,2016,10.8
F,30-64,AT,2016,4.9
F,30-64,BE,2016,6.2
F,30-64,BG,2016,6.4
F,30-64,CH,2016,4.5
F,30-64,CY,2016,10.4
F,30-64,CZ,2016,4.0
F,30-64,DE,2016,3.4
F,30-64,DK,2016,5.0
F,30-64,EE,2016,5.9
F,30-64,GR,2016,25.3
F,30-64,ES,2016,19.1
F,30-64,FI,2016,6.9
F,30-64,FR,2016,7.9
F,30-64,HR,2016,11.0
F,30-64,HU,2016,4.3
F,30-64,IE,2016,6.5
F,30-64,IS,2016,2.2
F,30-64,IT,2016,9.8
F,30-64,LT,2016,6.4
F,30-64,LU,2016,5.4
F,30-64,LV,2016,7.9
F,30-64,ME,2016,14.2
F,30-64,MK,2016,18.2
F,30-64,MT,2016,4.4
F,30-64,NL,2016,5.8
F,30-64,NO,2016,2.8
F,30-64,PL,2016,4.9
F,30-64,PT,2016,9.5
F,30-64,RO,2016,3.5
F,30-64,RS,2016,13.2
F,30-64,SE,2016,4.8
F,30-64,SI,2016,7.2
F,30-64,SK,2016,9.3
F,30-64,TR,2016,10.0
F,30-74,AT,2016,4.8
F,30-74,BE,2016,6.1
F,30-74,BG,2016,6.4
F,30-74,CH,2016,4.3
F,30-74,CY,2016,10.2
F,30-74,CZ,2016,3.9
F,30-74,DE,2016,3.4
F,30-74,DK,2016,4.8
F,30-74,EE,2016,5.6
F,30-74,GR,2016,25.1
F,30-74,ES,2016,19.0
F,30-74,FI,2016,6.8
F,30-74,FR,2016,7.8
F,30-74,HR,2016,10.8
F,30-74,HU,2016,4.3
F,30-74,IE,2016,6.4
F,30-74,IS,2016,2.1
F,30-74,IT,2016,9.7
F,30-74,LT,2016,6.2
F,30-74,LU,2016,5.4
F,30-74,LV,2016,7.7
F,30-74,ME,2016,13.9
F,30-74,MK,2016,18.0
F,30-74,MT,2016,4.3
F,30-74,NL,2016,5.8
F,30-74,NO,2016,2.7
F,30-74,PL,2016,4.9
F,30-74,PT,2016,9.3
F,30-74,RO,2016,3.3
F,30-74,RS,2016,12.8
F,30-74,SE,2016,4.7
F,30-74,SI,2016,7.1
F,30-74,SK,2016,9.2
F,30-74,TR,2016,9.8
F,35-39,AT,2016,6.7
F,35-39,BE,2016,6.5
F,35-39,BG,2016,6.2
F,35-39,CH,2016,4.5
F,35-39,CY,2016,10.8
F,35-39,CZ,2016,3.9
F,35-39,DE,2016,3.9
F,35-39,DK,2016,6.4
F,35-39,EE,2016,6.3
F,35-39,GR,2016,27.4
F,35-39,ES,2016,19.0
F,35-39,FI,2016,7.5
F,35-39,FR,2016,9.2
F,35-39,HR,2016,11.9
F,35-39,HU,2016,4.7
F,35-39,IE,2016,6.4
F,35-39,IT,2016,12.5
F,35-39,LT,2016,4.8
F,35-39,LU,2016,4.5
F,35-39,LV,2016,9.3
F,35-39,ME,2016,17.3
F,35-39,MK,2016,20.5
F,35-39,MT,2016,4.8
F,35-39,NL,2016,5.2
F,35-39,NO,2016,3.8
F,35-39,PL,2016,4.9
F,35-39,PT,2016,9.3
F,35-39,RO,2016,3.1
F,35-39,RS,2016,16.2
F,35-39,SE,2016,6.3
F,35-39,SI,2016,8.9
F,35-39,SK,2016,11.0
F,35-39,TR,2016,11.8
F,40-44,AT,2016,4.7
F,40-44,BE,2016,5.5
F,40-44,BG,2016,6.1
F,40-44,CH,2016,4.8
F,40-44,CY,2016,9.4
F,40-44,CZ,2016,3.9
F,40-44,DE,2016,3.2
F,40-44,DK,2016,4.0
F,40-44,EE,2016,5.0
F,40-44,GR,2016,25.1
F,40-44,ES,2016,18.7
F,40-44,FI,2016,6.4
F,40-44,FR,2016,7.2
F,40-44,HR,2016,10.7
F,40-44,HU,2016,3.9
F,40-44,IE,2016,7.3
F,40-44,IT,2016,11.2
F,40-44,LT,2016,6.9
F,40-44,LU,2016,4.5
F,40-44,LV,2016,8.2
F,40-44,ME,2016,15.0
F,40-44,MK,2016,16.5
F,40-44,MT,2016,6.4
F,40-44,NL,2016,5.5
F,40-44,NO,2016,2.7
F,40-44,PL,2016,5.2
F,40-44,PT,2016,8.8
F,40-44,RO,2016,4.0
F,40-44,RS,2016,12.9
F,40-44,SE,2016,4.6
F,40-44,SI,2016,5.9
F,40-44,SK,2016,7.5
F,40-44,TR,2016,9.9
F,40-59,AT,2016,4.3
F,40-59,BE,2016,5.5
F,40-59,BG,2016,6.4
F,40-59,CH,2016,4.4
F,40-59,CY,2016,9.2
F,40-59,CZ,2016,3.8
F,40-59,DE,2016,3.1
F,40-59,DK,2016,4.0
F,40-59,EE,2016,5.5
F,40-59,GR,2016,23.3
F,40-59,ES,2016,18.9
F,40-59,FI,2016,6.6
F,40-59,FR,2016,7.0
F,40-59,HR,2016,10.7
F,40-59,HU,2016,3.9
F,40-59,IE,2016,6.4
F,40-59,IT,2016,8.5
F,40-59,LT,2016,7.3
F,40-59,LU,2016,4.9
F,40-59,LV,2016,8.1
F,40-59,ME,2016,12.3
F,40-59,MK,2016,16.9
F,40-59,MT,2016,5.1
F,40-59,NL,2016,5.8
F,40-59,NO,2016,2.3
F,40-59,PL,2016,4.8
F,40-59,PT,2016,9.2
F,40-59,RO,2016,3.5
F,40-59,RS,2016,11.6
F,40-59,SE,2016,4.3
F,40-59,SI,2016,5.8
F,40-59,SK,2016,8.7
F,40-59,TR,2016,8.0
F,40-64,AT,2016,4.2
F,40-64,BE,2016,5.4
F,40-64,BG,2016,6.4
F,40-64,CH,2016,4.2
F,40-64,CY,2016,9.2
F,40-64,CZ,2016,3.7
F,40-64,DE,2016,3.2
F,40-64,DK,2016,4.0
F,40-64,EE,2016,5.5
F,40-64,GR,2016,22.8
F,40-64,ES,2016,18.7
F,40-64,FI,2016,6.6
F,40-64,FR,2016,6.9
F,40-64,HR,2016,10.2
F,40-64,HU,2016,4.0
F,40-64,IE,2016,6.3
F,40-64,IS,2016,1.4
F,40-64,IT,2016,8.1
F,40-64,LT,2016,7.0
F,40-64,LU,2016,4.9
F,40-64,LV,2016,7.6
F,40-64,ME,2016,11.6
F,40-64,MK,2016,16.3
F,40-64,MT,2016,4.8
F,40-64,NL,2016,6.1
F,40-64,NO,2016,2.1
F,40-64,PL,2016,4.6
F,40-64,PT,2016,9.2
F,40-64,RO,2016,3.3
F,40-64,RS,2016,11.0
F,40-64,SE,2016,4.3
F,40-64,SI,2016,5.8
F,40-64,SK,2016,8.5
F,40-64,TR,2016,7.5
F,45-49,AT,2016,4.3
F,45-49,BE,2016,5.1
F,45-49,BG,2016,5.6
F,45-49,CH,2016,5.1
F,45-49,CY,2016,9.0
F,45-49,CZ,2016,3.2
F,45-49,DE,2016,2.7
F,45-49,DK,2016,3.8
F,45-49,EE,2016,3.2
F,45-49,GR,2016,23.5
F,45-49,ES,2016,19.6
F,45-49,FI,2016,5.6
F,45-49,FR,2016,7.3
F,45-49,HR,2016,10.6
F,45-49,HU,2016,3.6
F,45-49,IE,2016,7.1
F,45-49,IT,2016,9.4
F,45-49,LT,2016,6.9
F,45-49,LU,2016,6.8
F,45-49,LV,2016,6.6
F,45-49,ME,2016,15.0
F,45-49,MK,2016,18.4
F,45-49,NL,2016,5.6
F,45-49,NO,2016,3.0
F,45-49,PL,2016,4.7
F,45-49,PT,2016,9.8
F,45-49,RO,2016,3.1
F,45-49,RS,2016,12.9
F,45-49,SE,2016,4.2
F,45-49,SI,2016,5.8
F,45-49,SK,2016,8.2
F,45-49,TR,2016,8.4
F,50-54,AT,2016,3.9
F,50-54,BE,2016,5.1
F,50-54,BG,2016,7.3
F,50-54,CH,2016,4.2
F,50-54,CY,2016,9.7
F,50-54,CZ,2016,3.9
F,50-54,DE,2016,3.1
F,50-54,DK,2016,4.2
F,50-54,EE,2016,5.5
F,50-54,GR,2016,22.7
F,50-54,ES,2016,19.4
F,50-54,FI,2016,7.3
F,50-54,FR,2016,6.9
F,50-54,HR,2016,12.0
F,50-54,HU,2016,4.2
F,50-54,IE,2016,5.1
F,50-54,IT,2016,7.1
F,50-54,LT,2016,8.1
F,50-54,LU,2016,3.6
F,50-54,LV,2016,8.9
F,50-54,MK,2016,16.0
F,50-54,MT,2016,5.9
F,50-54,NL,2016,5.5
F,50-54,NO,2016,1.8
F,50-54,PL,2016,5.0
F,50-54,PT,2016,8.9
F,50-54,RO,2016,4.2
F,50-54,RS,2016,10.6
F,50-54,SE,2016,4.2
F,50-54,SI,2016,6.4
F,50-54,SK,2016,8.6
F,50-54,TR,2016,6.4
F,50-59,AT,2016,4.1
F,50-59,BE,2016,5.7
F,50-59,BG,2016,7.1
F,50-59,CH,2016,3.9
F,50-59,CY,2016,9.1
F,50-59,CZ,2016,4.1
F,50-59,DE,2016,3.2
F,50-59,DK,2016,4.2
F,50-59,EE,2016,7.0
F,50-59,GR,2016,21.7
F,50-59,ES,2016,18.7
F,50-59,FI,2016,7.1
F,50-59,FR,2016,6.7
F,50-59,HR,2016,10.7
F,50-59,HU,2016,4.1
F,50-59,IE,2016,5.3
F,50-59,IT,2016,6.3
F,50-59,LT,2016,7.5
F,50-59,LU,2016,3.8
F,50-59,LV,2016,8.7
F,50-59,ME,2016,8.8
F,50-59,MK,2016,16.3
F,50-59,MT,2016,5.2
F,50-59,NL,2016,6.1
F,50-59,NO,2016,1.6
F,50-59,PL,2016,4.5
F,50-59,PT,2016,9.1
F,50-59,RO,2016,3.5
F,50-59,RS,2016,10.1
F,50-59,SE,2016,4.2
F,50-59,SI,2016,5.8
F,50-59,SK,2016,9.7
F,50-59,TR,2016,5.4
F,50-64,AT,2016,3.8
F,50-64,BE,2016,5.6
F,50-64,BG,2016,6.9
F,50-64,CH,2016,3.6
F,50-64,CY,2016,9.1
F,50-64,CZ,2016,3.8
F,50-64,DE,2016,3.4
F,50-64,DK,2016,4.1
F,50-64,EE,2016,6.5
F,50-64,GR,2016,20.9
F,50-64,ES,2016,18.2
F,50-64,FI,2016,7.0
F,50-64,FR,2016,6.6
F,50-64,HR,2016,9.7
F,50-64,HU,2016,4.3
F,50-64,IE,2016,5.4
F,50-64,IT,2016,5.9
F,50-64,LT,2016,7.1
F,50-64,LU,2016,3.8
F,50-64,LV,2016,7.8
F,50-64,ME,2016,7.8
F,50-64,MK,2016,15.2
F,50-64,MT,2016,4.4
F,50-64,NL,2016,6.6
F,50-64,NO,2016,1.5
F,50-64,PL,2016,4.2
F,50-64,PT,2016,9.0
F,50-64,RO,2016,3.1
F,50-64,RS,2016,9.1
F,50-64,SE,2016,4.3
F,50-64,SI,2016,5.8
F,50-64,SK,2016,9.2
F,50-64,TR,2016,4.7
F,50-74,AT,2016,3.7
F,50-74,BE,2016,5.5
F,50-74,BG,2016,6.7
F,50-74,CH,2016,3.4
F,50-74,CY,2016,8.6
F,50-74,CZ,2016,3.7
F,50-74,DE,2016,3.2
F,50-74,DK,2016,3.8
F,50-74,EE,2016,5.8
F,50-74,GR,2016,20.4
F,50-74,ES,2016,18.0
F,50-74,FI,2016,6.7
F,50-74,FR,2016,6.5
F,50-74,HR,2016,9.4
F,50-74,HU,2016,4.3
F,50-74,IE,2016,5.1
F,50-74,IT,2016,5.8
F,50-74,LT,2016,6.7
F,50-74,LU,2016,3.8
F,50-74,LV,2016,7.3
F,50-74,ME,2016,7.3
F,50-74,MK,2016,14.7
F,50-74,MT,2016,4.3
F,50-74,NL,2016,6.5
F,50-74,NO,2016,1.4
F,50-74,PL,2016,4.0
F,50-74,PT,2016,8.5
F,50-74,RO,2016,2.6
F,50-74,RS,2016,8.3
F,50-74,SE,2016,4.2
F,50-74,SI,2016,5.6
F,50-74,SK,2016,9.0
F,50-74,TR,2016,4.2
F,55-59,AT,2016,4.5
F,55-59,BE,2016,6.5
F,55-59,BG,2016,6.8
F,55-59,CH,2016,3.5
F,55-59,CY,2016,8.3
F,55-59,CZ,2016,4.4
F,55-59,DE,2016,3.3
F,55-59,DK,2016,4.2
F,55-59,EE,2016,8.4
F,55-59,GR,2016,20.1
F,55-59,ES,2016,17.7
F,55-59,FI,2016,6.9
F,55-59,FR,2016,6.4
F,55-59,HR,2016,8.8
F,55-59,HU,2016,4.0
F,55-59,IE,2016,5.7
F,55-59,IT,2016,5.3
F,55-59,LT,2016,7.0
F,55-59,LV,2016,8.5
F,55-59,MK,2016,16.6
F,55-59,NL,2016,7.0
F,55-59,NO,2016,1.4
F,55-59,PL,2016,4.1
F,55-59,PT,2016,9.4
F,55-59,RO,2016,2.8
F,55-59,RS,2016,9.5
F,55-59,SE,2016,4.1
F,55-59,SI,2016,4.9
F,55-59,SK,2016,11.0
F,55-59,TR,2016,3.7
F,55-64,AT,2016,3.8
F,55-64,BE,2016,6.0
F,55-64,BG,2016,6.6
F,55-64,CH,2016,3.1
F,55-64,CY,2016,8.6
F,55-64,CZ,2016,3.8
F,55-64,DE,2016,3.6
F,55-64,DK,2016,3.9
F,55-64,EE,2016,7.2
F,55-64,GR,2016,19.0
F,55-64,ES,2016,17.2
F,55-64,FI,2016,6.9
F,55-64,FR,2016,6.3
F,55-64,HR,2016,7.4
F,55-64,HU,2016,4.5
F,55-64,IE,2016,5.6
F,55-64,IT,2016,4.8
F,55-64,LT,2016,6.5
F,55-64,LV,2016,7.1
F,55-64,MK,2016,14.3
F,55-64,NL,2016,7.4
F,55-64,NO,2016,1.2
F,55-64,PL,2016,3.5
F,55-64,PT,2016,9.1
F,55-64,RO,2016,2.3
F,55-64,RS,2016,7.8
F,55-64,SE,2016,4.4
F,55-64,SI,2016,5.1
F,55-64,SK,2016,9.7
F,55-64,TR,2016,3.0
F,60-64,BE,2016,4.4
F,60-64,BG,2016,6.2
F,60-64,CH,2016,2.5
F,60-64,CY,2016,9.1
F,60-64,CZ,2016,2.3
F,60-64,DE,2016,4.0
F,60-64,DK,2016,3.5
F,60-64,EE,2016,5.2
F,60-64,GR,2016,16.6
F,60-64,ES,2016,16.3
F,60-64,FI,2016,6.9
F,60-64,FR,2016,6.1
F,60-64,HR,2016,4.0
F,60-64,HU,2016,5.7
F,60-64,IE,2016,5.4
F,60-64,IT,2016,3.6
F,60-64,LT,2016,5.4
F,60-64,LV,2016,4.6
F,60-64,MK,2016,8.2
F,60-64,NL,2016,8.1
F,60-64,NO,2016,1.0
F,60-64,PL,2016,1.9
F,60-64,PT,2016,8.7
F,60-64,RS,2016,4.3
F,60-64,SE,2016,4.7
F,60-64,SI,2016,6.0
F,60-64,SK,2016,5.0
F,60-64,TR,2016,1.9
F,65-69,GR,2016,11.9
F,65-69,ES,2016,6.5
F,65-69,FR,2016,4.4
F,65-69,IT,2016,3.7
F,65-69,NL,2016,5.8
F,65-69,SE,2016,2.6
F,65-74,CZ,2016,1.1
F,65-74,GR,2016,11.3
F,65-74,ES,2016,6.1
F,65-74,FR,2016,3.6
F,65-74,IT,2016,3.4
F,65-74,NL,2016,4.9
F,65-74,SE,2016,2.7
F,65-74,TR,2016,0.9
F,70-74,TR,2016,2.2
M,15-19,AT,2016,13.7
M,15-19,BE,2016,28.3
M,15-19,CH,2016,9.9
M,15-19,CZ,2016,22.7
M,15-19,DE,2016,8.1
M,15-19,DK,2016,17.2
M,15-19,EE,2016,33.4
M,15-19,GR,2016,54.3
M,15-19,ES,2016,58.8
M,15-19,FI,2016,31.7
M,15-19,FR,2016,31.0
M,15-19,HR,2016,48.5
M,15-19,HU,2016,26.8
M,15-19,IE,2016,23.3
M,15-19,IT,2016,55.6
M,15-19,LT,2016,22.0
M,15-19,LU,2016,31.0
M,15-19,ME,2016,43.6
M,15-19,MK,2016,59.2
M,15-19,MT,2016,17.2
M,15-19,NL,2016,14.9
M,15-19,NO,2016,18.6
M,15-19,PL,2016,32.9
M,15-19,PT,2016,35.1
M,15-19,RO,2016,28.3
M,15-19,RS,2016,37.9
M,15-19,SE,2016,34.7
M,15-19,SI,2016,12.1
M,15-19,SK,2016,43.9
M,15-19,TR,2016,15.7
M,15-24,AT,2016,12.1
M,15-24,BE,2016,21.7
M,15-24,BG,2016,17.4
M,15-24,CH,2016,8.8
M,15-24,CY,2016,25.8
M,15-24,CZ,2016,9.9
M,15-24,DE,2016,7.8
M,15-24,DK,2016,13.5
M,15-24,EE,2016,17.3
M,15-24,GR,2016,44.3
M,15-24,ES,2016,44.0
M,15-24,FI,2016,21.8
M,15-24,FR,2016,24.9
M,15-24,HR,2016,30.9
M,15-24,HU,2016,12.9
M,15-24,IE,2016,19.7
M,15-24,IS,2016,6.7
M,15-24,IT,2016,36.5
M,15-24,LT,2016,15.9
M,15-24,LU,2016,19.7
M,15-24,LV,2016,21.4
M,15-24,ME,2016,36.9
M,15-24,MK,2016,47.9
M,15-24,MT,2016,10.2
M,15-24,NL,2016,11.4
M,15-24,NO,2016,13.0
M,15-24,PL,2016,17.4
M,15-24,PT,2016,27.1
M,15-24,RO,2016,19.9
M,15-24,RS,2016,32.2
M,15-24,SE,2016,20.5
M,15-24,SI,2016,15.6
M,15-24,SK,2016,19.8
M,15-24,TR,2016,17.2
M,15-29,AT,2016,10.4
M,15-29,BE,2016,15.3
M,15-29,BG,2016,13.3
M,15-29,CH,2016,7.7
M,15-29,CY,2016,20.7
M,15-29,CZ,2016,6.3
M,15-29,DE,2016,6.9
M,15-29,DK,2016,11.3
M,15-29,EE,2016,11.6
M,15-29,GR,2016,33.9
M,15-29,ES,2016,32.9
M,15-29,FI,2016,16.4
M,15-29,FR,2016,18.8
M,15-29,HR,2016,23.8
M,15-29,HU,2016,8.9
M,15-29,IE,2016,16.2
M,15-29,IS,2016,5.0
M,15-29,IT,2016,26.9
M,15-29,LT,2016,11.5
M,15-29,LU,2016,10.4
M,15-29,LV,2016,14.7
M,15-29,ME,2016,29.9
M,15-29,MK,2016,41.2
M,15-29,MT,2016,7.7
M,15-29,NL,2016,8.9
M,15-29,NO,2016,10.6
M,15-29,PL,2016,11.7
M,15-29,PT,2016,20.6
M,15-29,RO,2016,13.5
M,15-29,RS,2016,27.5
M,15-29,SE,2016,14.5
M,15-29,SI,2016,13.5
M,15-29,SK,2016,13.9
M,15-29,TR,2016,14.9
M,15-39,AT,2016,8.1
M,15-39,BE,2016,10.8
M,15-39,BG,2016,9.8
M,15-39,CH,2016,6.1
M,15-39,CY,2016,14.8
M,15-39,CZ,2016,4.3
M,15-39,DE,2016,5.8
M,15-39,DK,2016,8.3
M,15-39,EE,2016,7.9
M,15-39,GR,2016,24.6
M,15-39,ES,2016,22.2
M,15-39,FI,2016,11.2
M,15-39,FR,2016,13.7
M,15-39,HR,2016,16.2
M,15-39,HU,2016,6.4
M,15-39,IE,2016,11.6
M,15-39,IS,2016,4.5
M,15-39,IT,2016,17.2
M,15-39,LT,2016,9.5
M,15-39,LU,2016,7.2
M,15-39,LV,2016,11.2
M,15-39,ME,2016,24.3
M,15-39,MK,2016,31.0
M,15-39,MT,2016,5.0
M,15-39,NL,2016,6.5
M,15-39,NO,2016,8.4
M,15-39,PL,2016,7.8
M,15-39,PT,2016,13.3
M,15-39,RO,2016,9.2
M,15-39,RS,2016,20.6
M,15-39,SE,2016,10.2
M,15-39,SI,2016,9.2
M,15-39,SK,2016,10.3
M,15-39,TR,2016,11.3
M,15-59,AT,2016,6.6
M,15-59,BE,2016,8.3
M,15-59,BG,2016,8.3
M,15-59,CH,2016,5.1
M,15-59,CY,2016,12.8
M,15-59,CZ,2016,3.4
M,15-59,DE,2016,4.6
M,15-59,DK,2016,6.0
M,15-59,EE,2016,7.7
M,15-59,GR,2016,20.0
M,15-59,ES,2016,18.4
M,15-59,FI,2016,9.4
M,15-59,FR,2016,10.4
M,15-59,HR,2016,12.8
M,15-59,HU,2016,5.1
M,15-59,IE,2016,9.5
M,15-59,IS,2016,3.1
M,15-59,IT,2016,11.5
M,15-59,LT,2016,9.3
M,15-59,LU,2016,6.1
M,15-59,LV,2016,11.3
M,15-59,ME,2016,19.0
M,15-59,MK,2016,25.0
M,15-59,MT,2016,4.5
M,15-59,NL,2016,5.3
M,15-59,NO,2016,5.8
M,15-59,PL,2016,6.3
M,15-59,PT,2016,11.5
M,15-59,RO,2016,7.0
M,15-59,RS,2016,15.8
M,15-59,SE,2016,7.7
M,15-59,SI,2016,7.6
M,15-59,SK,2016,8.9
M,15-59,TR,2016,9.8
M,15-64,AT,2016,6.6
M,15-64,BE,2016,8.1
M,15-64,BG,2016,8.2
M,15-64,CH,2016,5.0
M,15-64,CY,2016,12.9
M,15-64,CZ,2016,3.4
M,15-64,DE,2016,4.6
M,15-64,DK,2016,5.8
M,15-64,EE,2016,7.7
M,15-64,GR,2016,19.9
M,15-64,ES,2016,18.2
M,15-64,FI,2016,9.3
M,15-64,FR,2016,10.3
M,15-64,HR,2016,12.6
M,15-64,HU,2016,5.2
M,15-64,IE,2016,9.3
M,15-64,IS,2016,3.1
M,15-64,IT,2016,11.1
M,15-64,LT,2016,9.3
M,15-64,LU,2016,6.0
M,15-64,LV,2016,11.2
M,15-64,ME,2016,18.5
M,15-64,MK,2016,24.6
M,15-64,MT,2016,4.4
M,15-64,NL,2016,5.6
M,15-64,NO,2016,5.5
M,15-64,PL,2016,6.2
M,15-64,PT,2016,11.6
M,15-64,RO,2016,6.8
M,15-64,RS,2016,15.3
M,15-64,SE,2016,7.6
M,15-64,SI,2016,7.6
M,15-64,SK,2016,8.8
M,15-64,TR,2016,9.7
M,15-74,AT,2016,6.5
M,15-74,BE,2016,8.1
M,15-74,BG,2016,8.1
M,15-74,CH,2016,4.9
M,15-74,CY,2016,12.7
M,15-74,CZ,2016,3.4
M,15-74,DE,2016,4.5
M,15-74,DK,2016,5.6
M,15-74,EE,2016,7.6
M,15-74,GR,2016,19.9
M,15-74,ES,2016,18.1
M,15-74,FI,2016,9.0
M,15-74,FR,2016,10.2
M,15-74,HR,2016,12.4
M,15-74,HU,2016,5.1
M,15-74,IE,2016,9.1
M,15-74,IS,2016,2.9
M,15-74,IT,2016,10.9
M,15-74,LT,2016,9.1
M,15-74,LU,2016,6.0
M,15-74,LV,2016,10.9
M,15-74,ME,2016,18.3
M,15-74,MK,2016,24.4
M,15-74,MT,2016,4.4
M,15-74,NL,2016,5.6
M,15-74,NO,2016,5.4
M,15-74,PL,2016,6.1
M,15-74,PT,2016,11.2
M,15-74,RO,2016,6.6
M,15-74,RS,2016,14.8
M,15-74,SE,2016,7.4
M,15-74,SI,2016,7.5
M,15-74,SK,2016,8.8
M,15-74,TR,2016,9.6
M,20-24,AT,2016,11.4
M,20-24,BE,2016,20.8
M,20-24,BG,2016,15.8
M,20-24,CH,2016,8.0
M,20-24,CY,2016,25.2
M,20-24,CZ,2016,8.9
M,20-24,DE,2016,7.7
M,20-24,DK,2016,11.3
M,20-24,EE,2016,15.0
M,20-24,GR,2016,43.0
M,20-24,ES,2016,40.9
M,20-24,FI,2016,18.4
M,20-24,FR,2016,23.2
M,20-24,HR,2016,25.6
M,20-24,HU,2016,11.3
M,20-24,IE,2016,18.3
M,20-24,IS,2016,6.3
M,20-24,IT,2016,33.6
M,20-24,LT,2016,15.3
M,20-24,LU,2016,16.5
M,20-24,LV,2016,21.0
M,20-24,ME,2016,34.9
M,20-24,MK,2016,45.5
M,20-24,MT,2016,8.1
M,20-24,NL,2016,8.7
M,20-24,NO,2016,10.2
M,20-24,PL,2016,16.0
M,20-24,PT,2016,25.6
M,20-24,RO,2016,17.5
M,20-24,RS,2016,30.9
M,20-24,SE,2016,15.8
M,20-24,SI,2016,16.2
M,20-24,SK,2016,17.1
M,20-24,TR,2016,18.2
M,20-29,AT,2016,9.8
M,20-29,BE,2016,14.6
M,20-29,BG,2016,12.6
M,20-29,CH,2016,7.1
M,20-29,CY,2016,20.3
M,20-29,CZ,2016,5.8
M,20-29,DE,2016,6.7
M,20-29,DK,2016,9.6
M,20-29,EE,2016,10.5
M,20-29,GR,2016,33.1
M,20-29,ES,2016,30.8
M,20-29,FI,2016,14.1
M,20-29,FR,2016,17.5
M,20-29,HR,2016,20.7
M,20-29,HU,2016,8.1
M,20-29,IE,2016,14.9
M,20-29,IS,2016,4.3
M,20-29,IT,2016,25.2
M,20-29,LT,2016,11.1
M,20-29,LU,2016,8.6
M,20-29,LV,2016,14.2
M,20-29,ME,2016,28.5
M,20-29,MK,2016,39.6
M,20-29,MT,2016,6.6
M,20-29,NL,2016,6.8
M,20-29,NO,2016,8.9
M,20-29,PL,2016,11.0
M,20-29,PT,2016,19.5
M,20-29,RO,2016,12.2
M,20-29,RS,2016,26.6
M,20-29,SE,2016,11.5
M,20-29,SI,2016,13.6
M,20-29,SK,2016,12.6
M,20-29,TR,2016,14.8
M,20-64,AT,2016,6.2
M,20-64,BE,2016,7.9
M,20-64,BG,2016,8.1
M,20-64,CH,2016,4.8
M,20-64,CY,2016,12.8
M,20-64,CZ,2016,3.3
M,20-64,DE,2016,4.5
M,20-64,DK,2016,5.2
M,20-64,EE,2016,7.4
M,20-64,GR,2016,19.7
M,20-64,ES,2016,17.8
M,20-64,FI,2016,8.6
M,20-64,FR,2016,9.9
M,20-64,HR,2016,11.7
M,20-64,HU,2016,5.0
M,20-64,IE,2016,8.8
M,20-64,IS,2016,2.8
M,20-64,IT,2016,10.8
M,20-64,LT,2016,9.2
M,20-64,LU,2016,5.6
M,20-64,LV,2016,11.0
M,20-64,ME,2016,17.8
M,20-64,MK,2016,24.0
M,20-64,MT,2016,4.0
M,20-64,NL,2016,5.0
M,20-64,NO,2016,5.0
M,20-64,PL,2016,6.0
M,20-64,PT,2016,11.3
M,20-64,RO,2016,6.4
M,20-64,RS,2016,15.0
M,20-64,SE,2016,6.7
M,20-64,SI,2016,7.5
M,20-64,SK,2016,8.5
M,20-64,TR,2016,9.4
M,25-29,AT,2016,8.5
M,25-29,BE,2016,11.1
M,25-29,BG,2016,11.2
M,25-29,CH,2016,6.6
M,25-29,CY,2016,17.9
M,25-29,CZ,2016,4.1
M,25-29,DE,2016,6.0
M,25-29,DK,2016,8.1
M,25-29,EE,2016,8.1
M,25-29,GR,2016,28.7
M,25-29,ES,2016,24.7
M,25-29,FI,2016,10.8
M,25-29,FR,2016,13.4
M,25-29,HR,2016,17.3
M,25-29,HU,2016,6.1
M,25-29,IE,2016,11.9
M,25-29,IT,2016,19.9
M,25-29,LT,2016,8.0
M,25-29,LU,2016,5.2
M,25-29,LV,2016,10.3
M,25-29,ME,2016,24.6
M,25-29,MK,2016,36.0
M,25-29,MT,2016,5.5
M,25-29,NL,2016,5.2
M,25-29,NO,2016,7.9
M,25-29,PL,2016,7.9
M,25-29,PT,2016,15.2
M,25-29,RO,2016,9.7
M,25-29,RS,2016,23.9
M,25-29,SE,2016,8.2
M,25-29,SI,2016,12.1
M,25-29,SK,2016,10.0
M,25-29,TR,2016,12.3
M,25-49,AT,2016,6.0
M,25-49,BE,2016,7.7
M,25-49,BG,2016,7.6
M,25-49,CH,2016,4.8
M,25-49,CY,2016,11.3
M,25-49,CZ,2016,2.8
M,25-49,DE,2016,4.4
M,25-49,DK,2016,4.8
M,25-49,EE,2016,6.1
M,25-49,GR,2016,18.7
M,25-49,ES,2016,16.5
M,25-49,FI,2016,7.3
M,25-49,FR,2016,9.2
M,25-49,HR,2016,10.7
M,25-49,HU,2016,4.5
M,25-49,IE,2016,8.0
M,25-49,IS,2016,2.5
M,25-49,IT,2016,10.8
M,25-49,LT,2016,8.4
M,25-49,LU,2016,5.2
M,25-49,LV,2016,9.3
M,25-49,ME,2016,18.9
M,25-49,MK,2016,23.8
M,25-49,MT,2016,3.7
M,25-49,NL,2016,3.9
M,25-49,NO,2016,5.3
M,25-49,PL,2016,5.2
M,25-49,PT,2016,9.5
M,25-49,RO,2016,6.2
M,25-49,RS,2016,15.3
M,25-49,SE,2016,5.8
M,25-49,SI,2016,7.0
M,25-49,SK,2016,7.6
M,25-49,TR,2016,8.4
M,25-54,AT,2016,5.7
M,25-54,BE,2016,7.3
M,25-54,BG,2016,7.6
M,25-54,CH,2016,4.5
M,25-54,CY,2016,11.4
M,25-54,CZ,2016,2.8
M,25-54,DE,2016,4.2
M,25-54,DK,2016,4.6
M,25-54,EE,2016,6.3
M,25-54,GR,2016,18.4
M,25-54,ES,2016,16.3
M,25-54,FI,2016,7.5
M,25-54,FR,2016,8.8
M,25-54,HR,2016,10.4
M,25-54,HU,2016,4.5
M,25-54,IE,2016,7.9
M,25-54,IS,2016,2.2
M,25-54,IT,2016,10.1
M,25-54,LT,2016,8.4
M,25-54,LU,2016,5.0
M,25-54,LV,2016,9.8
M,25-54,ME,2016,17.5
M,25-54,MK,2016,22.7
M,25-54,MT,2016,3.7
M,25-54,NL,2016,4.0
M,25-54,NO,2016,4.9
M,25-54,PL,2016,5.1
M,25-54,PT,2016,9.7
M,25-54,RO,2016,6.0
M,25-54,RS,2016,14.7
M,25-54,SE,2016,5.6
M,25-54,SI,2016,6.9
M,25-54,SK,2016,7.7
M,25-54,TR,2016,8.4
M,25-59,AT,2016,5.8
M,25-59,BE,2016,7.2
M,25-59,BG,2016,7.7
M,25-59,CH,2016,4.5
M,25-59,CY,2016,11.7
M,25-59,CZ,2016,2.9
M,25-59,DE,2016,4.2
M,25-59,DK,2016,4.6
M,25-59,EE,2016,6.7
M,25-59,GR,2016,18.5
M,25-59,ES,2016,16.5
M,25-59,FI,2016,7.6
M,25-59,FR,2016,8.7
M,25-59,HR,2016,10.6
M,25-59,HU,2016,4.4
M,25-59,IE,2016,7.9
M,25-59,IS,2016,2.3
M,25-59,IT,2016,9.6
M,25-59,LT,2016,8.5
M,25-59,LU,2016,5.1
M,25-59,LV,2016,10.3
M,25-59,ME,2016,16.7
M,25-59,MK,2016,22.4
M,25-59,MT,2016,3.7
M,25-59,NL,2016,4.1
M,25-59,NO,2016,4.6
M,25-59,PL,2016,5.1
M,25-59,PT,2016,10.1
M,25-59,RO,2016,5.9
M,25-59,RS,2016,14.2
M,25-59,SE,2016,5.7
M,25-59,SI,2016,6.9
M,25-59,SK,2016,7.9
M,25-59,TR,2016,8.4
M,25-64,AT,2016,5.7
M,25-64,BE,2016,7.0
M,25-64,BG,2016,7.7
M,25-64,CH,2016,4.5
M,25-64,CY,2016,11.8
M,25-64,CZ,2016,3.0
M,25-64,DE,2016,4.2
M,25-64,DK,2016,4.5
M,25-64,EE,2016,6.8
M,25-64,GR,2016,18.6
M,25-64,ES,2016,16.4
M,25-64,FI,2016,7.6
M,25-64,FR,2016,8.7
M,25-64,HR,2016,10.5
M,25-64,HU,2016,4.5
M,25-64,IE,2016,7.8
M,25-64,IS,2016,2.3
M,25-64,IT,2016,9.4
M,25-64,LT,2016,8.6
M,25-64,LU,2016,5.0
M,25-64,LV,2016,10.2
M,25-64,ME,2016,16.2
M,25-64,MK,2016,22.1
M,25-64,MT,2016,3.6
M,25-64,NL,2016,4.6
M,25-64,NO,2016,4.4
M,25-64,PL,2016,5.1
M,25-64,PT,2016,10.3
M,25-64,RO,2016,5.7
M,25-64,RS,2016,13.8
M,25-64,SE,2016,5.7
M,25-64,SI,2016,7.0
M,25-64,SK,2016,7.8
M,25-64,TR,2016,8.3
M,25-74,AT,2016,5.6
M,25-74,BE,2016,7.0
M,25-74,BG,2016,7.6
M,25-74,CH,2016,4.3
M,25-74,CY,2016,11.6
M,25-74,CZ,2016,2.9
M,25-74,DE,2016,4.1
M,25-74,DK,2016,4.4
M,25-74,EE,2016,6.7
M,25-74,GR,2016,18.5
M,25-74,ES,2016,16.3
M,25-74,FI,2016,7.4
M,25-74,FR,2016,8.6
M,25-74,HR,2016,10.4
M,25-74,HU,2016,4.4
M,25-74,IE,2016,7.6
M,25-74,IS,2016,2.2
M,25-74,IT,2016,9.2
M,25-74,LT,2016,8.4
M,25-74,LU,2016,5.0
M,25-74,LV,2016,9.9
M,25-74,ME,2016,16.1
M,25-74,MK,2016,21.9
M,25-74,MT,2016,3.6
M,25-74,NL,2016,4.6
M,25-74,NO,2016,4.3
M,25-74,PL,2016,5.1
M,25-74,PT,2016,9.9
M,25-74,RO,2016,5.5
M,25-74,RS,2016,13.2
M,25-74,SE,2016,5.6
M,25-74,SI,2016,6.9
M,25-74,SK,2016,7.7
M,25-74,TR,2016,8.2
M,30-34,AT,2016,6.0
M,30-34,BE,2016,8.6
M,30-34,BG,2016,8.0
M,30-34,CH,2016,3.8
M,30-34,CY,2016,12.0
M,30-34,CZ,2016,3.3
M,30-34,DE,2016,5.0
M,30-34,DK,2016,5.7
M,30-34,EE,2016,4.9
M,30-34,GR,2016,21.9
M,30-34,ES,2016,17.7
M,30-34,FI,2016,6.3
M,30-34,FR,2016,9.9
M,30-34,HR,2016,12.8
M,30-34,HU,2016,4.6
M,30-34,IE,2016,8.2
M,30-34,IT,2016,13.1
M,30-34,LT,2016,7.7
M,30-34,LU,2016,5.5
M,30-34,LV,2016,7.0
M,30-34,ME,2016,21.1
M,30-34,MK,2016,24.4
M,30-34,NL,2016,3.6
M,30-34,NO,2016,6.1
M,30-34,PL,2016,5.2
M,30-34,PT,2016,9.2
M,30-34,RO,2016,6.4
M,30-34,RS,2016,16.7
M,30-34,SE,2016,6.4
M,30-34,SI,2016,7.8
M,30-34,SK,2016,8.2
M,30-34,TR,2016,8.0
M,30-54,AT,2016,5.2
M,30-54,BE,2016,6.6
M,30-54,BG,2016,6.9
M,30-54,CH,2016,4.2
M,30-54,CY,2016,9.9
M,30-54,CZ,2016,2.6
M,30-54,DE,2016,3.9
M,30-54,DK,2016,4.0
M,30-54,EE,2016,5.9
M,30-54,GR,2016,16.8
M,30-54,ES,2016,15.2
M,30-54,FI,2016,6.8
M,30-54,FR,2016,8.0
M,30-54,HR,2016,9.2
M,30-54,HU,2016,4.2
M,30-54,IE,2016,7.3
M,30-54,IS,2016,2.2
M,30-54,IT,2016,8.8
M,30-54,LT,2016,8.5
M,30-54,LU,2016,4.9
M,30-54,LV,2016,9.7
M,30-54,ME,2016,15.9
M,30-54,MK,2016,20.0
M,30-54,MT,2016,3.2
M,30-54,NL,2016,3.7
M,30-54,NO,2016,4.3
M,30-54,PL,2016,4.6
M,30-54,PT,2016,8.9
M,30-54,RO,2016,5.3
M,30-54,RS,2016,13.2
M,30-54,SE,2016,5.1
M,30-54,SI,2016,6.0
M,30-54,SK,2016,7.2
M,30-54,TR,2016,7.6
M,30-64,AT,2016,5.3
M,30-64,BE,2016,6.4
M,30-64,BG,2016,7.2
M,30-64,CH,2016,4.2
M,30-64,CY,2016,10.7
M,30-64,CZ,2016,2.8
M,30-64,DE,2016,4.0
M,30-64,DK,2016,4.0
M,30-64,EE,2016,6.6
M,30-64,GR,2016,17.3
M,30-64,ES,2016,15.5
M,30-64,FI,2016,7.1
M,30-64,FR,2016,8.0
M,30-64,HR,2016,9.5
M,30-64,HU,2016,4.3
M,30-64,IE,2016,7.2
M,30-64,IS,2016,2.3
M,30-64,IT,2016,8.4
M,30-64,LT,2016,8.7
M,30-64,LU,2016,5.0
M,30-64,LV,2016,10.2
M,30-64,ME,2016,14.7
M,30-64,MK,2016,19.9
M,30-64,MT,2016,3.3
M,30-64,NL,2016,4.5
M,30-64,NO,2016,3.9
M,30-64,PL,2016,4.7
M,30-64,PT,2016,9.7
M,30-64,RO,2016,5.1
M,30-64,RS,2016,12.4
M,30-64,SE,2016,5.4
M,30-64,SI,2016,6.3
M,30-64,SK,2016,7.4
M,30-64,TR,2016,7.5
M,30-74,AT,2016,5.2
M,30-74,BE,2016,6.3
M,30-74,BG,2016,7.1
M,30-74,CH,2016,4.0
M,30-74,CY,2016,10.5
M,30-74,CZ,2016,2.8
M,30-74,DE,2016,3.9
M,30-74,DK,2016,3.9
M,30-74,EE,2016,6.4
M,30-74,GR,2016,17.2
M,30-74,ES,2016,15.4
M,30-74,FI,2016,6.9
M,30-74,FR,2016,7.9
M,30-74,HR,2016,9.4
M,30-74,HU,2016,4.2
M,30-74,IE,2016,7.1
M,30-74,IS,2016,2.2
M,30-74,IT,2016,8.2
M,30-74,LT,2016,8.5
M,30-74,LU,2016,5.0
M,30-74,LV,2016,9.9
M,30-74,ME,2016,14.6
M,30-74,MK,2016,19.6
M,30-74,MT,2016,3.3
M,30-74,NL,2016,4.5
M,30-74,NO,2016,3.8
M,30-74,PL,2016,4.6
M,30-74,PT,2016,9.3
M,30-74,RO,2016,4.9
M,30-74,RS,2016,11.9
M,30-74,SE,2016,5.2
M,30-74,SI,2016,6.2
M,30-74,SK,2016,7.4
M,30-74,TR,2016,7.4
M,35-39,AT,2016,5.2
M,35-39,BE,2016,6.2
M,35-39,BG,2016,7.1
M,35-39,CH,2016,4.8
M,35-39,CY,2016,8.2
M,35-39,CZ,2016,2.6
M,35-39,DE,2016,4.4
M,35-39,DK,2016,4.1
M,35-39,EE,2016,4.7
M,35-39,GR,2016,16.6
M,35-39,ES,2016,14.5
M,35-39,FI,2016,6.5
M,35-39,FR,2016,8.4
M,35-39,HR,2016,7.8
M,35-39,HU,2016,4.5
M,35-39,IE,2016,7.2
M,35-39,IT,2016,9.3
M,35-39,LT,2016,7.8
M,35-39,LU,2016,4.5
M,35-39,LV,2016,9.4
M,35-39,ME,2016,17.0
M,35-39,MK,2016,20.6
M,35-39,MT,2016,3.8
M,35-39,NL,2016,3.4
M,35-39,NO,2016,6.0
M,35-39,PL,2016,4.6
M,35-39,PT,2016,7.3
M,35-39,RO,2016,5.5
M,35-39,RS,2016,14.6
M,35-39,SE,2016,4.7
M,35-39,SI,2016,5.4
M,35-39,SK,2016,7.1
M,35-39,TR,2016,7.1
M,40-44,AT,2016,5.5
M,40-44,BE,2016,6.8
M,40-44,BG,2016,6.2
M,40-44,CH,2016,4.2
M,40-44,CY,2016,8.5
M,40-44,CZ,2016,2.1
M,40-44,DE,2016,3.8
M,40-44,DK,2016,3.2
M,40-44,EE,2016,5.5
M,40-44,GR,2016,13.8
M,40-44,ES,2016,14.2
M,40-44,FI,2016,6.5
M,40-44,FR,2016,7.3
M,40-44,HR,2016,7.2
M,40-44,HU,2016,3.7
M,40-44,IE,2016,7.0
M,40-44,IT,2016,7.9
M,40-44,LT,2016,8.2
M,40-44,LU,2016,4.6
M,40-44,LV,2016,9.7
M,40-44,ME,2016,16.2
M,40-44,MK,2016,20.0
M,40-44,MT,2016,2.5
M,40-44,NL,2016,3.7
M,40-44,NO,2016,4.2
M,40-44,PL,2016,4.0
M,40-44,PT,2016,8.2
M,40-44,RO,2016,5.3
M,40-44,RS,2016,12.0
M,40-44,SE,2016,5.0
M,40-44,SI,2016,6.5
M,40-44,SK,2016,6.0
M,40-44,TR,2016,7.1
M,40-59,AT,2016,5.2
M,40-59,BE,2016,6.1
M,40-59,BG,2016,6.9
M,40-59,CH,2016,4.2
M,40-59,CY,2016,10.6
M,40-59,CZ,2016,2.6
M,40-59,DE,2016,3.5
M,40-59,DK,2016,3.7
M,40-59,EE,2016,7.5
M,40-59,GR,2016,16.1
M,40-59,ES,2016,15.3
M,40-59,FI,2016,7.5
M,40-59,FR,2016,7.4
M,40-59,HR,2016,9.2
M,40-59,HU,2016,3.9
M,40-59,IE,2016,7.1
M,40-59,IS,2016,1.4
M,40-59,IT,2016,7.5
M,40-59,LT,2016,9.0
M,40-59,LU,2016,5.1
M,40-59,LV,2016,11.5
M,40-59,ME,2016,13.0
M,40-59,MK,2016,18.4
M,40-59,MT,2016,3.9
M,40-59,NL,2016,4.2
M,40-59,NO,2016,3.1
M,40-59,PL,2016,4.4
M,40-59,PT,2016,10.1
M,40-59,RO,2016,4.9
M,40-59,RS,2016,11.1
M,40-59,SE,2016,5.1
M,40-59,SI,2016,6.0
M,40-59,SK,2016,7.4
M,40-59,TR,2016,7.6
M,40-64,AT,2016,5.2
M,40-64,BE,2016,5.9
M,40-64,BG,2016,7.0
M,40-64,CH,2016,4.2
M,40-64,CY,2016,11.0
M,40-64,CZ,2016,2.8
M,40-64,DE,2016,3.7
M,40-64,DK,2016,3.7
M,40-64,EE,2016,7.5
M,40-64,GR,2016,16.4
M,40-64,ES,2016,15.4
M,40-64,FI,2016,7.5
M,40-64,FR,2016,7.5
M,40-64,HR,2016,9.2
M,40-64,HU,2016,4.1
M,40-64,IE,2016,7.0
M,40-64,IS,2016,1.7
M,40-64,IT,2016,7.3
M,40-64,LT,2016,9.1
M,40-64,LU,2016,5.0
M,40-64,LV,2016,11.2
M,40-64,ME,2016,12.5
M,40-64,MK,2016,18.4
M,40-64,MT,2016,3.7
M,40-64,NL,2016,4.9
M,40-64,NO,2016,3.0
M,40-64,PL,2016,4.5
M,40-64,PT,2016,10.3
M,40-64,RO,2016,4.6
M,40-64,RS,2016,10.8
M,40-64,SE,2016,5.3
M,40-64,SI,2016,6.1
M,40-64,SK,2016,7.3
M,40-64,TR,2016,7.5
M,45-49,AT,2016,5.1
M,45-49,BE,2016,6.1
M,45-49,BG,2016,6.2
M,45-49,CH,2016,4.5
M,45-49,CY,2016,8.8
M,45-49,CZ,2016,2.0
M,45-49,DE,2016,3.1
M,45-49,DK,2016,3.7
M,45-49,EE,2016,7.1
M,45-49,GR,2016,15.8
M,45-49,ES,2016,14.7
M,45-49,FI,2016,6.8
M,45-49,FR,2016,7.8
M,45-49,HR,2016,9.2
M,45-49,HU,2016,3.8
M,45-49,IE,2016,6.6
M,45-49,IT,2016,8.2
M,45-49,LT,2016,10.4
M,45-49,LU,2016,6.0
M,45-49,LV,2016,10.4
M,45-49,ME,2016,14.7
M,45-49,MK,2016,17.5
M,45-49,MT,2016,5.6
M,45-49,NL,2016,3.6
M,45-49,NO,2016,2.4
M,45-49,PL,2016,4.3
M,45-49,PT,2016,9.5
M,45-49,RO,2016,4.9
M,45-49,RS,2016,10.3
M,45-49,SE,2016,4.9
M,45-49,SI,2016,4.4
M,45-49,SK,2016,6.5
M,45-49,TR,2016,7.5
M,50-54,AT,2016,4.3
M,50-54,BE,2016,5.6
M,50-54,BG,2016,7.5
M,50-54,CH,2016,3.6
M,50-54,CY,2016,12.0
M,50-54,CZ,2016,2.9
M,50-54,DE,2016,3.5
M,50-54,DK,2016,3.5
M,50-54,EE,2016,7.5
M,50-54,GR,2016,16.8
M,50-54,ES,2016,15.7
M,50-54,FI,2016,8.1
M,50-54,FR,2016,7.0
M,50-54,HR,2016,8.8
M,50-54,HU,2016,4.9
M,50-54,IE,2016,7.2
M,50-54,IT,2016,7.0
M,50-54,LT,2016,8.6
M,50-54,LU,2016,3.9
M,50-54,LV,2016,12.7
M,50-54,ME,2016,10.5
M,50-54,MK,2016,16.5
M,50-54,MT,2016,3.6
M,50-54,NL,2016,4.3
M,50-54,NO,2016,2.9
M,50-54,PL,2016,4.5
M,50-54,PT,2016,10.6
M,50-54,RO,2016,4.4
M,50-54,RS,2016,11.7
M,50-54,SE,2016,4.6
M,50-54,SI,2016,6.3
M,50-54,SK,2016,8.3
M,50-54,TR,2016,8.3
M,50-59,AT,2016,5.1
M,50-59,BE,2016,5.8
M,50-59,BG,2016,7.9
M,50-59,CH,2016,4.0
M,50-59,CY,2016,12.6
M,50-59,CZ,2016,3.4
M,50-59,DE,2016,3.6
M,50-59,DK,2016,3.9
M,50-59,EE,2016,8.9
M,50-59,GR,2016,17.9
M,50-59,ES,2016,16.4
M,50-59,FI,2016,8.4
M,50-59,FR,2016,7.4
M,50-59,HR,2016,10.3
M,50-59,HU,2016,4.2
M,50-59,IE,2016,7.5
M,50-59,IT,2016,6.8
M,50-59,LT,2016,8.7
M,50-59,LU,2016,4.8
M,50-59,LV,2016,13.1
M,50-59,ME,2016,10.5
M,50-59,MK,2016,18.0
M,50-59,MT,2016,3.9
M,50-59,NL,2016,4.7
M,50-59,NO,2016,2.8
M,50-59,PL,2016,4.8
M,50-59,PT,2016,11.7
M,50-59,RO,2016,4.6
M,50-59,RS,2016,11.0
M,50-59,SE,2016,5.2
M,50-59,SI,2016,6.7
M,50-59,SK,2016,8.8
M,50-59,TR,2016,8.0
M,50-64,AT,2016,5.1
M,50-64,BE,2016,5.5
M,50-64,BG,2016,7.8
M,50-64,CH,2016,4.0
M,50-64,CY,2016,12.9
M,50-64,CZ,2016,3.5
M,50-64,DE,2016,3.9
M,50-64,DK,2016,3.9
M,50-64,EE,2016,8.7
M,50-64,GR,2016,18.1
M,50-64,ES,2016,16.3
M,50-64,FI,2016,8.2
M,50-64,FR,2016,7.6
M,50-64,HR,2016,10.1
M,50-64,HU,2016,4.5
M,50-64,IE,2016,7.2
M,50-64,IS,2016,2.1
M,50-64,IT,2016,6.7
M,50-64,LT,2016,8.9
M,50-64,LU,2016,4.6
M,50-64,LV,2016,12.1
M,50-64,ME,2016,9.8
M,50-64,MK,2016,18.1
M,50-64,MT,2016,3.6
M,50-64,NL,2016,5.9
M,50-64,NO,2016,2.7
M,50-64,PL,2016,4.8
M,50-64,PT,2016,11.7
M,50-64,RO,2016,4.1
M,50-64,RS,2016,10.5
M,50-64,SE,2016,5.5
M,50-64,SI,2016,6.9
M,50-64,SK,2016,8.3
M,50-64,TR,2016,7.8
M,50-74,AT,2016,4.8
M,50-74,BE,2016,5.3
M,50-74,BG,2016,7.5
M,50-74,CH,2016,3.6
M,50-74,CY,2016,12.2
M,50-74,CZ,2016,3.3
M,50-74,DE,2016,3.7
M,50-74,DK,2016,3.6
M,50-74,EE,2016,8.0
M,50-74,GR,2016,18.0
M,50-74,ES,2016,16.0
M,50-74,FI,2016,7.5
M,50-74,FR,2016,7.3
M,50-74,HR,2016,9.7
M,50-74,HU,2016,4.4
M,50-74,IE,2016,6.7
M,50-74,IS,2016,1.8
M,50-74,IT,2016,6.4
M,50-74,LT,2016,8.5
M,50-74,LU,2016,4.6
M,50-74,LV,2016,11.1
M,50-74,ME,2016,9.7
M,50-74,MK,2016,17.5
M,50-74,MT,2016,3.6
M,50-74,NL,2016,5.7
M,50-74,NO,2016,2.5
M,50-74,PL,2016,4.6
M,50-74,PT,2016,10.5
M,50-74,RO,2016,3.7
M,50-74,RS,2016,9.4
M,50-74,SE,2016,5.1
M,50-74,SI,2016,6.6
M,50-74,SK,2016,8.2
M,50-74,TR,2016,7.3
M,55-59,AT,2016,6.1
M,55-59,BE,2016,6.1
M,55-59,BG,2016,8.3
M,55-59,CH,2016,4.5
M,55-59,CY,2016,13.4
M,55-59,CZ,2016,4.0
M,55-59,DE,2016,3.7
M,55-59,DK,2016,4.4
M,55-59,EE,2016,10.4
M,55-59,GR,2016,19.4
M,55-59,ES,2016,17.3
M,55-59,FI,2016,8.7
M,55-59,FR,2016,7.8
M,55-59,HR,2016,12.1
M,55-59,HU,2016,3.6
M,55-59,IE,2016,7.7
M,55-59,IT,2016,6.5
M,55-59,LT,2016,8.8
M,55-59,LU,2016,6.3
M,55-59,LV,2016,13.5
M,55-59,ME,2016,10.4
M,55-59,MK,2016,19.6
M,55-59,MT,2016,4.2
M,55-59,NL,2016,5.2
M,55-59,NO,2016,2.7
M,55-59,PL,2016,5.1
M,55-59,PT,2016,12.9
M,55-59,RO,2016,4.9
M,55-59,RS,2016,10.2
M,55-59,SE,2016,5.9
M,55-59,SI,2016,7.2
M,55-59,SK,2016,9.3
M,55-59,TR,2016,7.6
M,55-64,AT,2016,5.9
M,55-64,BE,2016,5.4
M,55-64,BG,2016,8.0
M,55-64,CH,2016,4.3
M,55-64,CY,2016,13.5
M,55-64,CZ,2016,3.8
M,55-64,DE,2016,4.1
M,55-64,DK,2016,4.2
M,55-64,EE,2016,9.5
M,55-64,GR,2016,19.3
M,55-64,ES,2016,16.9
M,55-64,FI,2016,8.2
M,55-64,FR,2016,8.1
M,55-64,HR,2016,11.0
M,55-64,HU,2016,4.3
M,55-64,IE,2016,7.2
M,55-64,IT,2016,6.4
M,55-64,LT,2016,9.2
M,55-64,LU,2016,5.5
M,55-64,LV,2016,11.8
M,55-64,ME,2016,9.2
M,55-64,MK,2016,19.3
M,55-64,MT,2016,3.5
M,55-64,NL,2016,7.0
M,55-64,NO,2016,2.6
M,55-64,PL,2016,5.1
M,55-64,PT,2016,12.6
M,55-64,RO,2016,3.9
M,55-64,RS,2016,9.8
M,55-64,SE,2016,6.1
M,55-64,SI,2016,7.5
M,55-64,SK,2016,8.4
M,55-64,TR,2016,7.3
M,60-64,AT,2016,5.2
M,60-64,BE,2016,3.5
M,60-64,BG,2016,7.5
M,60-64,CH,2016,4.0
M,60-64,CY,2016,13.8
M,60-64,CZ,2016,3.6
M,60-64,DE,2016,4.8
M,60-64,DK,2016,3.9
M,60-64,EE,2016,8.1
M,60-64,GR,2016,19.1
M,60-64,ES,2016,15.9
M,60-64,FI,2016,7.4
M,60-64,FR,2016,9.0
M,60-64,HR,2016,9.2
M,60-64,HU,2016,5.5
M,60-64,IE,2016,6.4
M,60-64,IT,2016,6.2
M,60-64,LT,2016,9.9
M,60-64,LV,2016,8.6
M,60-64,MK,2016,18.8
M,60-64,NL,2016,9.4
M,60-64,NO,2016,2.4
M,60-64,PL,2016,5.0
M,60-64,PT,2016,12.1
M,60-64,RS,2016,9.1
M,60-64,SE,2016,6.4
M,60-64,SI,2016,8.1
M,60-64,SK,2016,6.2
M,60-64,TR,2016,6.9
M,65-69,GR,2016,17.5
M,65-69,ES,2016,3.1
M,65-69,FR,2016,2.1
M,65-69,IT,2016,2.1
M,65-69,NL,2016,4.5
M,65-69,NO,2016,1.4
M,65-69,SE,2016,2.3
M,65-69,TR,2016,4.3
M,65-74,GR,2016,15.2
M,65-74,ES,2016,3.5
M,65-74,FR,2016,2.0
M,65-74,IT,2016,1.8
M,65-74,NL,2016,4.2
M,65-74,NO,2016,1.1
M,65-74,SE,2016,2.3
M,65-74,TR,2016,3.7
M,70-74,FR,2016,1.4
M,70-74,TR,2016,2.3
F,15-19,AT,2017,14.4
F,15-19,BE,2017,19.0
F,15-19,CH,2017,8.9
F,15-19,CY,2017,44.0
F,15-19,CZ,2017,23.6
F,15-19,DE,2017,7.9
F,15-19,DK,2017,15.3
F,15-19,GR,2017,65.2
F,15-19,ES,2017,55.1
F,15-19,FI,2017,28.8
F,15-19,FR,2017,31.3
F,15-19,HR,2017,42.1
F,15-19,HU,2017,25.5
F,15-19,IE,2017,20.2
F,15-19,IS,2017,11.1
F,15-19,IT,2017,55.3
F,15-19,MK,2017,54.9
F,15-19,MT,2017,20.2
F,15-19,NL,2017,11.1
F,15-19,NO,2017,13.3
F,15-19,PL,2017,25.2
F,15-19,PT,2017,36.3
F,15-19,RO,2017,33.0
F,15-19,RS,2017,53.6
F,15-19,SE,2017,27.9
F,15-19,SI,2017,15.1
F,15-19,SK,2017,44.9
F,15-19,TR,2017,18.2
F,15-24,AT,2017,8.7
F,15-24,BE,2017,18.0
F,15-24,BG,2017,12.4
F,15-24,CH,2017,8.0
F,15-24,CY,2017,22.9
F,15-24,CZ,2017,8.7
F,15-24,DE,2017,5.8
F,15-24,DK,2017,11.9
F,15-24,EE,2017,9.5
F,15-24,GR,2017,48.2
F,15-24,ES,2017,37.4
F,15-24,FI,2017,19.3
F,15-24,FR,2017,21.2
F,15-24,HR,2017,27.2
F,15-24,HU,2017,12.1
F,15-24,IE,2017,12.6
F,15-24,IS,2017,7.1
F,15-24,IT,2017,37.3
F,15-24,LT,2017,11.7
F,15-24,LU,2017,13.2
F,15-24,LV,2017,15.4
F,15-24,ME,2017,33.1
F,15-24,MK,2017,48.6
F,15-24,MT,2017,9.9
F,15-24,NL,2017,8.8
F,15-24,NO,2017,9.0
F,15-24,PL,2017,15.1
F,15-24,PT,2017,25.3
F,15-24,RO,2017,18.6
F,15-24,RS,2017,36.3
F,15-24,SE,2017,17.0
F,15-24,SI,2017,13.0
F,15-24,SK,2017,20.2
F,15-24,TR,2017,25.6
F,15-29,AT,2017,7.0
F,15-29,BE,2017,12.7
F,15-29,BG,2017,9.4
F,15-29,CH,2017,6.8
F,15-29,CY,2017,18.7
F,15-29,CZ,2017,5.9
F,15-29,DE,2017,4.9
F,15-29,DK,2017,11.2
F,15-29,EE,2017,7.8
F,15-29,GR,2017,41.6
F,15-29,ES,2017,29.4
F,15-29,FI,2017,14.8
F,15-29,FR,2017,16.4
F,15-29,HR,2017,22.5
F,15-29,HU,2017,8.5
F,15-29,IE,2017,10.2
F,15-29,IS,2017,6.0
F,15-29,IT,2017,28.6
F,15-29,LT,2017,7.1
F,15-29,LU,2017,7.8
F,15-29,LV,2017,11.4
F,15-29,ME,2017,27.3
F,15-29,MK,2017,41.7
F,15-29,MT,2017,6.5
F,15-29,NL,2017,7.2
F,15-29,NO,2017,7.0
F,15-29,PL,2017,9.5
F,15-29,PT,2017,17.4
F,15-29,RO,2017,10.4
F,15-29,RS,2017,29.3
F,15-29,SE,2017,12.3
F,15-29,SI,2017,13.7
F,15-29,SK,2017,14.6
F,15-29,TR,2017,22.7
F,15-39,AT,2017,6.1
F,15-39,BE,2017,9.3
F,15-39,BG,2017,7.1
F,15-39,CH,2017,6.4
F,15-39,CY,2017,13.9
F,15-39,CZ,2017,5.0
F,15-39,DE,2017,4.2
F,15-39,DK,2017,9.3
F,15-39,EE,2017,6.7
F,15-39,GR,2017,32.5
F,15-39,ES,2017,22.0
F,15-39,FI,2017,11.2
F,15-39,FR,2017,12.7
F,15-39,HR,2017,15.4
F,15-39,HU,2017,6.1
F,15-39,IE,2017,7.3
F,15-39,IS,2017,4.0
F,15-39,IT,2017,19.4
F,15-39,LT,2017,5.3
F,15-39,LU,2017,6.4
F,15-39,LV,2017,10.0
F,15-39,ME,2017,22.9
F,15-39,MK,2017,28.9
F,15-39,MT,2017,5.1
F,15-39,NL,2017,5.9
F,15-39,NO,2017,5.8
F,15-39,PL,2017,6.4
F,15-39,PT,2017,12.3
F,15-39,RO,2017,5.9
F,15-39,RS,2017,20.6
F,15-39,SE,2017,9.1
F,15-39,SI,2017,10.3
F,15-39,SK,2017,10.8
F,15-39,TR,2017,18.2
F,15-59,AT,2017,5.2
F,15-59,BE,2017,7.2
F,15-59,BG,2017,6.0
F,15-59,CH,2017,5.4
F,15-59,CY,2017,11.8
F,15-59,CZ,2017,3.7
F,15-59,DE,2017,3.3
F,15-59,DK,2017,6.3
F,15-59,EE,2017,5.7
F,15-59,GR,2017,26.7
F,15-59,ES,2017,19.4
F,15-59,FI,2017,8.6
F,15-59,FR,2017,9.6
F,15-59,HR,2017,12.1
F,15-59,HU,2017,4.5
F,15-59,IE,2017,6.5
F,15-59,IS,2017,2.9
F,15-59,IT,2017,13.1
F,15-59,LT,2017,6.0
F,15-59,LU,2017,5.5
F,15-59,LV,2017,8.2
F,15-59,ME,2017,17.8
F,15-59,MK,2017,22.5
F,15-59,MT,2017,4.4
F,15-59,NL,2017,5.2
F,15-59,NO,2017,4.0
F,15-59,PL,2017,5.1
F,15-59,PT,2017,9.8
F,15-59,RO,2017,4.4
F,15-59,RS,2017,15.4
F,15-59,SE,2017,6.7
F,15-59,SI,2017,7.7
F,15-59,SK,2017,8.7
F,15-59,TR,2017,14.5
F,15-64,AT,2017,5.1
F,15-64,BE,2017,7.1
F,15-64,BG,2017,6.0
F,15-64,CH,2017,5.2
F,15-64,CY,2017,11.4
F,15-64,CZ,2017,3.6
F,15-64,DE,2017,3.4
F,15-64,DK,2017,6.2
F,15-64,EE,2017,5.4
F,15-64,GR,2017,26.3
F,15-64,ES,2017,19.1
F,15-64,FI,2017,8.5
F,15-64,FR,2017,9.5
F,15-64,HR,2017,11.9
F,15-64,HU,2017,4.6
F,15-64,IE,2017,6.4
F,15-64,IS,2017,2.8
F,15-64,IT,2017,12.5
F,15-64,LT,2017,5.9
F,15-64,LU,2017,5.5
F,15-64,LV,2017,7.9
F,15-64,ME,2017,17.2
F,15-64,MK,2017,22.0
F,15-64,MT,2017,4.3
F,15-64,NL,2017,5.3
F,15-64,NO,2017,3.8
F,15-64,PL,2017,5.0
F,15-64,PT,2017,9.6
F,15-64,RO,2017,4.2
F,15-64,RS,2017,14.8
F,15-64,SE,2017,6.5
F,15-64,SI,2017,7.6
F,15-64,SK,2017,8.5
F,15-64,TR,2017,14.2
F,15-74,AT,2017,5.0
F,15-74,BE,2017,7.1
F,15-74,BG,2017,6.0
F,15-74,CH,2017,5.1
F,15-74,CY,2017,11.3
F,15-74,CZ,2017,3.6
F,15-74,DE,2017,3.3
F,15-74,DK,2017,6.1
F,15-74,EE,2017,5.2
F,15-74,GR,2017,26.1
F,15-74,ES,2017,19.0
F,15-74,FI,2017,8.4
F,15-74,FR,2017,9.4
F,15-74,HR,2017,11.8
F,15-74,HU,2017,4.6
F,15-74,IE,2017,6.3
F,15-74,IS,2017,2.7
F,15-74,IT,2017,12.4
F,15-74,LT,2017,5.7
F,15-74,LU,2017,5.5
F,15-74,LV,2017,7.7
F,15-74,ME,2017,17.0
F,15-74,MK,2017,21.8
F,15-74,MT,2017,4.3
F,15-74,NL,2017,5.3
F,15-74,NO,2017,3.7
F,15-74,PL,2017,4.9
F,15-74,PT,2017,9.4
F,15-74,RO,2017,4.0
F,15-74,RS,2017,14.4
F,15-74,SE,2017,6.4
F,15-74,SI,2017,7.5
F,15-74,SK,2017,8.4
F,15-74,TR,2017,13.9
F,20-24,AT,2017,6.7
F,20-24,BE,2017,17.9
F,20-24,BG,2017,10.0
F,20-24,CH,2017,7.4
F,20-24,CY,2017,21.1
F,20-24,CZ,2017,7.2
F,20-24,DE,2017,5.0
F,20-24,DK,2017,9.8
F,20-24,EE,2017,8.0
F,20-24,GR,2017,45.8
F,20-24,ES,2017,34.2
F,20-24,FI,2017,14.7
F,20-24,FR,2017,19.0
F,20-24,HR,2017,24.5
F,20-24,HU,2017,10.6
F,20-24,IE,2017,9.8
F,20-24,IT,2017,34.6
F,20-24,LT,2017,11.4
F,20-24,LU,2017,10.2
F,20-24,LV,2017,15.3
F,20-24,ME,2017,30.5
F,20-24,MK,2017,47.6
F,20-24,MT,2017,7.1
F,20-24,NL,2017,6.9
F,20-24,NO,2017,6.6
F,20-24,PL,2017,14.2
F,20-24,PT,2017,23.4
F,20-24,RO,2017,15.6
F,20-24,RS,2017,33.2
F,20-24,SE,2017,11.9
F,20-24,SI,2017,12.5
F,20-24,SK,2017,17.2
F,20-24,TR,2017,28.9
F,20-29,AT,2017,5.8
F,20-29,BE,2017,12.4
F,20-29,BG,2017,8.6
F,20-29,CH,2017,6.2
F,20-29,CY,2017,17.9
F,20-29,CZ,2017,5.3
F,20-29,DE,2017,4.5
F,20-29,DK,2017,9.9
F,20-29,EE,2017,7.1
F,20-29,GR,2017,40.5
F,20-29,ES,2017,27.7
F,20-29,FI,2017,11.6
F,20-29,FR,2017,15.1
F,20-29,HR,2017,21.1
F,20-29,HU,2017,7.8
F,20-29,IE,2017,8.5
F,20-29,IS,2017,4.1
F,20-29,IT,2017,27.2
F,20-29,LT,2017,6.8
F,20-29,LU,2017,6.5
F,20-29,LV,2017,11.1
F,20-29,ME,2017,26.0
F,20-29,MK,2017,41.0
F,20-29,MT,2017,5.0
F,20-29,NL,2017,5.8
F,20-29,NO,2017,5.5
F,20-29,PL,2017,9.0
F,20-29,PT,2017,16.1
F,20-29,RO,2017,8.8
F,20-29,RS,2017,27.9
F,20-29,SE,2017,9.3
F,20-29,SI,2017,13.5
F,20-29,SK,2017,13.4
F,20-29,TR,2017,23.5
F,20-64,AT,2017,4.8
F,20-64,BE,2017,7.0
F,20-64,BG,2017,5.9
F,20-64,CH,2017,5.0
F,20-64,CY,2017,11.2
F,20-64,CZ,2017,3.5
F,20-64,DE,2017,3.2
F,20-64,DK,2017,5.6
F,20-64,EE,2017,5.3
F,20-64,GR,2017,26.0
F,20-64,ES,2017,18.8
F,20-64,FI,2017,7.6
F,20-64,FR,2017,9.1
F,20-64,HR,2017,11.5
F,20-64,HU,2017,4.5
F,20-64,IE,2017,5.9
F,20-64,IS,2017,2.1
F,20-64,IT,2017,12.2
F,20-64,LT,2017,5.8
F,20-64,LU,2017,5.2
F,20-64,LV,2017,7.9
F,20-64,ME,2017,16.8
F,20-64,MK,2017,21.6
F,20-64,MT,2017,3.8
F,20-64,NL,2017,4.8
F,20-64,NO,2017,3.3
F,20-64,PL,2017,4.8
F,20-64,PT,2017,9.3
F,20-64,RO,2017,3.8
F,20-64,RS,2017,14.4
F,20-64,SE,2017,5.7
F,20-64,SI,2017,7.5
F,20-64,SK,2017,8.2
F,20-64,TR,2017,13.9
F,25-29,AT,2017,5.2
F,25-29,BE,2017,9.7
F,25-29,BG,2017,8.0
F,25-29,CH,2017,5.2
F,25-29,CY,2017,16.0
F,25-29,CZ,2017,4.3
F,25-29,DE,2017,4.1
F,25-29,DK,2017,10.1
F,25-29,EE,2017,6.5
F,25-29,GR,2017,37.8
F,25-29,ES,2017,24.0
F,25-29,FI,2017,8.9
F,25-29,FR,2017,12.4
F,25-29,HR,2017,19.1
F,25-29,HU,2017,6.1
F,25-29,IE,2017,7.4
F,25-29,IT,2017,23.1
F,25-29,LT,2017,3.5
F,25-29,LU,2017,4.9
F,25-29,LV,2017,9.0
F,25-29,ME,2017,23.6
F,25-29,MK,2017,37.7
F,25-29,MT,2017,3.7
F,25-29,NL,2017,4.7
F,25-29,NO,2017,4.7
F,25-29,PL,2017,6.1
F,25-29,PT,2017,11.7
F,25-29,RO,2017,5.5
F,25-29,RS,2017,25.2
F,25-29,SE,2017,7.4
F,25-29,SI,2017,14.1
F,25-29,SK,2017,11.3
F,25-29,TR,2017,19.0
F,25-49,AT,2017,5.0
F,25-49,BE,2017,6.5
F,25-49,BG,2017,5.8
F,25-49,CH,2017,5.3
F,25-49,CY,2017,11.1
F,25-49,CZ,2017,3.6
F,25-49,DE,2017,3.3
F,25-49,DK,2017,6.1
F,25-49,EE,2017,5.4
F,25-49,GR,2017,26.7
F,25-49,ES,2017,18.4
F,25-49,FI,2017,7.2
F,25-49,FR,2017,9.2
F,25-49,HR,2017,11.3
F,25-49,HU,2017,4.1
F,25-49,IE,2017,5.6
F,25-49,IS,2017,2.1
F,25-49,IT,2017,13.4
F,25-49,LT,2017,4.5
F,25-49,LU,2017,5.3
F,25-49,LV,2017,7.7
F,25-49,ME,2017,18.3
F,25-49,MK,2017,21.3
F,25-49,MT,2017,3.5
F,25-49,NL,2017,4.2
F,25-49,NO,2017,3.8
F,25-49,PL,2017,4.4
F,25-49,PT,2017,8.7
F,25-49,RO,2017,3.4
F,25-49,RS,2017,15.4
F,25-49,SE,2017,5.6
F,25-49,SI,2017,8.0
F,25-49,SK,2017,7.9
F,25-49,TR,2017,13.0
F,25-54,AT,2017,4.7
F,25-54,BE,2017,6.2
F,25-54,BG,2017,5.8
F,25-54,CH,2017,5.1
F,25-54,CY,2017,10.9
F,25-54,CZ,2017,3.4
F,25-54,DE,2017,3.1
F,25-54,DK,2017,5.5
F,25-54,EE,2017,5.3
F,25-54,GR,2017,25.6
F,25-54,ES,2017,18.2
F,25-54,FI,2017,6.9
F,25-54,FR,2017,8.8
F,25-54,HR,2017,10.9
F,25-54,HU,2017,4.0
F,25-54,IE,2017,5.4
F,25-54,IS,2017,2.0
F,25-54,IT,2017,12.3
F,25-54,LT,2017,5.1
F,25-54,LU,2017,5.0
F,25-54,LV,2017,7.5
F,25-54,ME,2017,17.0
F,25-54,MK,2017,20.6
F,25-54,MT,2017,3.4
F,25-54,NL,2017,4.2
F,25-54,NO,2017,3.4
F,25-54,PL,2017,4.4
F,25-54,PT,2017,8.5
F,25-54,RO,2017,3.3
F,25-54,RS,2017,14.6
F,25-54,SE,2017,5.2
F,25-54,SI,2017,7.5
F,25-54,SK,2017,8.0
F,25-54,TR,2017,12.4
F,25-59,AT,2017,4.7
F,25-59,BE,2017,6.3
F,25-59,BG,2017,5.7
F,25-59,CH,2017,4.9
F,25-59,CY,2017,10.5
F,25-59,CZ,2017,3.4
F,25-59,DE,2017,3.1
F,25-59,DK,2017,5.2
F,25-59,EE,2017,5.3
F,25-59,GR,2017,25.3
F,25-59,ES,2017,18.0
F,25-59,FI,2017,6.8
F,25-59,FR,2017,8.4
F,25-59,HR,2017,10.7
F,25-59,HU,2017,3.9
F,25-59,IE,2017,5.5
F,25-59,IS,2017,2.0
F,25-59,IT,2017,11.5
F,25-59,LT,2017,5.5
F,25-59,LU,2017,4.9
F,25-59,LV,2017,7.6
F,25-59,ME,2017,16.1
F,25-59,MK,2017,20.0
F,25-59,MT,2017,3.4
F,25-59,NL,2017,4.3
F,25-59,NO,2017,3.2
F,25-59,PL,2017,4.3
F,25-59,PT,2017,8.5
F,25-59,RO,2017,3.2
F,25-59,RS,2017,14.0
F,25-59,SE,2017,5.1
F,25-59,SI,2017,7.3
F,25-59,SK,2017,7.9
F,25-59,TR,2017,11.9
F,25-64,AT,2017,4.6
F,25-64,BE,2017,6.3
F,25-64,BG,2017,5.7
F,25-64,CH,2017,4.8
F,25-64,CY,2017,10.2
F,25-64,CZ,2017,3.3
F,25-64,DE,2017,3.1
F,25-64,DK,2017,5.1
F,25-64,EE,2017,5.1
F,25-64,GR,2017,24.9
F,25-64,ES,2017,17.8
F,25-64,FI,2017,6.9
F,25-64,FR,2017,8.3
F,25-64,HR,2017,10.5
F,25-64,HU,2017,4.1
F,25-64,IE,2017,5.5
F,25-64,IS,2017,1.9
F,25-64,IT,2017,11.0
F,25-64,LT,2017,5.4
F,25-64,LU,2017,4.9
F,25-64,LV,2017,7.4
F,25-64,ME,2017,15.5
F,25-64,MK,2017,19.6
F,25-64,MT,2017,3.3
F,25-64,NL,2017,4.5
F,25-64,NO,2017,3.0
F,25-64,PL,2017,4.2
F,25-64,PT,2017,8.4
F,25-64,RO,2017,3.1
F,25-64,RS,2017,13.3
F,25-64,SE,2017,5.0
F,25-64,SI,2017,7.2
F,25-64,SK,2017,7.7
F,25-64,TR,2017,11.6
F,25-74,AT,2017,4.5
F,25-74,BE,2017,6.2
F,25-74,BG,2017,5.7
F,25-74,CH,2017,4.6
F,25-74,CY,2017,10.0
F,25-74,CZ,2017,3.3
F,25-74,DE,2017,3.1
F,25-74,DK,2017,5.0
F,25-74,EE,2017,4.9
F,25-74,GR,2017,24.7
F,25-74,ES,2017,17.7
F,25-74,FI,2017,6.8
F,25-74,FR,2017,8.2
F,25-74,HR,2017,10.4
F,25-74,HU,2017,4.0
F,25-74,IE,2017,5.4
F,25-74,IS,2017,1.8
F,25-74,IT,2017,10.9
F,25-74,LT,2017,5.3
F,25-74,LU,2017,4.9
F,25-74,LV,2017,7.1
F,25-74,ME,2017,15.3
F,25-74,MK,2017,19.5
F,25-74,MT,2017,3.3
F,25-74,NL,2017,4.5
F,25-74,NO,2017,2.9
F,25-74,PL,2017,4.1
F,25-74,PT,2017,8.3
F,25-74,RO,2017,3.0
F,25-74,RS,2017,13.0
F,25-74,SE,2017,5.0
F,25-74,SI,2017,7.1
F,25-74,SK,2017,7.6
F,25-74,TR,2017,11.4
F,30-34,AT,2017,5.1
F,30-34,BE,2017,7.2
F,30-34,BG,2017,6.2
F,30-34,CH,2017,5.9
F,30-34,CY,2017,9.9
F,30-34,CZ,2017,4.6
F,30-34,DE,2017,3.6
F,30-34,DK,2017,6.3
F,30-34,EE,2017,7.7
F,30-34,GR,2017,28.1
F,30-34,ES,2017,18.1
F,30-34,FI,2017,8.4
F,30-34,FR,2017,10.8
F,30-34,HR,2017,13.0
F,30-34,HU,2017,4.1
F,30-34,IE,2017,5.3
F,30-34,IT,2017,15.5
F,30-34,LT,2017,3.9
F,30-34,LU,2017,6.1
F,30-34,LV,2017,9.6
F,30-34,ME,2017,18.0
F,30-34,MK,2017,22.7
F,30-34,MT,2017,3.4
F,30-34,NL,2017,4.5
F,30-34,NO,2017,4.6
F,30-34,PL,2017,4.7
F,30-34,PT,2017,9.3
F,30-34,RO,2017,3.2
F,30-34,RS,2017,16.2
F,30-34,SE,2017,5.9
F,30-34,SI,2017,10.0
F,30-34,SK,2017,8.5
F,30-34,TR,2017,14.0
F,30-54,AT,2017,4.7
F,30-54,BE,2017,5.5
F,30-54,BG,2017,5.5
F,30-54,CH,2017,5.1
F,30-54,CY,2017,9.6
F,30-54,CZ,2017,3.3
F,30-54,DE,2017,2.9
F,30-54,DK,2017,4.7
F,30-54,EE,2017,5.1
F,30-54,GR,2017,23.9
F,30-54,ES,2017,17.4
F,30-54,FI,2017,6.5
F,30-54,FR,2017,8.2
F,30-54,HR,2017,9.5
F,30-54,HU,2017,3.7
F,30-54,IE,2017,5.1
F,30-54,IS,2017,1.5
F,30-54,IT,2017,10.9
F,30-54,LT,2017,5.4
F,30-54,LU,2017,5.0
F,30-54,LV,2017,7.2
F,30-54,ME,2017,15.3
F,30-54,MK,2017,17.1
F,30-54,MT,2017,3.4
F,30-54,NL,2017,4.1
F,30-54,NO,2017,3.2
F,30-54,PL,2017,4.1
F,30-54,PT,2017,8.0
F,30-54,RO,2017,2.9
F,30-54,RS,2017,13.0
F,30-54,SE,2017,4.8
F,30-54,SI,2017,6.4
F,30-54,SK,2017,7.4
F,30-54,TR,2017,10.8
F,30-64,AT,2017,4.5
F,30-64,BE,2017,5.7
F,30-64,BG,2017,5.4
F,30-64,CH,2017,4.7
F,30-64,CY,2017,8.9
F,30-64,CZ,2017,3.2
F,30-64,DE,2017,3.0
F,30-64,DK,2017,4.4
F,30-64,EE,2017,4.9
F,30-64,GR,2017,23.3
F,30-64,ES,2017,17.1
F,30-64,FI,2017,6.7
F,30-64,FR,2017,7.7
F,30-64,HR,2017,9.3
F,30-64,HU,2017,3.8
F,30-64,IE,2017,5.2
F,30-64,IS,2017,1.5
F,30-64,IT,2017,9.7
F,30-64,LT,2017,5.6
F,30-64,LU,2017,4.9
F,30-64,LV,2017,7.2
F,30-64,ME,2017,13.9
F,30-64,MK,2017,16.4
F,30-64,MT,2017,3.2
F,30-64,NL,2017,4.5
F,30-64,NO,2017,2.7
F,30-64,PL,2017,3.9
F,30-64,PT,2017,8.0
F,30-64,RO,2017,2.8
F,30-64,RS,2017,11.8
F,30-64,SE,2017,4.7
F,30-64,SI,2017,6.3
F,30-64,SK,2017,7.2
F,30-64,TR,2017,10.0
F,30-74,AT,2017,4.4
F,30-74,BE,2017,5.7
F,30-74,BG,2017,5.4
F,30-74,CH,2017,4.6
F,30-74,CY,2017,8.8
F,30-74,CZ,2017,3.2
F,30-74,DE,2017,2.9
F,30-74,DK,2017,4.3
F,30-74,EE,2017,4.7
F,30-74,GR,2017,23.1
F,30-74,ES,2017,17.0
F,30-74,FI,2017,6.5
F,30-74,FR,2017,7.7
F,30-74,HR,2017,9.2
F,30-74,HU,2017,3.8
F,30-74,IE,2017,5.1
F,30-74,IS,2017,1.5
F,30-74,IT,2017,9.6
F,30-74,LT,2017,5.4
F,30-74,LU,2017,4.9
F,30-74,LV,2017,6.9
F,30-74,ME,2017,13.6
F,30-74,MK,2017,16.2
F,30-74,MT,2017,3.2
F,30-74,NL,2017,4.5
F,30-74,NO,2017,2.6
F,30-74,PL,2017,3.8
F,30-74,PT,2017,7.9
F,30-74,RO,2017,2.7
F,30-74,RS,2017,11.4
F,30-74,SE,2017,4.6
F,30-74,SI,2017,6.2
F,30-74,SK,2017,7.1
F,30-74,TR,2017,9.7
F,35-39,AT,2017,5.2
F,35-39,BE,2017,6.3
F,35-39,BG,2017,5.5
F,35-39,CH,2017,5.9
F,35-39,CY,2017,9.4
F,35-39,CZ,2017,4.4
F,35-39,DE,2017,3.4
F,35-39,DK,2017,7.4
F,35-39,EE,2017,4.0
F,35-39,GR,2017,26.3
F,35-39,ES,2017,16.8
F,35-39,FI,2017,6.4
F,35-39,FR,2017,8.6
F,35-39,HR,2017,8.0
F,35-39,HU,2017,4.6
F,35-39,IE,2017,4.5
F,35-39,IT,2017,11.9
F,35-39,LT,2017,4.1
F,35-39,LU,2017,4.6
F,35-39,LV,2017,8.0
F,35-39,ME,2017,19.4
F,35-39,MK,2017,15.8
F,35-39,MT,2017,3.5
F,35-39,NL,2017,3.6
F,35-39,NO,2017,4.4
F,35-39,PL,2017,4.1
F,35-39,PT,2017,8.6
F,35-39,RO,2017,2.6
F,35-39,RS,2017,14.5
F,35-39,SE,2017,5.3
F,35-39,SI,2017,6.5
F,35-39,SK,2017,8.1
F,35-39,TR,2017,12.4
F,40-44,AT,2017,5.2
F,40-44,BE,2017,4.6
F,40-44,BG,2017,5.6
F,40-44,CH,2017,5.4
F,40-44,CY,2017,10.4
F,40-44,CZ,2017,2.8
F,40-44,DE,2017,3.0
F,40-44,DK,2017,3.7
F,40-44,EE,2017,5.7
F,40-44,GR,2017,23.3
F,40-44,ES,2017,17.1
F,40-44,FI,2017,6.7
F,40-44,FR,2017,7.7
F,40-44,HR,2017,9.6
F,40-44,HU,2017,3.5
F,40-44,IE,2017,5.7
F,40-44,IT,2017,11.1
F,40-44,LT,2017,5.5
F,40-44,LU,2017,5.5
F,40-44,LV,2017,7.6
F,40-44,ME,2017,13.5
F,40-44,MK,2017,15.3
F,40-44,MT,2017,3.3
F,40-44,NL,2017,3.7
F,40-44,PL,2017,3.8
F,40-44,PT,2017,7.9
F,40-44,RO,2017,2.8
F,40-44,RS,2017,12.2
F,40-44,SE,2017,4.9
F,40-44,SI,2017,6.4
F,40-44,SK,2017,6.0
F,40-44,TR,2017,9.9
F,40-59,AT,2017,4.4
F,40-59,BE,2017,5.3
F,40-59,BG,2017,5.2
F,40-59,CH,2017,4.3
F,40-59,CY,2017,9.0
F,40-59,CZ,2017,2.8
F,40-59,DE,2017,2.7
F,40-59,DK,2017,3.5
F,40-59,EE,2017,4.8
F,40-59,GR,2017,21.7
F,40-59,ES,2017,17.2
F,40-59,FI,2017,6.1
F,40-59,FR,2017,7.0
F,40-59,HR,2017,9.0
F,40-59,HU,2017,3.4
F,40-59,IE,2017,5.5
F,40-59,IS,2017,1.7
F,40-59,IT,2017,8.7
F,40-59,LT,2017,6.5
F,40-59,LU,2017,4.6
F,40-59,LV,2017,6.7
F,40-59,ME,2017,12.1
F,40-59,MK,2017,15.0
F,40-59,MT,2017,3.3
F,40-59,NL,2017,4.4
F,40-59,NO,2017,2.1
F,40-59,PL,2017,3.8
F,40-59,PT,2017,7.7
F,40-59,RO,2017,2.9
F,40-59,RS,2017,10.7
F,40-59,SE,2017,4.2
F,40-59,SI,2017,5.4
F,40-59,SK,2017,6.9
F,40-59,TR,2017,7.9
F,40-64,AT,2017,4.2
F,40-64,BE,2017,5.2
F,40-64,BG,2017,5.3
F,40-64,CH,2017,4.2
F,40-64,CY,2017,8.5
F,40-64,CZ,2017,2.7
F,40-64,DE,2017,2.8
F,40-64,DK,2017,3.5
F,40-64,EE,2017,4.5
F,40-64,GR,2017,21.3
F,40-64,ES,2017,17.0
F,40-64,FI,2017,6.4
F,40-64,FR,2017,6.9
F,40-64,HR,2017,8.7
F,40-64,HU,2017,3.6
F,40-64,IE,2017,5.4
F,40-64,IS,2017,1.6
F,40-64,IT,2017,8.3
F,40-64,LT,2017,6.3
F,40-64,LU,2017,4.5
F,40-64,LV,2017,6.5
F,40-64,ME,2017,11.4
F,40-64,MK,2017,14.5
F,40-64,MT,2017,3.1
F,40-64,NL,2017,4.7
F,40-64,NO,2017,1.9
F,40-64,PL,2017,3.6
F,40-64,PT,2017,7.7
F,40-64,RO,2017,2.8
F,40-64,RS,2017,10.0
F,40-64,SE,2017,4.3
F,40-64,SI,2017,5.3
F,40-64,SK,2017,6.7
F,40-64,TR,2017,7.4
F,45-49,AT,2017,4.3
F,45-49,BE,2017,4.8
F,45-49,BG,2017,4.7
F,45-49,CH,2017,4.3
F,45-49,CY,2017,8.9
F,45-49,CZ,2017,2.4
F,45-49,DE,2017,2.5
F,45-49,DK,2017,3.8
F,45-49,EE,2017,3.6
F,45-49,GR,2017,21.7
F,45-49,ES,2017,17.6
F,45-49,FI,2017,6.0
F,45-49,FR,2017,7.0
F,45-49,HR,2017,8.3
F,45-49,HU,2017,2.7
F,45-49,IE,2017,5.6
F,45-49,IT,2017,9.6
F,45-49,LT,2017,5.4
F,45-49,LU,2017,5.4
F,45-49,LV,2017,4.6
F,45-49,ME,2017,15.9
F,45-49,MK,2017,14.2
F,45-49,NL,2017,4.4
F,45-49,PL,2017,3.6
F,45-49,PT,2017,7.2
F,45-49,RO,2017,3.3
F,45-49,RS,2017,11.1
F,45-49,SE,2017,4.2
F,45-49,SI,2017,4.6
F,45-49,SK,2017,6.5
F,45-49,TR,2017,7.7
F,50-54,AT,2017,3.8
F,50-54,BE,2017,4.8
F,50-54,BG,2017,5.6
F,50-54,CH,2017,4.0
F,50-54,CY,2017,9.3
F,50-54,CZ,2017,2.8
F,50-54,DE,2017,2.5
F,50-54,DK,2017,2.9
F,50-54,EE,2017,4.8
F,50-54,GR,2017,19.9
F,50-54,ES,2017,17.4
F,50-54,FI,2017,5.5
F,50-54,FR,2017,7.3
F,50-54,HR,2017,8.6
F,50-54,HU,2017,3.8
F,50-54,IE,2017,4.1
F,50-54,IT,2017,7.8
F,50-54,LT,2017,7.6
F,50-54,LU,2017,3.2
F,50-54,LV,2017,6.4
F,50-54,ME,2017,9.9
F,50-54,MK,2017,16.2
F,50-54,NL,2017,4.2
F,50-54,PL,2017,4.1
F,50-54,PT,2017,7.3
F,50-54,RO,2017,2.3
F,50-54,RS,2017,10.5
F,50-54,SE,2017,3.5
F,50-54,SI,2017,5.0
F,50-54,SK,2017,8.1
F,50-54,TR,2017,6.9
F,50-59,AT,2017,4.0
F,50-59,BE,2017,5.9
F,50-59,BG,2017,5.4
F,50-59,CH,2017,3.9
F,50-59,CY,2017,8.1
F,50-59,CZ,2017,3.1
F,50-59,DE,2017,2.6
F,50-59,DK,2017,3.2
F,50-59,EE,2017,4.9
F,50-59,GR,2017,20.5
F,50-59,ES,2017,17.0
F,50-59,FI,2017,6.0
F,50-59,FR,2017,6.6
F,50-59,HR,2017,8.9
F,50-59,HU,2017,3.6
F,50-59,IE,2017,5.1
F,50-59,IT,2017,6.8
F,50-59,LT,2017,7.5
F,50-59,LU,2017,3.4
F,50-59,LV,2017,7.3
F,50-59,ME,2017,9.1
F,50-59,MK,2017,15.4
F,50-59,MT,2017,3.1
F,50-59,NL,2017,4.6
F,50-59,PL,2017,3.9
F,50-59,PT,2017,7.9
F,50-59,RO,2017,2.7
F,50-59,RS,2017,9.6
F,50-59,SE,2017,3.8
F,50-59,SI,2017,5.3
F,50-59,SK,2017,7.7
F,50-59,TR,2017,5.7
F,50-64,AT,2017,3.8
F,50-64,BE,2017,5.7
F,50-64,BG,2017,5.4
F,50-64,CH,2017,3.6
F,50-64,CY,2017,7.3
F,50-64,CZ,2017,2.9
F,50-64,DE,2017,2.8
F,50-64,DK,2017,3.3
F,50-64,EE,2017,4.4
F,50-64,GR,2017,19.8
F,50-64,ES,2017,16.6
F,50-64,FI,2017,6.4
F,50-64,FR,2017,6.5
F,50-64,HR,2017,8.4
F,50-64,HU,2017,4.1
F,50-64,IE,2017,5.0
F,50-64,IT,2017,6.3
F,50-64,LT,2017,6.9
F,50-64,LU,2017,3.3
F,50-64,LV,2017,6.8
F,50-64,ME,2017,8.2
F,50-64,MK,2017,14.2
F,50-64,MT,2017,2.6
F,50-64,NL,2017,5.1
F,50-64,PL,2017,3.5
F,50-64,PT,2017,7.7
F,50-64,RO,2017,2.3
F,50-64,RS,2017,8.3
F,50-64,SE,2017,4.0
F,50-64,SI,2017,5.1
F,50-64,SK,2017,7.1
F,50-64,TR,2017,5.0
F,50-74,AT,2017,3.6
F,50-74,BE,2017,5.6
F,50-74,BG,2017,5.3
F,50-74,CH,2017,3.4
F,50-74,CY,2017,7.0
F,50-74,CZ,2017,2.7
F,50-74,DE,2017,2.7
F,50-74,DK,2017,3.1
F,50-74,EE,2017,4.1
F,50-74,GR,2017,19.4
F,50-74,ES,2017,16.3
F,50-74,FI,2017,6.2
F,50-74,FR,2017,6.4
F,50-74,HR,2017,8.2
F,50-74,HU,2017,4.0
F,50-74,IE,2017,4.9
F,50-74,IT,2017,6.2
F,50-74,LT,2017,6.3
F,50-74,LU,2017,3.5
F,50-74,LV,2017,6.3
F,50-74,ME,2017,7.8
F,50-74,MK,2017,13.9
F,50-74,MT,2017,2.6
F,50-74,NL,2017,5.1
F,50-74,PL,2017,3.4
F,50-74,PT,2017,7.3
F,50-74,RO,2017,2.0
F,50-74,RS,2017,7.6
F,50-74,SE,2017,4.0
F,50-74,SI,2017,4.9
F,50-74,SK,2017,7.0
F,50-74,TR,2017,4.6
F,55-59,AT,2017,4.4
F,55-59,BE,2017,7.2
F,55-59,BG,2017,5.1
F,55-59,CH,2017,3.7
F,55-59,CY,2017,6.5
F,55-59,CZ,2017,3.4
F,55-59,DE,2017,2.8
F,55-59,DK,2017,3.4
F,55-59,EE,2017,5.0
F,55-59,GR,2017,21.5
F,55-59,ES,2017,16.6
F,55-59,FI,2017,6.4
F,55-59,FR,2017,5.7
F,55-59,HR,2017,9.3
F,55-59,HU,2017,3.4
F,55-59,IE,2017,6.4
F,55-59,IT,2017,5.6
F,55-59,LT,2017,7.5
F,55-59,LV,2017,8.2
F,55-59,MK,2017,14.3
F,55-59,NL,2017,5.2
F,55-59,PL,2017,3.7
F,55-59,PT,2017,8.6
F,55-59,RO,2017,3.1
F,55-59,RS,2017,8.4
F,55-59,SE,2017,4.1
F,55-59,SI,2017,5.6
F,55-59,SK,2017,7.3
F,55-59,TR,2017,3.7
F,55-64,AT,2017,3.7
F,55-64,BE,2017,6.5
F,55-64,BG,2017,5.3
F,55-64,CH,2017,3.3
F,55-64,CY,2017,5.6
F,55-64,CZ,2017,2.9
F,55-64,DE,2017,3.1
F,55-64,DK,2017,3.6
F,55-64,EE,2017,4.3
F,55-64,GR,2017,19.7
F,55-64,ES,2017,15.9
F,55-64,FI,2017,7.0
F,55-64,FR,2017,5.9
F,55-64,HR,2017,8.2
F,55-64,HU,2017,4.3
F,55-64,IE,2017,5.7
F,55-64,IT,2017,5.0
F,55-64,LT,2017,6.4
F,55-64,LV,2017,7.1
F,55-64,MK,2017,12.4
F,55-64,NL,2017,5.8
F,55-64,PL,2017,3.1
F,55-64,PT,2017,8.1
F,55-64,RO,2017,2.3
F,55-64,RS,2017,6.6
F,55-64,SE,2017,4.4
F,55-64,SI,2017,5.3
F,55-64,SK,2017,6.4
F,55-64,TR,2017,3.1
F,60-64,BE,2017,4.7
F,60-64,BG,2017,5.5
F,60-64,CH,2017,2.8
F,60-64,CZ,2017,1.7
F,60-64,DE,2017,3.6
F,60-64,DK,2017,3.7
F,60-64,GR,2017,16.1
F,60-64,ES,2017,14.7
F,60-64,FI,2017,7.8
F,60-64,FR,2017,6.2
F,60-64,HR,2017,5.4
F,60-64,HU,2017,6.1
F,60-64,IE,2017,4.7
F,60-64,IT,2017,3.8
F,60-64,LT,2017,4.3
F,60-64,LV,2017,5.4
F,60-64,MK,2017,8.0
F,60-64,NL,2017,6.9
F,60-64,PT,2017,7.1
F,60-64,RS,2017,3.2
F,60-64,SE,2017,4.7
F,60-64,SK,2017,4.2
F,60-64,TR,2017,2.3
F,65-69,CZ,2017,1.4
F,65-69,GR,2017,12.8
F,65-69,ES,2017,4.6
F,65-69,FR,2017,2.5
F,65-69,IT,2017,2.8
F,65-69,NL,2017,4.7
F,65-69,SE,2017,3.2
F,65-69,TR,2017,1.3
F,65-74,CZ,2017,1.1
F,65-74,GR,2017,12.3
F,65-74,ES,2017,4.5
F,65-74,FR,2017,2.5
F,65-74,IT,2017,3.0
F,65-74,NL,2017,5.0
F,65-74,SE,2017,3.5
F,65-74,TR,2017,0.9
F,70-74,FR,2017,2.3
M,15-19,AT,2017,11.1
M,15-19,BE,2017,26.1
M,15-19,BG,2017,25.6
M,15-19,CH,2017,8.1
M,15-19,CY,2017,35.5
M,15-19,CZ,2017,21.0
M,15-19,DE,2017,8.5
M,15-19,DK,2017,18.3
M,15-19,EE,2017,26.7
M,15-19,GR,2017,46.0
M,15-19,ES,2017,54.1
M,15-19,FI,2017,29.3
M,15-19,FR,2017,26.0
M,15-19,HR,2017,43.9
M,15-19,HU,2017,23.0
M,15-19,IE,2017,21.2
M,15-19,IS,2017,8.7
M,15-19,IT,2017,49.9
M,15-19,LT,2017,18.0
M,15-19,MK,2017,59.3
M,15-19,MT,2017,22.0
M,15-19,NL,2017,11.8
M,15-19,NO,2017,17.0
M,15-19,PL,2017,21.2
M,15-19,PT,2017,35.6
M,15-19,RO,2017,23.5
M,15-19,RS,2017,42.3
M,15-19,SE,2017,31.8
M,15-19,SI,2017,11.8
M,15-19,SK,2017,45.7
M,15-19,TR,2017,16.3
M,15-24,AT,2017,10.8
M,15-24,BE,2017,20.2
M,15-24,BG,2017,13.3
M,15-24,CH,2017,8.1
M,15-24,CY,2017,27.0
M,15-24,CZ,2017,7.4
M,15-24,DE,2017,7.6
M,15-24,DK,2017,12.9
M,15-24,EE,2017,14.7
M,15-24,GR,2017,39.3
M,15-24,ES,2017,39.5
M,15-24,FI,2017,20.9
M,15-24,FR,2017,23.0
M,15-24,HR,2017,27.5
M,15-24,HU,2017,9.7
M,15-24,IE,2017,16.1
M,15-24,IS,2017,8.6
M,15-24,IT,2017,33.0
M,15-24,LT,2017,14.6
M,15-24,LU,2017,17.2
M,15-24,LV,2017,18.3
M,15-24,ME,2017,30.7
M,15-24,MK,2017,45.7
M,15-24,MT,2017,11.1
M,15-24,NL,2017,9.0
M,15-24,NO,2017,11.7
M,15-24,PL,2017,14.6
M,15-24,PT,2017,22.4
M,15-24,RO,2017,18.1
M,15-24,RS,2017,29.2
M,15-24,SE,2017,18.8
M,15-24,SI,2017,9.9
M,15-24,SK,2017,18.1
M,15-24,TR,2017,17.7
M,15-29,AT,2017,9.2
M,15-29,BE,2017,14.2
M,15-29,BG,2017,10.2
M,15-29,CH,2017,7.2
M,15-29,CY,2017,18.8
M,15-29,CZ,2017,4.5
M,15-29,DE,2017,6.6
M,15-29,DK,2017,11.4
M,15-29,EE,2017,8.7
M,15-29,GR,2017,30.3
M,15-29,ES,2017,29.5
M,15-29,FI,2017,15.4
M,15-29,FR,2017,17.4
M,15-29,HR,2017,21.2
M,15-29,HU,2017,6.3
M,15-29,IE,2017,12.7
M,15-29,IS,2017,6.2
M,15-29,IT,2017,25.3
M,15-29,LT,2017,9.7
M,15-29,LU,2017,10.9
M,15-29,LV,2017,11.7
M,15-29,ME,2017,25.9
M,15-29,MK,2017,37.6
M,15-29,MT,2017,8.0
M,15-29,NL,2017,7.0
M,15-29,NO,2017,8.5
M,15-29,PL,2017,9.3
M,15-29,PT,2017,16.2
M,15-29,RO,2017,12.7
M,15-29,RS,2017,24.8
M,15-29,SE,2017,13.4
M,15-29,SI,2017,8.4
M,15-29,SK,2017,12.4
M,15-29,TR,2017,15.1
M,15-39,AT,2017,7.3
M,15-39,BE,2017,9.6
M,15-39,BG,2017,7.4
M,15-39,CH,2017,5.6
M,15-39,CY,2017,14.1
M,15-39,CZ,2017,2.9
M,15-39,DE,2017,5.5
M,15-39,DK,2017,8.4
M,15-39,EE,2017,6.9
M,15-39,GR,2017,22.4
M,15-39,ES,2017,19.6
M,15-39,FI,2017,11.1
M,15-39,FR,2017,12.6
M,15-39,HR,2017,14.5
M,15-39,HU,2017,4.8
M,15-39,IE,2017,9.2
M,15-39,IS,2017,4.4
M,15-39,IT,2017,16.2
M,15-39,LT,2017,8.5
M,15-39,LU,2017,7.3
M,15-39,LV,2017,9.8
M,15-39,ME,2017,21.2
M,15-39,MK,2017,28.6
M,15-39,MT,2017,5.3
M,15-39,NL,2017,5.2
M,15-39,NO,2017,6.6
M,15-39,PL,2017,6.3
M,15-39,PT,2017,10.8
M,15-39,RO,2017,8.0
M,15-39,RS,2017,18.0
M,15-39,SE,2017,9.6
M,15-39,SI,2017,6.4
M,15-39,SK,2017,9.6
M,15-39,TR,2017,11.2
M,15-59,AT,2017,6.1
M,15-59,BE,2017,7.3
M,15-59,BG,2017,6.5
M,15-59,CH,2017,4.8
M,15-59,CY,2017,11.3
M,15-59,CZ,2017,2.4
M,15-59,DE,2017,4.2
M,15-59,DK,2017,6.0
M,15-59,EE,2017,6.5
M,15-59,GR,2017,17.9
M,15-59,ES,2017,15.8
M,15-59,FI,2017,9.1
M,15-59,FR,2017,9.6
M,15-59,HR,2017,10.7
M,15-59,HU,2017,3.9
M,15-59,IE,2017,7.4
M,15-59,IS,2017,3.0
M,15-59,IT,2017,11.0
M,15-59,LT,2017,8.8
M,15-59,LU,2017,5.6
M,15-59,LV,2017,10.0
M,15-59,ME,2017,16.2
M,15-59,MK,2017,23.4
M,15-59,MT,2017,4.0
M,15-59,NL,2017,4.3
M,15-59,NO,2017,5.0
M,15-59,PL,2017,5.0
M,15-59,PT,2017,8.8
M,15-59,RO,2017,6.0
M,15-59,RS,2017,14.0
M,15-59,SE,2017,7.3
M,15-59,SI,2017,5.9
M,15-59,SK,2017,8.2
M,15-59,TR,2017,9.7
M,15-64,AT,2017,6.0
M,15-64,BE,2017,7.2
M,15-64,BG,2017,6.4
M,15-64,CH,2017,4.8
M,15-64,CY,2017,11.2
M,15-64,CZ,2017,2.4
M,15-64,DE,2017,4.2
M,15-64,DK,2017,5.8
M,15-64,EE,2017,6.5
M,15-64,GR,2017,17.9
M,15-64,ES,2017,15.8
M,15-64,FI,2017,9.1
M,15-64,FR,2017,9.5
M,15-64,HR,2017,10.6
M,15-64,HU,2017,3.8
M,15-64,IE,2017,7.3
M,15-64,IS,2017,3.0
M,15-64,IT,2017,10.6
M,15-64,LT,2017,8.8
M,15-64,LU,2017,5.6
M,15-64,LV,2017,9.9
M,15-64,ME,2017,15.7
M,15-64,MK,2017,22.9
M,15-64,MT,2017,3.9
M,15-64,NL,2017,4.5
M,15-64,NO,2017,4.7
M,15-64,PL,2017,5.0
M,15-64,PT,2017,8.8
M,15-64,RO,2017,5.8
M,15-64,RS,2017,13.5
M,15-64,SE,2017,7.2
M,15-64,SI,2017,5.9
M,15-64,SK,2017,8.0
M,15-64,TR,2017,9.6
M,15-74,AT,2017,5.9
M,15-74,BE,2017,7.1
M,15-74,BG,2017,6.4
M,15-74,CH,2017,4.6
M,15-74,CY,2017,10.9
M,15-74,CZ,2017,2.3
M,15-74,DE,2017,4.1
M,15-74,DK,2017,5.6
M,15-74,EE,2017,6.3
M,15-74,GR,2017,17.8
M,15-74,ES,2017,15.7
M,15-74,FI,2017,8.9
M,15-74,FR,2017,9.5
M,15-74,HR,2017,10.5
M,15-74,HU,2017,3.8
M,15-74,IE,2017,7.1
M,15-74,IS,2017,2.8
M,15-74,IT,2017,10.4
M,15-74,LT,2017,8.6
M,15-74,LU,2017,5.6
M,15-74,LV,2017,9.8
M,15-74,ME,2017,15.4
M,15-74,MK,2017,22.8
M,15-74,MT,2017,3.8
M,15-74,NL,2017,4.5
M,15-74,NO,2017,4.6
M,15-74,PL,2017,4.9
M,15-74,PT,2017,8.6
M,15-74,RO,2017,5.6
M,15-74,RS,2017,13.0
M,15-74,SE,2017,7.0
M,15-74,SI,2017,5.8
M,15-74,SK,2017,7.9
M,15-74,TR,2017,9.4
M,20-24,AT,2017,10.6
M,20-24,BE,2017,19.3
M,20-24,BG,2017,11.4
M,20-24,CH,2017,8.2
M,20-24,CY,2017,26.1
M,20-24,CZ,2017,6.0
M,20-24,DE,2017,7.2
M,20-24,DK,2017,9.8
M,20-24,EE,2017,12.6
M,20-24,GR,2017,38.4
M,20-24,ES,2017,36.2
M,20-24,FI,2017,18.0
M,20-24,FR,2017,22.1
M,20-24,HR,2017,23.5
M,20-24,HU,2017,8.2
M,20-24,IE,2017,14.1
M,20-24,IS,2017,8.5
M,20-24,IT,2017,30.2
M,20-24,LT,2017,14.1
M,20-24,LU,2017,16.7
M,20-24,LV,2017,17.0
M,20-24,ME,2017,31.4
M,20-24,MK,2017,42.9
M,20-24,MT,2017,8.3
M,20-24,NL,2017,6.7
M,20-24,NO,2017,9.1
M,20-24,PL,2017,14.0
M,20-24,PT,2017,20.0
M,20-24,RO,2017,16.7
M,20-24,RS,2017,26.7
M,20-24,SE,2017,14.2
M,20-24,SI,2017,9.6
M,20-24,SK,2017,15.1
M,20-24,TR,2017,18.5
M,20-29,AT,2017,8.9
M,20-29,BE,2017,13.5
M,20-29,BG,2017,9.5
M,20-29,CH,2017,6.9
M,20-29,CY,2017,18.3
M,20-29,CZ,2017,4.0
M,20-29,DE,2017,6.3
M,20-29,DK,2017,9.5
M,20-29,EE,2017,7.6
M,20-29,GR,2017,29.7
M,20-29,ES,2017,27.3
M,20-29,FI,2017,13.3
M,20-29,FR,2017,16.4
M,20-29,HR,2017,18.9
M,20-29,HU,2017,5.5
M,20-29,IE,2017,11.2
M,20-29,IS,2017,5.5
M,20-29,IT,2017,23.8
M,20-29,LT,2017,9.3
M,20-29,LU,2017,10.2
M,20-29,LV,2017,11.0
M,20-29,ME,2017,25.6
M,20-29,MK,2017,35.9
M,20-29,MT,2017,6.7
M,20-29,NL,2017,5.2
M,20-29,NO,2017,6.7
M,20-29,PL,2017,8.9
M,20-29,PT,2017,14.7
M,20-29,RO,2017,11.7
M,20-29,RS,2017,23.5
M,20-29,SE,2017,10.7
M,20-29,SI,2017,8.1
M,20-29,SK,2017,11.1
M,20-29,TR,2017,14.7
M,20-64,AT,2017,5.8
M,20-64,BE,2017,7.0
M,20-64,BG,2017,6.3
M,20-64,CH,2017,4.6
M,20-64,CY,2017,11.0
M,20-64,CZ,2017,2.3
M,20-64,DE,2017,4.1
M,20-64,DK,2017,5.1
M,20-64,EE,2017,6.3
M,20-64,GR,2017,17.8
M,20-64,ES,2017,15.3
M,20-64,FI,2017,8.5
M,20-64,FR,2017,9.1
M,20-64,HR,2017,9.9
M,20-64,HU,2017,3.7
M,20-64,IE,2017,6.9
M,20-64,IS,2017,2.6
M,20-64,IT,2017,10.2
M,20-64,LT,2017,8.7
M,20-64,LU,2017,5.4
M,20-64,LV,2017,9.7
M,20-64,ME,2017,15.4
M,20-64,MK,2017,22.3
M,20-64,MT,2017,3.5
M,20-64,NL,2017,4.0
M,20-64,NO,2017,4.2
M,20-64,PL,2017,4.9
M,20-64,PT,2017,8.5
M,20-64,RO,2017,5.5
M,20-64,RS,2017,13.1
M,20-64,SE,2017,6.4
M,20-64,SI,2017,5.8
M,20-64,SK,2017,7.6
M,20-64,TR,2017,9.1
M,25-29,AT,2017,7.6
M,25-29,BE,2017,10.4
M,25-29,BG,2017,8.7
M,25-29,CH,2017,6.0
M,25-29,CY,2017,14.8
M,25-29,CZ,2017,2.9
M,25-29,DE,2017,5.7
M,25-29,DK,2017,9.2
M,25-29,EE,2017,4.9
M,25-29,GR,2017,25.6
M,25-29,ES,2017,21.9
M,25-29,FI,2017,9.7
M,25-29,FR,2017,12.4
M,25-29,HR,2017,15.6
M,25-29,HU,2017,3.9
M,25-29,IE,2017,8.8
M,25-29,IT,2017,19.7
M,25-29,LT,2017,6.2
M,25-29,LU,2017,7.0
M,25-29,LV,2017,7.6
M,25-29,ME,2017,22.3
M,25-29,MK,2017,31.3
M,25-29,MT,2017,5.6
M,25-29,NL,2017,4.1
M,25-29,NO,2017,4.8
M,25-29,PL,2017,5.8
M,25-29,PT,2017,11.1
M,25-29,RO,2017,9.2
M,25-29,RS,2017,21.4
M,25-29,SE,2017,8.1
M,25-29,SI,2017,7.0
M,25-29,SK,2017,8.7
M,25-29,TR,2017,11.9
M,25-49,AT,2017,5.7
M,25-49,BE,2017,6.5
M,25-49,BG,2017,5.9
M,25-49,CH,2017,4.3
M,25-49,CY,2017,10.1
M,25-49,CZ,2017,2.0
M,25-49,DE,2017,4.1
M,25-49,DK,2017,5.0
M,25-49,EE,2017,5.1
M,25-49,GR,2017,17.2
M,25-49,ES,2017,14.0
M,25-49,FI,2017,7.2
M,25-49,FR,2017,8.4
M,25-49,HR,2017,9.6
M,25-49,HU,2017,3.4
M,25-49,IE,2017,6.3
M,25-49,IS,2017,1.9
M,25-49,IT,2017,10.3
M,25-49,LT,2017,7.9
M,25-49,LU,2017,4.6
M,25-49,LV,2017,8.7
M,25-49,ME,2017,16.8
M,25-49,MK,2017,21.5
M,25-49,MT,2017,3.2
M,25-49,NL,2017,3.3
M,25-49,NO,2017,4.3
M,25-49,PL,2017,4.1
M,25-49,PT,2017,7.2
M,25-49,RO,2017,5.1
M,25-49,RS,2017,13.4
M,25-49,SE,2017,5.8
M,25-49,SI,2017,4.9
M,25-49,SK,2017,7.3
M,25-49,TR,2017,8.1
M,25-54,AT,2017,5.5
M,25-54,BE,2017,6.3
M,25-54,BG,2017,5.9
M,25-54,CH,2017,4.3
M,25-54,CY,2017,10.0
M,25-54,CZ,2017,2.0
M,25-54,DE,2017,3.9
M,25-54,DK,2017,4.8
M,25-54,EE,2017,5.3
M,25-54,GR,2017,16.7
M,25-54,ES,2017,13.9
M,25-54,FI,2017,7.3
M,25-54,FR,2017,8.2
M,25-54,HR,2017,9.1
M,25-54,HU,2017,3.4
M,25-54,IE,2017,6.2
M,25-54,IS,2017,1.7
M,25-54,IT,2017,9.7
M,25-54,LT,2017,8.1
M,25-54,LU,2017,4.8
M,25-54,LV,2017,9.0
M,25-54,ME,2017,15.1
M,25-54,MK,2017,20.8
M,25-54,MT,2017,3.1
M,25-54,NL,2017,3.2
M,25-54,NO,2017,4.0
M,25-54,PL,2017,4.1
M,25-54,PT,2017,7.3
M,25-54,RO,2017,4.9
M,25-54,RS,2017,12.8
M,25-54,SE,2017,5.5
M,25-54,SI,2017,5.2
M,25-54,SK,2017,7.3
M,25-54,TR,2017,8.1
M,25-59,AT,2017,5.4
M,25-59,BE,2017,6.2
M,25-59,BG,2017,6.0
M,25-59,CH,2017,4.2
M,25-59,CY,2017,10.0
M,25-59,CZ,2017,2.1
M,25-59,DE,2017,3.8
M,25-59,DK,2017,4.7
M,25-59,EE,2017,5.7
M,25-59,GR,2017,16.7
M,25-59,ES,2017,14.0
M,25-59,FI,2017,7.4
M,25-59,FR,2017,8.0
M,25-59,HR,2017,8.8
M,25-59,HU,2017,3.3
M,25-59,IE,2017,6.2
M,25-59,IS,2017,1.8
M,25-59,IT,2017,9.4
M,25-59,LT,2017,8.2
M,25-59,LU,2017,4.6
M,25-59,LV,2017,9.2
M,25-59,ME,2017,14.4
M,25-59,MK,2017,20.8
M,25-59,MT,2017,3.0
M,25-59,NL,2017,3.4
M,25-59,NO,2017,3.9
M,25-59,PL,2017,4.1
M,25-59,PT,2017,7.5
M,25-59,RO,2017,4.9
M,25-59,RS,2017,12.5
M,25-59,SE,2017,5.5
M,25-59,SI,2017,5.5
M,25-59,SK,2017,7.2
M,25-59,TR,2017,8.1
M,25-64,AT,2017,5.4
M,25-64,BE,2017,6.1
M,25-64,BG,2017,6.0
M,25-64,CH,2017,4.2
M,25-64,CY,2017,9.9
M,25-64,CZ,2017,2.0
M,25-64,DE,2017,3.8
M,25-64,DK,2017,4.6
M,25-64,EE,2017,5.7
M,25-64,GR,2017,16.7
M,25-64,ES,2017,14.1
M,25-64,FI,2017,7.5
M,25-64,FR,2017,8.0
M,25-64,HR,2017,8.7
M,25-64,HU,2017,3.3
M,25-64,IE,2017,6.1
M,25-64,IS,2017,1.8
M,25-64,IT,2017,9.1
M,25-64,LT,2017,8.2
M,25-64,LU,2017,4.6
M,25-64,LV,2017,9.1
M,25-64,ME,2017,13.9
M,25-64,MK,2017,20.4
M,25-64,MT,2017,3.0
M,25-64,NL,2017,3.7
M,25-64,NO,2017,3.7
M,25-64,PL,2017,4.1
M,25-64,PT,2017,7.6
M,25-64,RO,2017,4.8
M,25-64,RS,2017,12.1
M,25-64,SE,2017,5.6
M,25-64,SI,2017,5.5
M,25-64,SK,2017,7.0
M,25-64,TR,2017,8.0
M,25-74,AT,2017,5.3
M,25-74,BE,2017,6.1
M,25-74,BG,2017,5.9
M,25-74,CH,2017,4.1
M,25-74,CY,2017,9.7
M,25-74,CZ,2017,2.0
M,25-74,DE,2017,3.8
M,25-74,DK,2017,4.4
M,25-74,EE,2017,5.6
M,25-74,GR,2017,16.7
M,25-74,ES,2017,14.0
M,25-74,FI,2017,7.3
M,25-74,FR,2017,7.9
M,25-74,HR,2017,8.7
M,25-74,HU,2017,3.3
M,25-74,IE,2017,6.0
M,25-74,IS,2017,1.7
M,25-74,IT,2017,8.9
M,25-74,LT,2017,8.0
M,25-74,LU,2017,4.6
M,25-74,LV,2017,9.0
M,25-74,ME,2017,13.7
M,25-74,MK,2017,20.3
M,25-74,MT,2017,2.9
M,25-74,NL,2017,3.7
M,25-74,NO,2017,3.6
M,25-74,PL,2017,4.0
M,25-74,PT,2017,7.4
M,25-74,RO,2017,4.6
M,25-74,RS,2017,11.6
M,25-74,SE,2017,5.4
M,25-74,SI,2017,5.4
M,25-74,SK,2017,7.0
M,25-74,TR,2017,7.9
M,30-34,AT,2017,6.0
M,30-34,BE,2017,7.2
M,30-34,BG,2017,5.3
M,30-34,CH,2017,3.9
M,30-34,CY,2017,11.6
M,30-34,CZ,2017,1.8
M,30-34,DE,2017,4.8
M,30-34,DK,2017,4.8
M,30-34,EE,2017,4.5
M,30-34,GR,2017,20.6
M,30-34,ES,2017,15.4
M,30-34,FI,2017,7.8
M,30-34,FR,2017,8.6
M,30-34,HR,2017,10.3
M,30-34,HU,2017,4.1
M,30-34,IE,2017,6.8
M,30-34,IT,2017,12.0
M,30-34,LT,2017,7.9
M,30-34,LU,2017,4.3
M,30-34,LV,2017,6.9
M,30-34,ME,2017,17.8
M,30-34,MK,2017,24.3
M,30-34,MT,2017,3.6
M,30-34,NL,2017,3.2
M,30-34,NO,2017,4.3
M,30-34,PL,2017,4.2
M,30-34,PT,2017,7.4
M,30-34,RO,2017,5.8
M,30-34,RS,2017,15.0
M,30-34,SE,2017,5.9
M,30-34,SI,2017,5.3
M,30-34,SK,2017,8.5
M,30-34,TR,2017,7.7
M,30-54,AT,2017,5.1
M,30-54,BE,2017,5.5
M,30-54,BG,2017,5.4
M,30-54,CH,2017,3.9
M,30-54,CY,2017,8.9
M,30-54,CZ,2017,1.9
M,30-54,DE,2017,3.6
M,30-54,DK,2017,4.0
M,30-54,EE,2017,5.4
M,30-54,GR,2017,15.4
M,30-54,ES,2017,12.8
M,30-54,FI,2017,6.8
M,30-54,FR,2017,7.4
M,30-54,HR,2017,7.9
M,30-54,HU,2017,3.3
M,30-54,IE,2017,5.8
M,30-54,IS,2017,1.6
M,30-54,IT,2017,8.5
M,30-54,LT,2017,8.5
M,30-54,LU,2017,4.4
M,30-54,LV,2017,9.3
M,30-54,ME,2017,13.5
M,30-54,MK,2017,18.6
M,30-54,MT,2017,2.5
M,30-54,NL,2017,3.1
M,30-54,NO,2017,3.8
M,30-54,PL,2017,3.7
M,30-54,PT,2017,6.8
M,30-54,RO,2017,4.2
M,30-54,RS,2017,11.3
M,30-54,SE,2017,5.0
M,30-54,SI,2017,4.9
M,30-54,SK,2017,7.0
M,30-54,TR,2017,7.2
M,30-64,AT,2017,5.0
M,30-64,BE,2017,5.5
M,30-64,BG,2017,5.6
M,30-64,CH,2017,4.0
M,30-64,CY,2017,9.0
M,30-64,CZ,2017,1.9
M,30-64,DE,2017,3.6
M,30-64,DK,2017,3.9
M,30-64,EE,2017,5.9
M,30-64,GR,2017,15.7
M,30-64,ES,2017,13.2
M,30-64,FI,2017,7.2
M,30-64,FR,2017,7.4
M,30-64,HR,2017,7.8
M,30-64,HU,2017,3.3
M,30-64,IE,2017,5.8
M,30-64,IS,2017,1.7
M,30-64,IT,2017,8.0
M,30-64,LT,2017,8.5
M,30-64,LU,2017,4.2
M,30-64,LV,2017,9.4
M,30-64,ME,2017,12.4
M,30-64,MK,2017,18.6
M,30-64,MT,2017,2.5
M,30-64,NL,2017,3.7
M,30-64,NO,2017,3.5
M,30-64,PL,2017,3.8
M,30-64,PT,2017,7.2
M,30-64,RO,2017,4.1
M,30-64,RS,2017,10.8
M,30-64,SE,2017,5.2
M,30-64,SI,2017,5.3
M,30-64,SK,2017,6.8
M,30-64,TR,2017,7.3
M,30-74,AT,2017,5.0
M,30-74,BE,2017,5.4
M,30-74,BG,2017,5.6
M,30-74,CH,2017,3.8
M,30-74,CY,2017,8.8
M,30-74,CZ,2017,1.9
M,30-74,DE,2017,3.5
M,30-74,DK,2017,3.8
M,30-74,EE,2017,5.7
M,30-74,GR,2017,15.7
M,30-74,ES,2017,13.1
M,30-74,FI,2017,7.0
M,30-74,FR,2017,7.3
M,30-74,HR,2017,7.7
M,30-74,HU,2017,3.2
M,30-74,IE,2017,5.6
M,30-74,IS,2017,1.5
M,30-74,IT,2017,7.8
M,30-74,LT,2017,8.3
M,30-74,LU,2017,4.3
M,30-74,LV,2017,9.2
M,30-74,ME,2017,12.2
M,30-74,MK,2017,18.5
M,30-74,MT,2017,2.4
M,30-74,NL,2017,3.7
M,30-74,NO,2017,3.4
M,30-74,PL,2017,3.7
M,30-74,PT,2017,7.0
M,30-74,RO,2017,4.0
M,30-74,RS,2017,10.4
M,30-74,SE,2017,5.0
M,30-74,SI,2017,5.2
M,30-74,SK,2017,6.7
M,30-74,TR,2017,7.1
M,35-39,AT,2017,4.9
M,35-39,BE,2017,5.0
M,35-39,BG,2017,5.6
M,35-39,CH,2017,4.2
M,35-39,CY,2017,9.0
M,35-39,CZ,2017,2.0
M,35-39,DE,2017,4.0
M,35-39,DK,2017,4.5
M,35-39,EE,2017,6.4
M,35-39,GR,2017,15.4
M,35-39,ES,2017,12.2
M,35-39,FI,2017,6.1
M,35-39,FR,2017,8.1
M,35-39,HR,2017,8.5
M,35-39,HU,2017,3.4
M,35-39,IE,2017,5.9
M,35-39,IT,2017,8.7
M,35-39,LT,2017,7.0
M,35-39,LU,2017,5.4
M,35-39,LV,2017,9.6
M,35-39,ME,2017,15.4
M,35-39,MK,2017,17.7
M,35-39,MT,2017,1.9
M,35-39,NL,2017,2.6
M,35-39,NO,2017,5.1
M,35-39,PL,2017,3.9
M,35-39,PT,2017,6.3
M,35-39,RO,2017,3.7
M,35-39,RS,2017,11.4
M,35-39,SE,2017,5.4
M,35-39,SI,2017,4.9
M,35-39,SK,2017,6.6
M,35-39,TR,2017,7.0
M,40-44,AT,2017,5.4
M,40-44,BE,2017,5.5
M,40-44,BG,2017,5.1
M,40-44,CH,2017,2.6
M,40-44,CY,2017,8.8
M,40-44,CZ,2017,1.7
M,40-44,DE,2017,3.4
M,40-44,DK,2017,3.2
M,40-44,GR,2017,13.9
M,40-44,ES,2017,11.2
M,40-44,FI,2017,6.0
M,40-44,FR,2017,7.1
M,40-44,HR,2017,8.4
M,40-44,HU,2017,2.8
M,40-44,IE,2017,5.6
M,40-44,IT,2017,7.9
M,40-44,LT,2017,8.2
M,40-44,LU,2017,3.6
M,40-44,LV,2017,9.4
M,40-44,ME,2017,15.7
M,40-44,MK,2017,18.6
M,40-44,NL,2017,3.5
M,40-44,NO,2017,4.5
M,40-44,PL,2017,3.0
M,40-44,PT,2017,6.2
M,40-44,RO,2017,3.6
M,40-44,RS,2017,10.5
M,40-44,SE,2017,4.9
M,40-44,SI,2017,4.0
M,40-44,SK,2017,6.5
M,40-44,TR,2017,6.5
M,40-59,AT,2017,4.9
M,40-59,BE,2017,5.2
M,40-59,BG,2017,5.7
M,40-59,CH,2017,3.9
M,40-59,CY,2017,8.2
M,40-59,CZ,2017,2.0
M,40-59,DE,2017,3.1
M,40-59,DK,2017,3.6
M,40-59,EE,2017,6.1
M,40-59,GR,2017,14.3
M,40-59,ES,2017,12.9
M,40-59,FI,2017,7.1
M,40-59,FR,2017,6.9
M,40-59,HR,2017,6.9
M,40-59,HU,2017,3.0
M,40-59,IE,2017,5.5
M,40-59,IS,2017,1.3
M,40-59,IT,2017,7.4
M,40-59,LT,2017,9.1
M,40-59,LU,2017,3.9
M,40-59,LV,2017,10.2
M,40-59,ME,2017,10.9
M,40-59,MK,2017,17.7
M,40-59,MT,2017,2.2
M,40-59,NL,2017,3.4
M,40-59,NO,2017,3.2
M,40-59,PL,2017,3.6
M,40-59,PT,2017,7.2
M,40-59,RO,2017,4.0
M,40-59,RS,2017,10.0
M,40-59,SE,2017,4.8
M,40-59,SI,2017,5.4
M,40-59,SK,2017,6.6
M,40-59,TR,2017,7.4
M,40-64,AT,2017,4.8
M,40-64,BE,2017,5.2
M,40-64,BG,2017,5.7
M,40-64,CH,2017,4.0
M,40-64,CY,2017,8.3
M,40-64,CZ,2017,1.9
M,40-64,DE,2017,3.3
M,40-64,DK,2017,3.7
M,40-64,EE,2017,6.1
M,40-64,GR,2017,14.7
M,40-64,ES,2017,13.1
M,40-64,FI,2017,7.3
M,40-64,FR,2017,7.0
M,40-64,HR,2017,7.0
M,40-64,HU,2017,3.1
M,40-64,IE,2017,5.5
M,40-64,IS,2017,1.4
M,40-64,IT,2017,7.2
M,40-64,LT,2017,8.9
M,40-64,LU,2017,3.9
M,40-64,LV,2017,10.0
M,40-64,ME,2017,10.5
M,40-64,MK,2017,17.4
M,40-64,MT,2017,2.3
M,40-64,NL,2017,3.9
M,40-64,NO,2017,3.0
M,40-64,PL,2017,3.6
M,40-64,PT,2017,7.4
M,40-64,RO,2017,3.8
M,40-64,RS,2017,9.7
M,40-64,SE,2017,5.0
M,40-64,SI,2017,5.4
M,40-64,SK,2017,6.3
M,40-64,TR,2017,7.3
M,45-49,AT,2017,4.7
M,45-49,BE,2017,4.9
M,45-49,BG,2017,5.3
M,45-49,CH,2017,4.7
M,45-49,CY,2017,4.8
M,45-49,CZ,2017,1.8
M,45-49,DE,2017,3.0
M,45-49,DK,2017,3.7
M,45-49,EE,2017,7.5
M,45-49,GR,2017,13.6
M,45-49,ES,2017,12.8
M,45-49,FI,2017,6.6
M,45-49,FR,2017,6.6
M,45-49,HR,2017,5.8
M,45-49,HU,2017,2.9
M,45-49,IE,2017,5.1
M,45-49,IT,2017,7.5
M,45-49,LT,2017,10.1
M,45-49,LU,2017,2.9
M,45-49,LV,2017,10.2
M,45-49,ME,2017,12.5
M,45-49,MK,2017,15.3
M,45-49,NL,2017,3.0
M,45-49,PL,2017,3.6
M,45-49,PT,2017,6.4
M,45-49,RO,2017,4.1
M,45-49,RS,2017,9.7
M,45-49,SE,2017,4.8
M,45-49,SI,2017,4.0
M,45-49,SK,2017,6.1
M,45-49,TR,2017,7.3
M,50-54,AT,2017,4.7
M,50-54,BE,2017,5.1
M,50-54,BG,2017,5.8
M,50-54,CH,2017,4.2
M,50-54,CY,2017,9.5
M,50-54,CZ,2017,2.4
M,50-54,DE,2017,3.0
M,50-54,DK,2017,3.9
M,50-54,EE,2017,6.5
M,50-54,GR,2017,14.0
M,50-54,ES,2017,13.4
M,50-54,FI,2017,7.3
M,50-54,FR,2017,6.8
M,50-54,HR,2017,6.2
M,50-54,HU,2017,3.6
M,50-54,IE,2017,5.4
M,50-54,IT,2017,7.2
M,50-54,LT,2017,9.4
M,50-54,LU,2017,5.9
M,50-54,LV,2017,10.9
M,50-54,MK,2017,16.5
M,50-54,NL,2017,3.1
M,50-54,PL,2017,3.7
M,50-54,PT,2017,7.8
M,50-54,RO,2017,3.8
M,50-54,RS,2017,9.6
M,50-54,SE,2017,4.0
M,50-54,SI,2017,6.5
M,50-54,SK,2017,7.2
M,50-54,TR,2017,7.8
M,50-59,AT,2017,4.7
M,50-59,BE,2017,5.2
M,50-59,BG,2017,6.4
M,50-59,CH,2017,4.1
M,50-59,CY,2017,9.7
M,50-59,CZ,2017,2.3
M,50-59,DE,2017,3.1
M,50-59,DK,2017,3.8
M,50-59,EE,2017,7.5
M,50-59,GR,2017,15.1
M,50-59,ES,2017,14.1
M,50-59,FI,2017,7.8
M,50-59,FR,2017,7.0
M,50-59,HR,2017,6.6
M,50-59,HU,2017,3.2
M,50-59,IE,2017,5.6
M,50-59,IT,2017,7.1
M,50-59,LT,2017,9.0
M,50-59,LU,2017,4.7
M,50-59,LV,2017,10.8
M,50-59,ME,2017,7.1
M,50-59,MK,2017,18.6
M,50-59,MT,2017,2.2
M,50-59,NL,2017,3.7
M,50-59,NO,2017,2.7
M,50-59,PL,2017,4.0
M,50-59,PT,2017,8.2
M,50-59,RO,2017,4.2
M,50-59,RS,2017,9.9
M,50-59,SE,2017,4.8
M,50-59,SI,2017,7.0
M,50-59,SK,2017,6.9
M,50-59,TR,2017,8.2
M,50-64,AT,2017,4.7
M,50-64,BE,2017,5.2
M,50-64,BG,2017,6.2
M,50-64,CH,2017,4.2
M,50-64,CY,2017,9.5
M,50-64,CZ,2017,2.2
M,50-64,DE,2017,3.4
M,50-64,DK,2017,3.8
M,50-64,EE,2017,7.3
M,50-64,GR,2017,15.7
M,50-64,ES,2017,14.2
M,50-64,FI,2017,8.1
M,50-64,FR,2017,7.1
M,50-64,HR,2017,6.8
M,50-64,HU,2017,3.3
M,50-64,IE,2017,5.7
M,50-64,IT,2017,6.7
M,50-64,LT,2017,8.8
M,50-64,LU,2017,4.6
M,50-64,LV,2017,10.1
M,50-64,ME,2017,6.9
M,50-64,MK,2017,17.8
M,50-64,MT,2017,2.4
M,50-64,NL,2017,4.5
M,50-64,NO,2017,2.5
M,50-64,PL,2017,4.0
M,50-64,PT,2017,8.5
M,50-64,RO,2017,3.8
M,50-64,RS,2017,9.3
M,50-64,SE,2017,5.0
M,50-64,SI,2017,6.9
M,50-64,SK,2017,6.3
M,50-64,TR,2017,7.8
M,50-74,AT,2017,4.5
M,50-74,BE,2017,5.1
M,50-74,BG,2017,6.0
M,50-74,CH,2017,3.8
M,50-74,CY,2017,8.8
M,50-74,CZ,2017,2.1
M,50-74,DE,2017,3.2
M,50-74,DK,2017,3.5
M,50-74,EE,2017,6.7
M,50-74,GR,2017,15.5
M,50-74,ES,2017,13.9
M,50-74,FI,2017,7.4
M,50-74,FR,2017,6.9
M,50-74,HR,2017,6.7
M,50-74,HU,2017,3.1
M,50-74,IE,2017,5.2
M,50-74,IT,2017,6.4
M,50-74,LT,2017,8.2
M,50-74,LU,2017,4.7
M,50-74,LV,2017,9.7
M,50-74,ME,2017,6.6
M,50-74,MK,2017,17.3
M,50-74,MT,2017,2.2
M,50-74,NL,2017,4.4
M,50-74,NO,2017,2.3
M,50-74,PL,2017,3.8
M,50-74,PT,2017,7.8
M,50-74,RO,2017,3.4
M,50-74,RS,2017,8.3
M,50-74,SE,2017,4.7
M,50-74,SI,2017,6.5
M,50-74,SK,2017,6.2
M,50-74,TR,2017,7.2
M,55-59,AT,2017,4.7
M,55-59,BE,2017,5.4
M,55-59,BG,2017,7.0
M,55-59,CH,2017,4.1
M,55-59,CY,2017,9.9
M,55-59,CZ,2017,2.1
M,55-59,DE,2017,3.2
M,55-59,DK,2017,3.8
M,55-59,EE,2017,8.6
M,55-59,GR,2017,16.6
M,55-59,ES,2017,15.0
M,55-59,FI,2017,8.4
M,55-59,FR,2017,7.2
M,55-59,HR,2017,7.1
M,55-59,HU,2017,2.7
M,55-59,IE,2017,6.0
M,55-59,IT,2017,6.9
M,55-59,LT,2017,8.7
M,55-59,LV,2017,10.7
M,55-59,MK,2017,21.0
M,55-59,NL,2017,4.2
M,55-59,PL,2017,4.3
M,55-59,PT,2017,8.8
M,55-59,RO,2017,4.7
M,55-59,RS,2017,10.2
M,55-59,SE,2017,5.8
M,55-59,SI,2017,7.7
M,55-59,SK,2017,6.6
M,55-59,TR,2017,8.8
M,55-64,AT,2017,4.6
M,55-64,BE,2017,5.3
M,55-64,BG,2017,6.5
M,55-64,CH,2017,4.2
M,55-64,CY,2017,9.4
M,55-64,CZ,2017,2.0
M,55-64,DE,2017,3.7
M,55-64,DK,2017,3.8
M,55-64,EE,2017,7.9
M,55-64,GR,2017,17.2
M,55-64,ES,2017,14.8
M,55-64,FI,2017,8.7
M,55-64,FR,2017,7.2
M,55-64,HR,2017,7.2
M,55-64,HU,2017,3.0
M,55-64,IE,2017,5.9
M,55-64,IT,2017,6.3
M,55-64,LT,2017,8.4
M,55-64,LU,2017,3.1
M,55-64,LV,2017,9.7
M,55-64,ME,2017,7.7
M,55-64,MK,2017,18.7
M,55-64,MT,2017,2.5
M,55-64,NL,2017,5.3
M,55-64,NO,2017,2.5
M,55-64,PL,2017,4.1
M,55-64,PT,2017,9.0
M,55-64,RO,2017,3.7
M,55-64,RS,2017,9.1
M,55-64,SE,2017,5.8
M,55-64,SI,2017,7.3
M,55-64,SK,2017,5.6
M,55-64,TR,2017,7.7
M,60-64,AT,2017,4.4
M,60-64,BE,2017,5.1
M,60-64,BG,2017,5.7
M,60-64,CH,2017,4.4
M,60-64,CY,2017,8.7
M,60-64,CZ,2017,1.9
M,60-64,DE,2017,4.3
M,60-64,DK,2017,3.9
M,60-64,EE,2017,6.8
M,60-64,GR,2017,18.2
M,60-64,ES,2017,14.6
M,60-64,FI,2017,9.1
M,60-64,FR,2017,7.2
M,60-64,HR,2017,7.4
M,60-64,HU,2017,3.5
M,60-64,IE,2017,5.8
M,60-64,IT,2017,5.2
M,60-64,LT,2017,7.8
M,60-64,LV,2017,7.8
M,60-64,MK,2017,14.7
M,60-64,NL,2017,6.7
M,60-64,PL,2017,3.9
M,60-64,PT,2017,9.4
M,60-64,RS,2017,7.7
M,60-64,SE,2017,5.7
M,60-64,SI,2017,5.9
M,60-64,SK,2017,3.4
M,60-64,TR,2017,5.9
M,65-69,GR,2017,14.4
M,65-69,ES,2017,4.9
M,65-69,FR,2017,4.8
M,65-69,IT,2017,2.2
M,65-69,NL,2017,4.6
M,65-69,RS,2017,2.6
M,65-69,SE,2017,1.7
M,65-69,TR,2017,3.5
M,65-74,DE,2017,0.9
M,65-74,GR,2017,12.5
M,65-74,ES,2017,4.2
M,65-74,FR,2017,4.0
M,65-74,IT,2017,1.7
M,65-74,NL,2017,4.1
M,65-74,RS,2017,1.9
M,65-74,SE,2017,2.4
M,65-74,TR,2017,2.9
M,70-74,FR,2017,1.6
M,70-74,SE,2017,3.9
M,70-74,TR,2017,1.6
F,15-19,AT,2018,12.3
F,15-19,BE,2018,19.8
F,15-19,CH,2018,9.0
F,15-19,CZ,2018,16.7
F,15-19,DE,2018,6.8
F,15-19,DK,2018,11.6
F,15-19,EE,2018,20.2
F,15-19,GR,2018,58.7
F,15-19,ES,2018,49.8
F,15-19,FI,2018,24.9
F,15-19,FR,2018,28.5
F,15-19,HR,2018,37.8
F,15-19,HU,2018,22.1
F,15-19,IE,2018,22.1
F,15-19,IT,2018,55.9
F,15-19,MK,2018,63.2
F,15-19,MT,2018,14.1
F,15-19,NL,2018,8.8
F,15-19,NO,2018,12.6
F,15-19,PL,2018,16.2
F,15-19,PT,2018,35.9
F,15-19,RO,2018,26.9
F,15-19,RS,2018,47.5
F,15-19,SE,2018,26.3
F,15-19,SK,2018,35.8
F,15-19,TR,2018,20.4
F,15-24,AT,2018,9.4
F,15-24,BE,2018,15.3
F,15-24,BG,2018,11.9
F,15-24,CH,2018,7.5
F,15-24,CY,2018,16.2
F,15-24,CZ,2018,7.2
F,15-24,DE,2018,5.1
F,15-24,DK,2018,9.2
F,15-24,EE,2018,11.2
F,15-24,GR,2018,43.9
F,15-24,ES,2018,33.3
F,15-24,FI,2018,16.8
F,15-24,FR,2018,19.9
F,15-24,HR,2018,29.1
F,15-24,HU,2018,10.7
F,15-24,IE,2018,12.6
F,15-24,IS,2018,5.6
F,15-24,IT,2018,34.9
F,15-24,LT,2018,10.1
F,15-24,LU,2018,11.9
F,15-24,LV,2018,11.8
F,15-24,ME,2018,23.6
F,15-24,MK,2018,43.2
F,15-24,MT,2018,6.7
F,15-24,NL,2018,6.6
F,15-24,NO,2018,8.6
F,15-24,PL,2018,12.1
F,15-24,PT,2018,20.5
F,15-24,RO,2018,16.2
F,15-24,RS,2018,32.0
F,15-24,SE,2018,16.3
F,15-24,SI,2018,9.6
F,15-24,SK,2018,16.1
F,15-24,TR,2018,25.0
F,15-29,AT,2018,7.2
F,15-29,BE,2018,10.7
F,15-29,BG,2018,7.0
F,15-29,CH,2018,6.8
F,15-29,CY,2018,13.3
F,15-29,CZ,2018,5.1
F,15-29,DE,2018,4.4
F,15-29,DK,2018,9.3
F,15-29,EE,2018,7.6
F,15-29,GR,2018,37.4
F,15-29,ES,2018,26.2
F,15-29,FI,2018,12.9
F,15-29,FR,2018,15.8
F,15-29,HR,2018,21.2
F,15-29,HU,2018,7.3
F,15-29,IE,2018,9.6
F,15-29,IS,2018,4.6
F,15-29,IT,2018,26.6
F,15-29,LT,2018,6.2
F,15-29,LU,2018,10.2
F,15-29,LV,2018,9.8
F,15-29,ME,2018,24.1
F,15-29,MK,2018,37.5
F,15-29,MT,2018,4.2
F,15-29,NL,2018,5.2
F,15-29,NO,2018,6.7
F,15-29,PL,2018,8.0
F,15-29,PT,2018,14.0
F,15-29,RO,2018,9.1
F,15-29,RS,2018,26.6
F,15-29,SE,2018,11.8
F,15-29,SI,2018,9.9
F,15-29,SK,2018,11.3
F,15-29,TR,2018,22.7
F,15-39,AT,2018,6.1
F,15-39,BE,2018,7.9
F,15-39,BG,2018,5.7
F,15-39,CH,2018,6.1
F,15-39,CY,2018,10.7
F,15-39,CZ,2018,4.1
F,15-39,DE,2018,3.8
F,15-39,DK,2018,7.9
F,15-39,EE,2018,6.6
F,15-39,GR,2018,30.2
F,15-39,ES,2018,19.9
F,15-39,FI,2018,9.9
F,15-39,FR,2018,12.2
F,15-39,HR,2018,13.6
F,15-39,HU,2018,5.4
F,15-39,IE,2018,6.9
F,15-39,IS,2018,3.4
F,15-39,IT,2018,18.2
F,15-39,LT,2018,5.4
F,15-39,LU,2018,7.5
F,15-39,LV,2018,8.1
F,15-39,ME,2018,19.4
F,15-39,MK,2018,26.6
F,15-39,MT,2018,4.0
F,15-39,NL,2018,4.2
F,15-39,NO,2018,5.6
F,15-39,PL,2018,5.4
F,15-39,PT,2018,9.1
F,15-39,RO,2018,5.2
F,15-39,RS,2018,19.4
F,15-39,SE,2018,9.0
F,15-39,SI,2018,7.7
F,15-39,SK,2018,9.1
F,15-39,TR,2018,18.0
F,15-59,AT,2018,4.8
F,15-59,BE,2018,5.7
F,15-59,BG,2018,4.8
F,15-59,CH,2018,5.4
F,15-59,CY,2018,9.1
F,15-59,CZ,2018,2.9
F,15-59,DE,2018,3.0
F,15-59,DK,2018,5.5
F,15-59,EE,2018,5.6
F,15-59,GR,2018,24.8
F,15-59,ES,2018,17.2
F,15-59,FI,2018,7.4
F,15-59,FR,2018,9.3
F,15-59,HR,2018,9.7
F,15-59,HU,2018,4.0
F,15-59,IE,2018,5.9
F,15-59,IS,2018,2.5
F,15-59,IT,2018,12.4
F,15-59,LT,2018,5.7
F,15-59,LU,2018,6.0
F,15-59,LV,2018,6.7
F,15-59,ME,2018,15.8
F,15-59,MK,2018,20.4
F,15-59,MT,2018,3.6
F,15-59,NL,2018,3.8
F,15-59,NO,2018,3.8
F,15-59,PL,2018,4.0
F,15-59,PT,2018,7.7
F,15-59,RO,2018,3.7
F,15-59,RS,2018,14.7
F,15-59,SE,2018,6.5
F,15-59,SI,2018,5.9
F,15-59,SK,2018,7.2
F,15-59,TR,2018,14.4
F,15-64,AT,2018,4.7
F,15-64,BE,2018,5.6
F,15-64,BG,2018,4.7
F,15-64,CH,2018,5.3
F,15-64,CY,2018,8.8
F,15-64,CZ,2018,2.8
F,15-64,DE,2018,3.0
F,15-64,DK,2018,5.4
F,15-64,EE,2018,5.4
F,15-64,GR,2018,24.4
F,15-64,ES,2018,17.1
F,15-64,FI,2018,7.4
F,15-64,FR,2018,9.1
F,15-64,HR,2018,9.4
F,15-64,HU,2018,4.0
F,15-64,IE,2018,5.8
F,15-64,IS,2018,2.5
F,15-64,IT,2018,11.9
F,15-64,LT,2018,5.6
F,15-64,LU,2018,5.9
F,15-64,LV,2018,6.6
F,15-64,ME,2018,15.3
F,15-64,MK,2018,20.1
F,15-64,MT,2018,3.7
F,15-64,NL,2018,4.0
F,15-64,NO,2018,3.6
F,15-64,PL,2018,3.9
F,15-64,PT,2018,7.6
F,15-64,RO,2018,3.6
F,15-64,RS,2018,14.2
F,15-64,SE,2018,6.3
F,15-64,SI,2018,5.8
F,15-64,SK,2018,7.1
F,15-64,TR,2018,14.0
F,15-74,AT,2018,4.7
F,15-74,BE,2018,5.6
F,15-74,BG,2018,4.7
F,15-74,CH,2018,5.1
F,15-74,CY,2018,8.8
F,15-74,CZ,2018,2.8
F,15-74,DE,2018,2.9
F,15-74,DK,2018,5.3
F,15-74,EE,2018,5.3
F,15-74,GR,2018,24.2
F,15-74,ES,2018,17.0
F,15-74,FI,2018,7.3
F,15-74,FR,2018,9.1
F,15-74,HR,2018,9.3
F,15-74,HU,2018,3.9
F,15-74,IE,2018,5.7
F,15-74,IS,2018,2.5
F,15-74,IT,2018,11.7
F,15-74,LT,2018,5.4
F,15-74,LU,2018,5.9
F,15-74,LV,2018,6.4
F,15-74,ME,2018,15.1
F,15-74,MK,2018,19.9
F,15-74,MT,2018,3.7
F,15-74,NL,2018,4.0
F,15-74,NO,2018,3.5
F,15-74,PL,2018,3.9
F,15-74,PT,2018,7.4
F,15-74,RO,2018,3.5
F,15-74,RS,2018,13.8
F,15-74,SE,2018,6.2
F,15-74,SI,2018,5.7
F,15-74,SK,2018,7.0
F,15-74,TR,2018,13.8
F,20-24,AT,2018,8.2
F,20-24,BE,2018,14.2
F,20-24,BG,2018,10.0
F,20-24,CH,2018,6.5
F,20-24,CY,2018,15.5
F,20-24,CZ,2018,6.2
F,20-24,DE,2018,4.5
F,20-24,DK,2018,7.8
F,20-24,EE,2018,9.0
F,20-24,GR,2018,42.2
F,20-24,ES,2018,29.9
F,20-24,FI,2018,13.0
F,20-24,FR,2018,18.1
F,20-24,HR,2018,27.2
F,20-24,HU,2018,9.4
F,20-24,IE,2018,9.2
F,20-24,IT,2018,31.9
F,20-24,LT,2018,10.1
F,20-24,LU,2018,9.4
F,20-24,LV,2018,11.4
F,20-24,ME,2018,25.5
F,20-24,MK,2018,40.1
F,20-24,MT,2018,4.3
F,20-24,NL,2018,4.8
F,20-24,NO,2018,6.6
F,20-24,PL,2018,11.7
F,20-24,PT,2018,18.0
F,20-24,RO,2018,13.9
F,20-24,RS,2018,29.5
F,20-24,SE,2018,11.0
F,20-24,SI,2018,9.9
F,20-24,SK,2018,13.3
F,20-24,TR,2018,27.0
F,20-29,AT,2018,6.3
F,20-29,BE,2018,10.0
F,20-29,BG,2018,6.3
F,20-29,CH,2018,6.2
F,20-29,CY,2018,12.9
F,20-29,CZ,2018,4.7
F,20-29,DE,2018,4.0
F,20-29,DK,2018,8.6
F,20-29,EE,2018,6.3
F,20-29,GR,2018,36.6
F,20-29,ES,2018,24.5
F,20-29,FI,2018,10.3
F,20-29,FR,2018,14.7
F,20-29,HR,2018,19.9
F,20-29,HU,2018,6.7
F,20-29,IE,2018,7.6
F,20-29,IS,2018,3.9
F,20-29,IT,2018,25.1
F,20-29,LT,2018,6.0
F,20-29,LU,2018,9.2
F,20-29,LV,2018,9.6
F,20-29,ME,2018,24.8
F,20-29,MK,2018,36.2
F,20-29,MT,2018,2.9
F,20-29,NL,2018,3.8
F,20-29,NO,2018,5.4
F,20-29,PL,2018,7.8
F,20-29,PT,2018,12.7
F,20-29,RO,2018,7.8
F,20-29,RS,2018,25.5
F,20-29,SE,2018,8.7
F,20-29,SI,2018,10.1
F,20-29,SK,2018,10.2
F,20-29,TR,2018,23.2
F,20-64,AT,2018,4.5
F,20-64,BE,2018,5.4
F,20-64,BG,2018,4.6
F,20-64,CH,2018,5.1
F,20-64,CY,2018,8.7
F,20-64,CZ,2018,2.8
F,20-64,DE,2018,2.9
F,20-64,DK,2018,5.0
F,20-64,EE,2018,5.1
F,20-64,GR,2018,24.2
F,20-64,ES,2018,16.8
F,20-64,FI,2018,6.7
F,20-64,FR,2018,8.8
F,20-64,HR,2018,9.0
F,20-64,HU,2018,3.9
F,20-64,IE,2018,5.2
F,20-64,IS,2018,2.2
F,20-64,IT,2018,11.6
F,20-64,LT,2018,5.6
F,20-64,LU,2018,5.6
F,20-64,LV,2018,6.6
F,20-64,ME,2018,15.3
F,20-64,MK,2018,19.6
F,20-64,MT,2018,3.4
F,20-64,NL,2018,3.5
F,20-64,NO,2018,3.2
F,20-64,PL,2018,3.8
F,20-64,PT,2018,7.3
F,20-64,RO,2018,3.4
F,20-64,RS,2018,13.9
F,20-64,SE,2018,5.5
F,20-64,SI,2018,5.8
F,20-64,SK,2018,6.9
F,20-64,TR,2018,13.7
F,25-29,AT,2018,4.8
F,25-29,BE,2018,7.9
F,25-29,BG,2018,4.9
F,25-29,CH,2018,6.0
F,25-29,CY,2018,11.3
F,25-29,CZ,2018,4.0
F,25-29,DE,2018,3.7
F,25-29,DK,2018,9.3
F,25-29,EE,2018,4.5
F,25-29,GR,2018,34.0
F,25-29,ES,2018,21.4
F,25-29,FI,2018,7.9
F,25-29,FR,2018,12.5
F,25-29,HR,2018,15.6
F,25-29,HU,2018,5.1
F,25-29,IE,2018,6.3
F,25-29,IT,2018,21.3
F,25-29,LT,2018,3.2
F,25-29,LU,2018,9.2
F,25-29,LV,2018,8.6
F,25-29,ME,2018,24.4
F,25-29,MK,2018,34.4
F,25-29,NL,2018,2.9
F,25-29,NO,2018,4.4
F,25-29,PL,2018,5.5
F,25-29,PT,2018,9.4
F,25-29,RO,2018,4.6
F,25-29,RS,2018,23.7
F,25-29,SE,2018,7.1
F,25-29,SI,2018,10.2
F,25-29,SK,2018,8.8
F,25-29,TR,2018,19.9
F,25-49,AT,2018,4.4
F,25-49,BE,2018,5.4
F,25-49,BG,2018,4.7
F,25-49,CH,2018,5.4
F,25-49,CY,2018,8.7
F,25-49,CZ,2018,2.8
F,25-49,DE,2018,3.0
F,25-49,DK,2018,5.4
F,25-49,EE,2018,5.1
F,25-49,GR,2018,25.5
F,25-49,ES,2018,16.3
F,25-49,FI,2018,6.3
F,25-49,FR,2018,8.9
F,25-49,HR,2018,8.9
F,25-49,HU,2018,3.8
F,25-49,IE,2018,4.9
F,25-49,IS,2018,2.1
F,25-49,IT,2018,12.8
F,25-49,LT,2018,4.8
F,25-49,LU,2018,6.0
F,25-49,LV,2018,6.1
F,25-49,ME,2018,16.9
F,25-49,MK,2018,19.4
F,25-49,MT,2018,3.3
F,25-49,NL,2018,3.0
F,25-49,NO,2018,3.5
F,25-49,PL,2018,3.6
F,25-49,PT,2018,6.7
F,25-49,RO,2018,3.0
F,25-49,RS,2018,14.5
F,25-49,SE,2018,5.7
F,25-49,SI,2018,6.1
F,25-49,SK,2018,6.9
F,25-49,TR,2018,13.1
F,25-54,AT,2018,4.1
F,25-54,BE,2018,5.0
F,25-54,BG,2018,4.6
F,25-54,CH,2018,5.2
F,25-54,CY,2018,8.6
F,25-54,CZ,2018,2.7
F,25-54,DE,2018,2.8
F,25-54,DK,2018,4.9
F,25-54,EE,2018,5.1
F,25-54,GR,2018,24.1
F,25-54,ES,2018,16.2
F,25-54,FI,2018,6.1
F,25-54,FR,2018,8.4
F,25-54,HR,2018,8.4
F,25-54,HU,2018,3.6
F,25-54,IE,2018,4.9
F,25-54,IS,2018,1.9
F,25-54,IT,2018,11.8
F,25-54,LT,2018,4.7
F,25-54,LU,2018,5.6
F,25-54,LV,2018,6.1
F,25-54,ME,2018,15.8
F,25-54,MK,2018,18.7
F,25-54,MT,2018,3.1
F,25-54,NL,2018,3.0
F,25-54,NO,2018,3.2
F,25-54,PL,2018,3.5
F,25-54,PT,2018,6.6
F,25-54,RO,2018,2.9
F,25-54,RS,2018,14.0
F,25-54,SE,2018,5.2
F,25-54,SI,2018,5.7
F,25-54,SK,2018,6.7
F,25-54,TR,2018,12.5
F,25-59,AT,2018,4.1
F,25-59,BE,2018,4.9
F,25-59,BG,2018,4.4
F,25-59,CH,2018,5.1
F,25-59,CY,2018,8.3
F,25-59,CZ,2018,2.7
F,25-59,DE,2018,2.7
F,25-59,DK,2018,4.8
F,25-59,EE,2018,5.0
F,25-59,GR,2018,23.7
F,25-59,ES,2018,16.1
F,25-59,FI,2018,5.9
F,25-59,FR,2018,8.2
F,25-59,HR,2018,8.1
F,25-59,HU,2018,3.5
F,25-59,IE,2018,4.9
F,25-59,IS,2018,1.8
F,25-59,IT,2018,10.9
F,25-59,LT,2018,5.3
F,25-59,LU,2018,5.5
F,25-59,LV,2018,6.3
F,25-59,ME,2018,14.9
F,25-59,MK,2018,18.4
F,25-59,MT,2018,3.1
F,25-59,NL,2018,3.2
F,25-59,NO,2018,3.0
F,25-59,PL,2018,3.4
F,25-59,PT,2018,6.6
F,25-59,RO,2018,2.8
F,25-59,RS,2018,13.5
F,25-59,SE,2018,5.0
F,25-59,SI,2018,5.6
F,25-59,SK,2018,6.6
F,25-59,TR,2018,12.0
F,25-64,AT,2018,4.1
F,25-64,BE,2018,4.8
F,25-64,BG,2018,4.4
F,25-64,CH,2018,4.9
F,25-64,CY,2018,8.0
F,25-64,CZ,2018,2.6
F,25-64,DE,2018,2.7
F,25-64,DK,2018,4.7
F,25-64,EE,2018,4.9
F,25-64,GR,2018,23.3
F,25-64,ES,2018,16.0
F,25-64,FI,2018,6.0
F,25-64,FR,2018,8.1
F,25-64,HR,2018,7.8
F,25-64,HU,2018,3.5
F,25-64,IE,2018,4.8
F,25-64,IS,2018,1.9
F,25-64,IT,2018,10.5
F,25-64,LT,2018,5.2
F,25-64,LU,2018,5.4
F,25-64,LV,2018,6.3
F,25-64,ME,2018,14.5
F,25-64,MK,2018,18.2
F,25-64,MT,2018,3.2
F,25-64,NL,2018,3.4
F,25-64,NO,2018,2.9
F,25-64,PL,2018,3.3
F,25-64,PT,2018,6.6
F,25-64,RO,2018,2.7
F,25-64,RS,2018,13.0
F,25-64,SE,2018,4.9
F,25-64,SI,2018,5.5
F,25-64,SK,2018,6.6
F,25-64,TR,2018,11.7
F,25-74,AT,2018,4.0
F,25-74,BE,2018,4.8
F,25-74,BG,2018,4.4
F,25-74,CH,2018,4.8
F,25-74,CY,2018,7.9
F,25-74,CZ,2018,2.6
F,25-74,DE,2018,2.7
F,25-74,DK,2018,4.6
F,25-74,EE,2018,4.7
F,25-74,GR,2018,23.1
F,25-74,ES,2018,15.9
F,25-74,FI,2018,5.9
F,25-74,FR,2018,8.0
F,25-74,HR,2018,7.7
F,25-74,HU,2018,3.5
F,25-74,IE,2018,4.7
F,25-74,IS,2018,1.9
F,25-74,IT,2018,10.4
F,25-74,LT,2018,5.1
F,25-74,LU,2018,5.4
F,25-74,LV,2018,6.1
F,25-74,ME,2018,14.3
F,25-74,MK,2018,18.0
F,25-74,MT,2018,3.2
F,25-74,NL,2018,3.4
F,25-74,NO,2018,2.8
F,25-74,PL,2018,3.2
F,25-74,PT,2018,6.5
F,25-74,RO,2018,2.6
F,25-74,RS,2018,12.7
F,25-74,SE,2018,4.9
F,25-74,SI,2018,5.4
F,25-74,SK,2018,6.5
F,25-74,TR,2018,11.5
F,30-34,AT,2018,5.4
F,30-34,BE,2018,6.3
F,30-34,BG,2018,5.4
F,30-34,CH,2018,5.5
F,30-34,CY,2018,8.8
F,30-34,CZ,2018,3.1
F,30-34,DE,2018,3.4
F,30-34,DK,2018,7.5
F,30-34,EE,2018,6.1
F,30-34,GR,2018,27.9
F,30-34,ES,2018,17.2
F,30-34,FI,2018,7.9
F,30-34,FR,2018,9.3
F,30-34,HR,2018,8.6
F,30-34,HU,2018,4.2
F,30-34,IE,2018,5.1
F,30-34,IT,2018,14.6
F,30-34,LT,2018,4.1
F,30-34,LU,2018,5.6
F,30-34,LV,2018,6.6
F,30-34,ME,2018,15.4
F,30-34,MK,2018,22.8
F,30-34,MT,2018,6.1
F,30-34,NL,2018,2.7
F,30-34,NO,2018,3.8
F,30-34,PL,2018,4.3
F,30-34,PT,2018,6.2
F,30-34,RO,2018,2.8
F,30-34,RS,2018,15.8
F,30-34,SE,2018,6.0
F,30-34,SI,2018,8.3
F,30-34,SK,2018,8.3
F,30-34,TR,2018,13.7
F,30-54,AT,2018,4.0
F,30-54,BE,2018,4.5
F,30-54,BG,2018,4.5
F,30-54,CH,2018,5.1
F,30-54,CY,2018,7.9
F,30-54,CZ,2018,2.5
F,30-54,DE,2018,2.6
F,30-54,DK,2018,4.1
F,30-54,EE,2018,5.2
F,30-54,GR,2018,22.6
F,30-54,ES,2018,15.4
F,30-54,FI,2018,5.7
F,30-54,FR,2018,7.7
F,30-54,HR,2018,7.3
F,30-54,HU,2018,3.4
F,30-54,IE,2018,4.7
F,30-54,IS,2018,1.7
F,30-54,IT,2018,10.6
F,30-54,LT,2018,4.9
F,30-54,LU,2018,5.0
F,30-54,LV,2018,5.7
F,30-54,ME,2018,14.0
F,30-54,MK,2018,15.4
F,30-54,MT,2018,3.4
F,30-54,NL,2018,3.0
F,30-54,NO,2018,3.0
F,30-54,PL,2018,3.1
F,30-54,PT,2018,6.2
F,30-54,RO,2018,2.6
F,30-54,RS,2018,12.5
F,30-54,SE,2018,4.9
F,30-54,SI,2018,5.1
F,30-54,SK,2018,6.3
F,30-54,TR,2018,10.8
F,30-64,AT,2018,4.0
F,30-64,BE,2018,4.3
F,30-64,BG,2018,4.4
F,30-64,CH,2018,4.8
F,30-64,CY,2018,7.4
F,30-64,CZ,2018,2.4
F,30-64,DE,2018,2.6
F,30-64,DK,2018,4.1
F,30-64,EE,2018,4.9
F,30-64,GR,2018,22.0
F,30-64,ES,2018,15.4
F,30-64,FI,2018,5.8
F,30-64,FR,2018,7.5
F,30-64,HR,2018,6.8
F,30-64,HU,2018,3.3
F,30-64,IE,2018,4.6
F,30-64,IS,2018,1.7
F,30-64,IT,2018,9.4
F,30-64,LT,2018,5.5
F,30-64,LU,2018,4.7
F,30-64,LV,2018,6.0
F,30-64,ME,2018,12.8
F,30-64,MK,2018,15.3
F,30-64,MT,2018,3.5
F,30-64,NL,2018,3.5
F,30-64,NO,2018,2.6
F,30-64,PL,2018,2.9
F,30-64,PT,2018,6.3
F,30-64,RO,2018,2.5
F,30-64,RS,2018,11.7
F,30-64,SE,2018,4.6
F,30-64,SI,2018,4.9
F,30-64,SK,2018,6.3
F,30-64,TR,2018,9.9
F,30-74,AT,2018,3.9
F,30-74,BE,2018,4.3
F,30-74,BG,2018,4.3
F,30-74,CH,2018,4.6
F,30-74,CY,2018,7.3
F,30-74,CZ,2018,2.4
F,30-74,DE,2018,2.6
F,30-74,DK,2018,4.0
F,30-74,EE,2018,4.8
F,30-74,GR,2018,21.8
F,30-74,ES,2018,15.3
F,30-74,FI,2018,5.7
F,30-74,FR,2018,7.4
F,30-74,HR,2018,6.7
F,30-74,HU,2018,3.3
F,30-74,IE,2018,4.5
F,30-74,IS,2018,1.8
F,30-74,IT,2018,9.2
F,30-74,LT,2018,5.3
F,30-74,LU,2018,4.7
F,30-74,LV,2018,5.8
F,30-74,ME,2018,12.6
F,30-74,MK,2018,15.1
F,30-74,MT,2018,3.5
F,30-74,NL,2018,3.5
F,30-74,NO,2018,2.5
F,30-74,PL,2018,2.9
F,30-74,PT,2018,6.2
F,30-74,RO,2018,2.4
F,30-74,RS,2018,11.3
F,30-74,SE,2018,4.5
F,30-74,SI,2018,4.9
F,30-74,SK,2018,6.2
F,30-74,TR,2018,9.7
F,35-39,AT,2018,4.6
F,35-39,BE,2018,5.1
F,35-39,BG,2018,4.6
F,35-39,CH,2018,5.2
F,35-39,CY,2018,8.2
F,35-39,CZ,2018,3.6
F,35-39,DE,2018,3.1
F,35-39,DK,2018,4.6
F,35-39,EE,2018,5.5
F,35-39,GR,2018,24.3
F,35-39,ES,2018,14.8
F,35-39,FI,2018,5.7
F,35-39,FR,2018,9.1
F,35-39,HR,2018,8.7
F,35-39,HU,2018,3.9
F,35-39,IE,2018,4.3
F,35-39,IT,2018,11.4
F,35-39,LT,2018,5.9
F,35-39,LU,2018,5.7
F,35-39,LV,2018,7.3
F,35-39,ME,2018,15.6
F,35-39,MK,2018,14.9
F,35-39,NL,2018,3.1
F,35-39,NO,2018,4.9
F,35-39,PL,2018,3.2
F,35-39,PT,2018,5.5
F,35-39,RO,2018,2.7
F,35-39,RS,2018,14.3
F,35-39,SE,2018,6.2
F,35-39,SI,2018,4.8
F,35-39,SK,2018,7.2
F,35-39,TR,2018,12.1
F,40-44,AT,2018,4.0
F,40-44,BE,2018,4.7
F,40-44,BG,2018,4.5
F,40-44,CH,2018,5.6
F,40-44,CY,2018,7.1
F,40-44,CZ,2018,2.1
F,40-44,DE,2018,2.5
F,40-44,DK,2018,3.7
F,40-44,EE,2018,5.4
F,40-44,GR,2018,22.1
F,40-44,ES,2018,14.7
F,40-44,FI,2018,4.5
F,40-44,FR,2018,7.4
F,40-44,HR,2018,6.3
F,40-44,HU,2018,3.6
F,40-44,IE,2018,4.7
F,40-44,IT,2018,11.1
F,40-44,LT,2018,5.4
F,40-44,LU,2018,5.7
F,40-44,LV,2018,4.4
F,40-44,ME,2018,15.9
F,40-44,MK,2018,11.1
F,40-44,NL,2018,2.6
F,40-44,PL,2018,2.6
F,40-44,PT,2018,7.9
F,40-44,RO,2018,1.9
F,40-44,RS,2018,10.4
F,40-44,SE,2018,4.4
F,40-44,SI,2018,5.7
F,40-44,SK,2018,5.7
F,40-44,TR,2018,10.2
F,40-59,AT,2018,3.6
F,40-59,BE,2018,3.7
F,40-59,BG,2018,4.1
F,40-59,CH,2018,4.7
F,40-59,CY,2018,7.0
F,40-59,CZ,2018,2.1
F,40-59,DE,2018,2.3
F,40-59,DK,2018,3.2
F,40-59,EE,2018,4.8
F,40-59,GR,2018,20.4
F,40-59,ES,2018,15.2
F,40-59,FI,2018,5.1
F,40-59,FR,2018,6.8
F,40-59,HR,2018,6.1
F,40-59,HU,2018,3.0
F,40-59,IE,2018,4.6
F,40-59,IS,2018,1.5
F,40-59,IT,2018,8.5
F,40-59,LT,2018,5.8
F,40-59,LU,2018,4.3
F,40-59,LV,2018,5.5
F,40-59,ME,2018,11.8
F,40-59,MK,2018,13.1
F,40-59,MT,2018,2.9
F,40-59,NL,2018,3.4
F,40-59,NO,2018,2.0
F,40-59,PL,2018,2.7
F,40-59,PT,2018,6.5
F,40-59,RO,2018,2.5
F,40-59,RS,2018,10.4
F,40-59,SE,2018,4.0
F,40-59,SI,2018,4.4
F,40-59,SK,2018,5.7
F,40-59,TR,2018,8.2
F,40-64,AT,2018,3.5
F,40-64,BE,2018,3.7
F,40-64,BG,2018,4.1
F,40-64,CH,2018,4.5
F,40-64,CY,2018,6.7
F,40-64,CZ,2018,2.1
F,40-64,DE,2018,2.4
F,40-64,DK,2018,3.3
F,40-64,EE,2018,4.6
F,40-64,GR,2018,20.1
F,40-64,ES,2018,15.2
F,40-64,FI,2018,5.4
F,40-64,FR,2018,6.7
F,40-64,HR,2018,5.8
F,40-64,HU,2018,3.1
F,40-64,IE,2018,4.6
F,40-64,IS,2018,1.7
F,40-64,IT,2018,8.1
F,40-64,LT,2018,5.7
F,40-64,LU,2018,4.1
F,40-64,LV,2018,5.6
F,40-64,ME,2018,11.3
F,40-64,MK,2018,13.0
F,40-64,MT,2018,3.3
F,40-64,NL,2018,3.7
F,40-64,NO,2018,1.8
F,40-64,PL,2018,2.5
F,40-64,PT,2018,6.5
F,40-64,RO,2018,2.4
F,40-64,RS,2018,10.0
F,40-64,SE,2018,4.0
F,40-64,SI,2018,4.3
F,40-64,SK,2018,5.7
F,40-64,TR,2018,7.8
F,45-49,AT,2018,3.4
F,45-49,BE,2018,3.4
F,45-49,BG,2018,4.2
F,45-49,CH,2018,4.9
F,45-49,CY,2018,7.5
F,45-49,CZ,2018,1.9
F,45-49,DE,2018,2.2
F,45-49,DK,2018,2.5
F,45-49,EE,2018,4.1
F,45-49,GR,2018,22.3
F,45-49,ES,2018,15.3
F,45-49,FI,2018,5.6
F,45-49,FR,2018,6.7
F,45-49,HR,2018,6.9
F,45-49,HU,2018,2.6
F,45-49,IE,2018,4.6
F,45-49,IT,2018,9.4
F,45-49,LT,2018,5.1
F,45-49,LU,2018,3.8
F,45-49,LV,2018,4.3
F,45-49,ME,2018,12.8
F,45-49,MK,2018,12.7
F,45-49,MT,2018,5.2
F,45-49,NL,2018,3.7
F,45-49,PL,2018,2.6
F,45-49,PT,2018,5.1
F,45-49,RO,2018,3.3
F,45-49,RS,2018,10.7
F,45-49,SE,2018,4.5
F,45-49,SI,2018,3.5
F,45-49,SK,2018,5.4
F,45-49,TR,2018,8.4
F,50-54,AT,2018,2.9
F,50-54,BE,2018,3.0
F,50-54,BG,2018,3.9
F,50-54,CH,2018,4.2
F,50-54,CY,2018,7.6
F,50-54,CZ,2018,2.0
F,50-54,DE,2018,2.2
F,50-54,DK,2018,3.0
F,50-54,EE,2018,5.1
F,50-54,GR,2018,16.8
F,50-54,ES,2018,15.6
F,50-54,FI,2018,5.2
F,50-54,FR,2018,6.4
F,50-54,HR,2018,6.1
F,50-54,HU,2018,3.0
F,50-54,IE,2018,4.8
F,50-54,IT,2018,7.7
F,50-54,LT,2018,4.4
F,50-54,LU,2018,3.6
F,50-54,LV,2018,6.2
F,50-54,ME,2018,9.8
F,50-54,MK,2018,14.0
F,50-54,NL,2018,3.1
F,50-54,PL,2018,3.0
F,50-54,PT,2018,6.3
F,50-54,RO,2018,2.2
F,50-54,RS,2018,11.1
F,50-54,SE,2018,3.3
F,50-54,SI,2018,3.6
F,50-54,SK,2018,5.3
F,50-54,TR,2018,6.9
F,50-59,AT,2018,3.5
F,50-59,BE,2018,3.3
F,50-59,BG,2018,3.8
F,50-59,CH,2018,4.1
F,50-59,CY,2018,6.7
F,50-59,CZ,2018,2.3
F,50-59,DE,2018,2.3
F,50-59,DK,2018,3.3
F,50-59,EE,2018,4.8
F,50-59,GR,2018,17.9
F,50-59,ES,2018,15.4
F,50-59,FI,2018,5.2
F,50-59,FR,2018,6.4
F,50-59,HR,2018,5.6
F,50-59,HU,2018,2.8
F,50-59,IE,2018,4.6
F,50-59,IT,2018,6.7
F,50-59,LT,2018,6.3
F,50-59,LU,2018,3.5
F,50-59,LV,2018,6.6
F,50-59,ME,2018,8.6
F,50-59,MK,2018,14.8
F,50-59,NL,2018,3.5
F,50-59,PL,2018,2.7
F,50-59,PT,2018,6.5
F,50-59,RO,2018,2.3
F,50-59,RS,2018,10.3
F,50-59,SE,2018,3.5
F,50-59,SI,2018,4.1
F,50-59,SK,2018,5.9
F,50-59,TR,2018,5.8
F,50-64,AT,2018,3.3
F,50-64,BE,2018,3.4
F,50-64,BG,2018,3.8
F,50-64,CH,2018,3.9
F,50-64,CY,2018,6.0
F,50-64,CZ,2018,2.2
F,50-64,DE,2018,2.4
F,50-64,DK,2018,3.5
F,50-64,EE,2018,4.5
F,50-64,GR,2018,17.7
F,50-64,ES,2018,15.3
F,50-64,FI,2018,5.7
F,50-64,FR,2018,6.4
F,50-64,HR,2018,5.1
F,50-64,HU,2018,3.0
F,50-64,IE,2018,4.5
F,50-64,IT,2018,6.1
F,50-64,LT,2018,6.0
F,50-64,LU,2018,3.3
F,50-64,LV,2018,6.6
F,50-64,ME,2018,8.1
F,50-64,MK,2018,14.4
F,50-64,MT,2018,3.0
F,50-64,NL,2018,4.1
F,50-64,NO,2018,1.5
F,50-64,PL,2018,2.5
F,50-64,PT,2018,6.4
F,50-64,RO,2018,2.0
F,50-64,RS,2018,9.4
F,50-64,SE,2018,3.6
F,50-64,SI,2018,4.0
F,50-64,SK,2018,5.7
F,50-64,TR,2018,5.1
F,50-74,AT,2018,3.2
F,50-74,BE,2018,3.3
F,50-74,BG,2018,3.8
F,50-74,CH,2018,3.6
F,50-74,CY,2018,5.9
F,50-74,CZ,2018,2.1
F,50-74,DE,2018,2.3
F,50-74,DK,2018,3.4
F,50-74,EE,2018,4.2
F,50-74,GR,2018,17.3
F,50-74,ES,2018,15.0
F,50-74,FI,2018,5.5
F,50-74,FR,2018,6.3
F,50-74,HR,2018,5.0
F,50-74,HU,2018,2.9
F,50-74,IE,2018,4.2
F,50-74,IT,2018,6.0
F,50-74,LT,2018,5.6
F,50-74,LU,2018,3.3
F,50-74,LV,2018,6.0
F,50-74,ME,2018,7.9
F,50-74,MK,2018,13.8
F,50-74,MT,2018,2.9
F,50-74,NL,2018,4.1
F,50-74,NO,2018,1.4
F,50-74,PL,2018,2.3
F,50-74,PT,2018,6.1
F,50-74,RO,2018,1.8
F,50-74,RS,2018,8.5
F,50-74,SE,2018,3.5
F,50-74,SI,2018,3.9
F,50-74,SK,2018,5.5
F,50-74,TR,2018,4.7
F,55-59,AT,2018,4.2
F,55-59,BE,2018,3.7
F,55-59,BG,2018,3.8
F,55-59,CH,2018,4.1
F,55-59,CY,2018,5.7
F,55-59,CZ,2018,2.7
F,55-59,DE,2018,2.4
F,55-59,DK,2018,3.7
F,55-59,EE,2018,4.6
F,55-59,GR,2018,19.7
F,55-59,ES,2018,15.1
F,55-59,FI,2018,5.2
F,55-59,FR,2018,6.4
F,55-59,HR,2018,4.9
F,55-59,HU,2018,2.5
F,55-59,IE,2018,4.3
F,55-59,IT,2018,5.4
F,55-59,LT,2018,8.2
F,55-59,LV,2018,7.1
F,55-59,MK,2018,15.7
F,55-59,NL,2018,4.1
F,55-59,PL,2018,2.3
F,55-59,PT,2018,6.8
F,55-59,RO,2018,2.4
F,55-59,RS,2018,9.4
F,55-59,SE,2018,3.6
F,55-59,SI,2018,4.8
F,55-59,SK,2018,6.5
F,55-59,TR,2018,4.0
F,55-64,AT,2018,3.8
F,55-64,BE,2018,3.7
F,55-64,BG,2018,3.8
F,55-64,CH,2018,3.7
F,55-64,CY,2018,4.9
F,55-64,CZ,2018,2.3
F,55-64,DE,2018,2.6
F,55-64,DK,2018,3.9
F,55-64,EE,2018,4.1
F,55-64,GR,2018,18.5
F,55-64,ES,2018,15.1
F,55-64,FI,2018,6.0
F,55-64,FR,2018,6.4
F,55-64,HR,2018,4.2
F,55-64,HU,2018,2.9
F,55-64,IE,2018,4.2
F,55-64,IT,2018,4.8
F,55-64,LT,2018,6.9
F,55-64,LV,2018,6.8
F,55-64,MK,2018,14.7
F,55-64,MT,2018,4.6
F,55-64,NL,2018,4.8
F,55-64,PL,2018,2.0
F,55-64,PT,2018,6.6
F,55-64,RO,2018,1.9
F,55-64,RS,2018,8.1
F,55-64,SE,2018,3.8
F,55-64,SI,2018,4.4
F,55-64,SK,2018,6.1
F,55-64,TR,2018,3.3
F,60-64,BE,2018,3.9
F,60-64,BG,2018,3.9
F,60-64,CH,2018,3.2
F,60-64,CZ,2018,1.5
F,60-64,DE,2018,2.9
F,60-64,DK,2018,4.3
F,60-64,EE,2018,3.5
F,60-64,GR,2018,16.4
F,60-64,ES,2018,15.0
F,60-64,FI,2018,7.2
F,60-64,FR,2018,6.4
F,60-64,HU,2018,3.8
F,60-64,IE,2018,4.2
F,60-64,IT,2018,3.7
F,60-64,LT,2018,4.8
F,60-64,LV,2018,6.3
F,60-64,MK,2018,12.4
F,60-64,NL,2018,6.0
F,60-64,PT,2018,6.2
F,60-64,RS,2018,5.7
F,60-64,SE,2018,3.9
F,60-64,SK,2018,4.9
F,60-64,TR,2018,2.1
F,65-69,CZ,2018,1.7
F,65-69,GR,2018,10.5
F,65-69,ES,2018,4.9
F,65-69,IT,2018,3.1
F,65-69,NL,2018,5.3
F,65-69,SE,2018,3.7
F,65-69,TR,2018,2.1
F,65-74,CZ,2018,1.4
F,65-74,GR,2018,10.2
F,65-74,ES,2018,4.5
F,65-74,IT,2018,2.9
F,65-74,NL,2018,4.5
F,65-74,SE,2018,3.2
F,65-74,TR,2018,1.5
M,15-19,AT,2018,10.7
M,15-19,BE,2018,18.7
M,15-19,BG,2018,29.2
M,15-19,CH,2018,8.5
M,15-19,CY,2018,35.9
M,15-19,CZ,2018,19.0
M,15-19,DE,2018,8.0
M,15-19,DK,2018,16.4
M,15-19,EE,2018,28.6
M,15-19,GR,2018,44.0
M,15-19,ES,2018,49.7
M,15-19,FI,2018,26.0
M,15-19,FR,2018,24.3
M,15-19,HR,2018,26.8
M,15-19,HU,2018,23.4
M,15-19,IE,2018,20.8
M,15-19,IS,2018,10.9
M,15-19,IT,2018,45.9
M,15-19,LU,2018,32.5
M,15-19,ME,2018,33.9
M,15-19,MK,2018,61.0
M,15-19,MT,2018,25.5
M,15-19,NL,2018,9.3
M,15-19,NO,2018,17.1
M,15-19,PL,2018,22.3
M,15-19,PT,2018,31.9
M,15-19,RO,2018,26.5
M,15-19,RS,2018,42.9
M,15-19,SE,2018,31.4
M,15-19,SI,2018,10.0
M,15-19,SK,2018,36.8
M,15-19,TR,2018,15.8
M,15-24,AT,2018,9.4
M,15-24,BE,2018,16.2
M,15-24,BG,2018,13.2
M,15-24,CH,2018,8.4
M,15-24,CY,2018,25.0
M,15-24,CZ,2018,6.4
M,15-24,DE,2018,7.1
M,15-24,DK,2018,11.8
M,15-24,EE,2018,12.9
M,15-24,GR,2018,36.4
M,15-24,ES,2018,35.2
M,15-24,FI,2018,17.3
M,15-24,FR,2018,21.5
M,15-24,HR,2018,19.3
M,15-24,HU,2018,9.8
M,15-24,IE,2018,14.8
M,15-24,IS,2018,6.5
M,15-24,IT,2018,30.4
M,15-24,LT,2018,12.0
M,15-24,LU,2018,16.3
M,15-24,LV,2018,12.5
M,15-24,ME,2018,33.3
M,15-24,MK,2018,46.6
M,15-24,MT,2018,11.7
M,15-24,NL,2018,7.7
M,15-24,NO,2018,10.7
M,15-24,PL,2018,11.5
M,15-24,PT,2018,20.0
M,15-24,RO,2018,16.3
M,15-24,RS,2018,28.3
M,15-24,SE,2018,18.6
M,15-24,SI,2018,8.3
M,15-24,SK,2018,14.3
M,15-24,TR,2018,17.5
M,15-29,AT,2018,7.7
M,15-29,BE,2018,11.0
M,15-29,BG,2018,9.2
M,15-29,CH,2018,6.8
M,15-29,CY,2018,16.2
M,15-29,CZ,2018,3.9
M,15-29,DE,2018,6.2
M,15-29,DK,2018,10.4
M,15-29,EE,2018,7.6
M,15-29,GR,2018,28.0
M,15-29,ES,2018,26.2
M,15-29,FI,2018,13.0
M,15-29,FR,2018,16.9
M,15-29,HR,2018,14.6
M,15-29,HU,2018,6.1
M,15-29,IE,2018,11.4
M,15-29,IS,2018,5.5
M,15-29,IT,2018,23.4
M,15-29,LT,2018,8.6
M,15-29,LU,2018,10.1
M,15-29,LV,2018,11.2
M,15-29,ME,2018,27.4
M,15-29,MK,2018,36.8
M,15-29,MT,2018,6.9
M,15-29,NL,2018,6.0
M,15-29,NO,2018,7.9
M,15-29,PL,2018,7.3
M,15-29,PT,2018,14.1
M,15-29,RO,2018,10.8
M,15-29,RS,2018,23.0
M,15-29,SE,2018,12.8
M,15-29,SI,2018,8.1
M,15-29,SK,2018,10.9
M,15-29,TR,2018,15.2
M,15-39,AT,2018,6.3
M,15-39,BE,2018,8.3
M,15-39,BG,2018,7.2
M,15-39,CH,2018,5.4
M,15-39,CY,2018,11.0
M,15-39,CZ,2018,2.4
M,15-39,DE,2018,5.1
M,15-39,DK,2018,7.5
M,15-39,EE,2018,5.8
M,15-39,GR,2018,19.7
M,15-39,ES,2018,17.6
M,15-39,FI,2018,9.4
M,15-39,FR,2018,12.0
M,15-39,HR,2018,10.5
M,15-39,HU,2018,4.7
M,15-39,IE,2018,7.7
M,15-39,IS,2018,4.1
M,15-39,IT,2018,15.1
M,15-39,LT,2018,6.8
M,15-39,LU,2018,7.2
M,15-39,LV,2018,8.9
M,15-39,ME,2018,21.6
M,15-39,MK,2018,26.4
M,15-39,MT,2018,5.1
M,15-39,NL,2018,4.5
M,15-39,NO,2018,6.0
M,15-39,PL,2018,4.9
M,15-39,PT,2018,8.9
M,15-39,RO,2018,6.9
M,15-39,RS,2018,16.6
M,15-39,SE,2018,9.1
M,15-39,SI,2018,6.0
M,15-39,SK,2018,7.5
M,15-39,TR,2018,11.4
M,15-59,AT,2018,5.2
M,15-59,BE,2018,6.4
M,15-59,BG,2018,5.9
M,15-59,CH,2018,4.5
M,15-59,CY,2018,8.4
M,15-59,CZ,2018,1.8
M,15-59,DE,2018,3.9
M,15-59,DK,2018,5.3
M,15-59,EE,2018,5.6
M,15-59,GR,2018,15.6
M,15-59,ES,2018,13.9
M,15-59,FI,2018,7.5
M,15-59,FR,2018,9.1
M,15-59,HR,2018,7.8
M,15-59,HU,2018,3.6
M,15-59,IE,2018,6.0
M,15-59,IS,2018,3.0
M,15-59,IT,2018,10.2
M,15-59,LT,2018,7.1
M,15-59,LU,2018,5.4
M,15-59,LV,2018,8.6
M,15-59,ME,2018,16.2
M,15-59,MK,2018,21.7
M,15-59,MT,2018,4.1
M,15-59,NL,2018,3.6
M,15-59,NO,2018,4.4
M,15-59,PL,2018,3.9
M,15-59,PT,2018,6.9
M,15-59,RO,2018,5.0
M,15-59,RS,2018,12.9
M,15-59,SE,2018,6.8
M,15-59,SI,2018,4.7
M,15-59,SK,2018,6.4
M,15-59,TR,2018,9.8
M,15-64,AT,2018,5.1
M,15-64,BE,2018,6.3
M,15-64,BG,2018,5.8
M,15-64,CH,2018,4.5
M,15-64,CY,2018,8.3
M,15-64,CZ,2018,1.8
M,15-64,DE,2018,3.9
M,15-64,DK,2018,5.1
M,15-64,EE,2018,5.6
M,15-64,GR,2018,15.5
M,15-64,ES,2018,13.8
M,15-64,FI,2018,7.6
M,15-64,FR,2018,9.1
M,15-64,HR,2018,7.6
M,15-64,HU,2018,3.5
M,15-64,IE,2018,6.0
M,15-64,IS,2018,3.0
M,15-64,IT,2018,9.9
M,15-64,LT,2018,7.1
M,15-64,LU,2018,5.4
M,15-64,LV,2018,8.5
M,15-64,ME,2018,15.6
M,15-64,MK,2018,21.5
M,15-64,MT,2018,4.2
M,15-64,NL,2018,3.7
M,15-64,NO,2018,4.2
M,15-64,PL,2018,3.9
M,15-64,PT,2018,6.9
M,15-64,RO,2018,4.8
M,15-64,RS,2018,12.5
M,15-64,SE,2018,6.7
M,15-64,SI,2018,4.7
M,15-64,SK,2018,6.2
M,15-64,TR,2018,9.7
M,15-74,AT,2018,5.0
M,15-74,BE,2018,6.3
M,15-74,BG,2018,5.7
M,15-74,CH,2018,4.4
M,15-74,CY,2018,8.1
M,15-74,CZ,2018,1.8
M,15-74,DE,2018,3.8
M,15-74,DK,2018,4.9
M,15-74,EE,2018,5.6
M,15-74,GR,2018,15.4
M,15-74,ES,2018,13.7
M,15-74,FI,2018,7.4
M,15-74,FR,2018,9.0
M,15-74,HR,2018,7.5
M,15-74,HU,2018,3.4
M,15-74,IE,2018,5.8
M,15-74,IS,2018,2.8
M,15-74,IT,2018,9.7
M,15-74,LT,2018,6.9
M,15-74,LU,2018,5.3
M,15-74,LV,2018,8.4
M,15-74,ME,2018,15.3
M,15-74,MK,2018,21.3
M,15-74,MT,2018,4.1
M,15-74,NL,2018,3.7
M,15-74,NO,2018,4.0
M,15-74,PL,2018,3.9
M,15-74,PT,2018,6.7
M,15-74,RO,2018,4.7
M,15-74,RS,2018,12.1
M,15-74,SE,2018,6.5
M,15-74,SI,2018,4.6
M,15-74,SK,2018,6.1
M,15-74,TR,2018,9.6
M,20-24,AT,2018,8.8
M,20-24,BE,2018,15.7
M,20-24,BG,2018,10.7
M,20-24,CH,2018,8.3
M,20-24,CY,2018,23.8
M,20-24,CZ,2018,5.1
M,20-24,DE,2018,6.7
M,20-24,DK,2018,9.3
M,20-24,EE,2018,10.1
M,20-24,GR,2018,35.4
M,20-24,ES,2018,32.0
M,20-24,FI,2018,13.7
M,20-24,FR,2018,20.6
M,20-24,HR,2018,17.6
M,20-24,HU,2018,8.1
M,20-24,IE,2018,12.5
M,20-24,IT,2018,27.7
M,20-24,LT,2018,11.8
M,20-24,LU,2018,12.5
M,20-24,LV,2018,11.9
M,20-24,ME,2018,33.1
M,20-24,MK,2018,43.8
M,20-24,MT,2018,8.4
M,20-24,NL,2018,6.4
M,20-24,NO,2018,7.9
M,20-24,PL,2018,10.5
M,20-24,PT,2018,17.5
M,20-24,RO,2018,13.6
M,20-24,RS,2018,25.6
M,20-24,SE,2018,13.5
M,20-24,SI,2018,7.9
M,20-24,SK,2018,11.5
M,20-24,TR,2018,18.6
M,20-29,AT,2018,7.2
M,20-29,BE,2018,10.5
M,20-29,BG,2018,8.3
M,20-29,CH,2018,6.4
M,20-29,CY,2018,15.5
M,20-29,CZ,2018,3.4
M,20-29,DE,2018,5.9
M,20-29,DK,2018,8.9
M,20-29,EE,2018,6.2
M,20-29,GR,2018,27.3
M,20-29,ES,2018,24.2
M,20-29,FI,2018,10.8
M,20-29,FR,2018,15.9
M,20-29,HR,2018,13.4
M,20-29,HU,2018,5.3
M,20-29,IE,2018,9.7
M,20-29,IS,2018,4.1
M,20-29,IT,2018,21.9
M,20-29,LT,2018,8.3
M,20-29,LU,2018,8.4
M,20-29,LV,2018,11.0
M,20-29,ME,2018,26.6
M,20-29,MK,2018,35.0
M,20-29,MT,2018,5.1
M,20-29,NL,2018,4.9
M,20-29,NO,2018,6.2
M,20-29,PL,2018,6.8
M,20-29,PT,2018,12.5
M,20-29,RO,2018,9.3
M,20-29,RS,2018,21.6
M,20-29,SE,2018,9.8
M,20-29,SI,2018,8.0
M,20-29,SK,2018,9.7
M,20-29,TR,2018,15.0
M,20-64,AT,2018,4.9
M,20-64,BE,2018,6.2
M,20-64,BG,2018,5.6
M,20-64,CH,2018,4.3
M,20-64,CY,2018,8.1
M,20-64,CZ,2018,1.7
M,20-64,DE,2018,3.8
M,20-64,DK,2018,4.5
M,20-64,EE,2018,5.3
M,20-64,GR,2018,15.3
M,20-64,ES,2018,13.4
M,20-64,FI,2018,7.0
M,20-64,FR,2018,8.7
M,20-64,HR,2018,7.2
M,20-64,HU,2018,3.3
M,20-64,IE,2018,5.5
M,20-64,IS,2018,2.5
M,20-64,IT,2018,9.6
M,20-64,LT,2018,7.0
M,20-64,LU,2018,5.0
M,20-64,LV,2018,8.5
M,20-64,ME,2018,15.1
M,20-64,MK,2018,20.9
M,20-64,MT,2018,3.8
M,20-64,NL,2018,3.3
M,20-64,NO,2018,3.6
M,20-64,PL,2018,3.8
M,20-64,PT,2018,6.5
M,20-64,RO,2018,4.5
M,20-64,RS,2018,12.2
M,20-64,SE,2018,5.8
M,20-64,SI,2018,4.6
M,20-64,SK,2018,5.9
M,20-64,TR,2018,9.3
M,25-29,AT,2018,6.0
M,25-29,BE,2018,7.7
M,25-29,BG,2018,7.2
M,25-29,CH,2018,5.0
M,25-29,CY,2018,11.4
M,25-29,CZ,2018,2.5
M,25-29,DE,2018,5.3
M,25-29,DK,2018,8.6
M,25-29,EE,2018,4.1
M,25-29,GR,2018,23.7
M,25-29,ES,2018,19.4
M,25-29,FI,2018,8.8
M,25-29,FR,2018,12.5
M,25-29,HR,2018,10.6
M,25-29,HU,2018,3.7
M,25-29,IE,2018,7.4
M,25-29,IS,2018,4.3
M,25-29,IT,2018,18.3
M,25-29,LT,2018,6.0
M,25-29,LU,2018,6.3
M,25-29,LV,2018,10.5
M,25-29,ME,2018,22.4
M,25-29,MK,2018,29.2
M,25-29,MT,2018,3.2
M,25-29,NL,2018,3.6
M,25-29,NO,2018,4.8
M,25-29,PL,2018,4.6
M,25-29,PT,2018,9.0
M,25-29,RO,2018,7.1
M,25-29,RS,2018,19.1
M,25-29,SE,2018,7.3
M,25-29,SI,2018,8.0
M,25-29,SK,2018,8.6
M,25-29,TR,2018,12.2
M,25-49,AT,2018,4.8
M,25-49,BE,2018,6.0
M,25-49,BG,2018,5.5
M,25-49,CH,2018,3.9
M,25-49,CY,2018,7.2
M,25-49,CZ,2018,1.5
M,25-49,DE,2018,3.9
M,25-49,DK,2018,4.3
M,25-49,EE,2018,4.2
M,25-49,GR,2018,15.1
M,25-49,ES,2018,12.2
M,25-49,FI,2018,6.1
M,25-49,FR,2018,8.1
M,25-49,HR,2018,7.2
M,25-49,HU,2018,3.1
M,25-49,IE,2018,4.8
M,25-49,IS,2018,2.5
M,25-49,IT,2018,9.6
M,25-49,LT,2018,6.4
M,25-49,LU,2018,4.6
M,25-49,LV,2018,8.2
M,25-49,ME,2018,15.6
M,25-49,MK,2018,19.6
M,25-49,MT,2018,3.2
M,25-49,NL,2018,2.7
M,25-49,NO,2018,3.9
M,25-49,PL,2018,3.3
M,25-49,PT,2018,5.6
M,25-49,RO,2018,4.3
M,25-49,RS,2018,12.3
M,25-49,SE,2018,5.3
M,25-49,SI,2018,4.2
M,25-49,SK,2018,5.6
M,25-49,TR,2018,8.3
M,25-54,AT,2018,4.7
M,25-54,BE,2018,5.7
M,25-54,BG,2018,5.3
M,25-54,CH,2018,3.9
M,25-54,CY,2018,7.0
M,25-54,CZ,2018,1.5
M,25-54,DE,2018,3.6
M,25-54,DK,2018,4.1
M,25-54,EE,2018,4.4
M,25-54,GR,2018,14.6
M,25-54,ES,2018,12.1
M,25-54,FI,2018,6.0
M,25-54,FR,2018,7.7
M,25-54,HR,2018,6.8
M,25-54,HU,2018,3.1
M,25-54,IE,2018,4.7
M,25-54,IS,2018,2.2
M,25-54,IT,2018,9.1
M,25-54,LT,2018,6.4
M,25-54,LU,2018,4.5
M,25-54,LV,2018,8.1
M,25-54,ME,2018,14.7
M,25-54,MK,2018,19.1
M,25-54,MT,2018,3.3
M,25-54,NL,2018,2.6
M,25-54,NO,2018,3.6
M,25-54,PL,2018,3.2
M,25-54,PT,2018,5.6
M,25-54,RO,2018,4.1
M,25-54,RS,2018,11.7
M,25-54,SE,2018,5.1
M,25-54,SI,2018,4.2
M,25-54,SK,2018,5.7
M,25-54,TR,2018,8.2
M,25-59,AT,2018,4.6
M,25-59,BE,2018,5.5
M,25-59,BG,2018,5.4
M,25-59,CH,2018,3.9
M,25-59,CY,2018,6.9
M,25-59,CZ,2018,1.5
M,25-59,DE,2018,3.5
M,25-59,DK,2018,4.0
M,25-59,EE,2018,4.9
M,25-59,GR,2018,14.4
M,25-59,ES,2018,12.2
M,25-59,FI,2018,6.1
M,25-59,FR,2018,7.6
M,25-59,HR,2018,6.6
M,25-59,HU,2018,3.0
M,25-59,IE,2018,4.7
M,25-59,IS,2018,2.2
M,25-59,IT,2018,8.8
M,25-59,LT,2018,6.6
M,25-59,LU,2018,4.5
M,25-59,LV,2018,8.3
M,25-59,ME,2018,13.9
M,25-59,MK,2018,19.0
M,25-59,MT,2018,3.1
M,25-59,NL,2018,2.7
M,25-59,NO,2018,3.4
M,25-59,PL,2018,3.2
M,25-59,PT,2018,5.6
M,25-59,RO,2018,4.1
M,25-59,RS,2018,11.5
M,25-59,SE,2018,5.1
M,25-59,SI,2018,4.4
M,25-59,SK,2018,5.7
M,25-59,TR,2018,8.3
M,25-64,AT,2018,4.5
M,25-64,BE,2018,5.5
M,25-64,BG,2018,5.4
M,25-64,CH,2018,4.0
M,25-64,CY,2018,6.9
M,25-64,CZ,2018,1.5
M,25-64,DE,2018,3.5
M,25-64,DK,2018,4.0
M,25-64,EE,2018,4.9
M,25-64,GR,2018,14.4
M,25-64,ES,2018,12.2
M,25-64,FI,2018,6.4
M,25-64,FR,2018,7.6
M,25-64,HR,2018,6.4
M,25-64,HU,2018,3.0
M,25-64,IE,2018,4.8
M,25-64,IS,2018,2.3
M,25-64,IT,2018,8.5
M,25-64,LT,2018,6.6
M,25-64,LU,2018,4.5
M,25-64,LV,2018,8.2
M,25-64,ME,2018,13.4
M,25-64,MK,2018,18.9
M,25-64,MT,2018,3.3
M,25-64,NL,2018,3.0
M,25-64,NO,2018,3.2
M,25-64,PL,2018,3.3
M,25-64,PT,2018,5.7
M,25-64,RO,2018,3.9
M,25-64,RS,2018,11.2
M,25-64,SE,2018,5.1
M,25-64,SI,2018,4.4
M,25-64,SK,2018,5.5
M,25-64,TR,2018,8.2
M,25-74,AT,2018,4.5
M,25-74,BE,2018,5.5
M,25-74,BG,2018,5.3
M,25-74,CH,2018,3.9
M,25-74,CY,2018,6.7
M,25-74,CZ,2018,1.5
M,25-74,DE,2018,3.4
M,25-74,DK,2018,3.8
M,25-74,EE,2018,4.9
M,25-74,GR,2018,14.3
M,25-74,ES,2018,12.2
M,25-74,FI,2018,6.2
M,25-74,FR,2018,7.6
M,25-74,HR,2018,6.3
M,25-74,HU,2018,2.9
M,25-74,IE,2018,4.6
M,25-74,IS,2018,2.2
M,25-74,IT,2018,8.4
M,25-74,LT,2018,6.5
M,25-74,LU,2018,4.4
M,25-74,LV,2018,8.1
M,25-74,ME,2018,13.1
M,25-74,MK,2018,18.7
M,25-74,MT,2018,3.2
M,25-74,NL,2018,3.0
M,25-74,NO,2018,3.1
M,25-74,PL,2018,3.2
M,25-74,PT,2018,5.6
M,25-74,RO,2018,3.8
M,25-74,RS,2018,10.7
M,25-74,SE,2018,5.0
M,25-74,SI,2018,4.3
M,25-74,SK,2018,5.4
M,25-74,TR,2018,8.1
M,30-34,AT,2018,5.3
M,30-34,BE,2018,6.4
M,30-34,BG,2018,6.7
M,30-34,CH,2018,3.9
M,30-34,CY,2018,7.5
M,30-34,CZ,2018,1.9
M,30-34,DE,2018,4.3
M,30-34,DK,2018,4.4
M,30-34,EE,2018,3.9
M,30-34,GR,2018,15.7
M,30-34,ES,2018,13.3
M,30-34,FI,2018,6.5
M,30-34,FR,2018,8.3
M,30-34,HR,2018,7.6
M,30-34,HU,2018,3.7
M,30-34,IE,2018,5.2
M,30-34,IT,2018,11.1
M,30-34,LT,2018,5.4
M,30-34,LU,2018,5.2
M,30-34,LV,2018,7.7
M,30-34,ME,2018,17.5
M,30-34,MK,2018,23.8
M,30-34,MT,2018,4.3
M,30-34,NL,2018,2.5
M,30-34,NO,2018,4.0
M,30-34,PL,2018,3.1
M,30-34,PT,2018,5.4
M,30-34,RO,2018,4.5
M,30-34,RS,2018,13.0
M,30-34,SE,2018,5.8
M,30-34,SI,2018,5.3
M,30-34,SK,2018,5.7
M,30-34,TR,2018,8.1
M,30-54,AT,2018,4.4
M,30-54,BE,2018,5.3
M,30-54,BG,2018,5.0
M,30-54,CH,2018,3.7
M,30-54,CY,2018,6.0
M,30-54,CZ,2018,1.3
M,30-54,DE,2018,3.3
M,30-54,DK,2018,3.3
M,30-54,EE,2018,4.5
M,30-54,GR,2018,13.3
M,30-54,ES,2018,11.2
M,30-54,FI,2018,5.5
M,30-54,FR,2018,6.9
M,30-54,HR,2018,6.1
M,30-54,HU,2018,3.0
M,30-54,IE,2018,4.3
M,30-54,IS,2018,1.8
M,30-54,IT,2018,7.9
M,30-54,LT,2018,6.5
M,30-54,LU,2018,4.2
M,30-54,LV,2018,7.7
M,30-54,ME,2018,13.1
M,30-54,MK,2018,17.2
M,30-54,MT,2018,3.3
M,30-54,NL,2018,2.5
M,30-54,NO,2018,3.3
M,30-54,PL,2018,3.0
M,30-54,PT,2018,5.1
M,30-54,RO,2018,3.6
M,30-54,RS,2018,10.4
M,30-54,SE,2018,4.6
M,30-54,SI,2018,3.7
M,30-54,SK,2018,5.1
M,30-54,TR,2018,7.4
M,30-64,AT,2018,4.3
M,30-64,BE,2018,5.2
M,30-64,BG,2018,5.1
M,30-64,CH,2018,3.8
M,30-64,CY,2018,6.1
M,30-64,CZ,2018,1.4
M,30-64,DE,2018,3.3
M,30-64,DK,2018,3.3
M,30-64,EE,2018,5.0
M,30-64,GR,2018,13.3
M,30-64,ES,2018,11.5
M,30-64,FI,2018,6.0
M,30-64,FR,2018,7.0
M,30-64,HR,2018,5.8
M,30-64,HU,2018,2.9
M,30-64,IE,2018,4.4
M,30-64,IS,2018,1.9
M,30-64,IT,2018,7.6
M,30-64,LT,2018,6.7
M,30-64,LU,2018,4.2
M,30-64,LV,2018,7.9
M,30-64,ME,2018,11.9
M,30-64,MK,2018,17.3
M,30-64,MT,2018,3.3
M,30-64,NL,2018,2.9
M,30-64,NO,2018,3.0
M,30-64,PL,2018,3.0
M,30-64,PT,2018,5.4
M,30-64,RO,2018,3.5
M,30-64,RS,2018,10.1
M,30-64,SE,2018,4.7
M,30-64,SI,2018,4.0
M,30-64,SK,2018,5.0
M,30-64,TR,2018,7.5
M,30-74,AT,2018,4.2
M,30-74,BE,2018,5.2
M,30-74,BG,2018,5.1
M,30-74,CH,2018,3.7
M,30-74,CY,2018,5.9
M,30-74,CZ,2018,1.4
M,30-74,DE,2018,3.2
M,30-74,DK,2018,3.2
M,30-74,EE,2018,5.0
M,30-74,GR,2018,13.2
M,30-74,ES,2018,11.4
M,30-74,FI,2018,5.8
M,30-74,FR,2018,6.9
M,30-74,HR,2018,5.7
M,30-74,HU,2018,2.8
M,30-74,IE,2018,4.3
M,30-74,IS,2018,1.9
M,30-74,IT,2018,7.4
M,30-74,LT,2018,6.5
M,30-74,LU,2018,4.2
M,30-74,LV,2018,7.7
M,30-74,ME,2018,11.6
M,30-74,MK,2018,17.1
M,30-74,MT,2018,3.2
M,30-74,NL,2018,3.0
M,30-74,NO,2018,2.9
M,30-74,PL,2018,3.0
M,30-74,PT,2018,5.2
M,30-74,RO,2018,3.4
M,30-74,RS,2018,9.7
M,30-74,SE,2018,4.6
M,30-74,SI,2018,3.9
M,30-74,SK,2018,5.0
M,30-74,TR,2018,7.4
M,35-39,AT,2018,4.4
M,35-39,BE,2018,5.8
M,35-39,BG,2018,5.2
M,35-39,CH,2018,4.0
M,35-39,CY,2018,6.2
M,35-39,CZ,2018,1.1
M,35-39,DE,2018,3.8
M,35-39,DK,2018,3.1
M,35-39,EE,2018,5.0
M,35-39,GR,2018,14.3
M,35-39,ES,2018,11.1
M,35-39,FI,2018,5.6
M,35-39,FR,2018,7.1
M,35-39,HR,2018,7.5
M,35-39,HU,2018,3.6
M,35-39,IE,2018,4.2
M,35-39,IT,2018,8.2
M,35-39,LT,2018,5.4
M,35-39,LU,2018,5.1
M,35-39,LV,2018,6.4
M,35-39,ME,2018,14.5
M,35-39,MK,2018,12.4
M,35-39,MT,2018,2.7
M,35-39,NL,2018,2.4
M,35-39,NO,2018,4.1
M,35-39,PL,2018,3.2
M,35-39,PT,2018,4.6
M,35-39,RO,2018,3.8
M,35-39,RS,2018,11.3
M,35-39,SE,2018,4.7
M,35-39,SI,2018,3.8
M,35-39,SK,2018,4.7
M,35-39,TR,2018,7.0
M,40-44,AT,2018,3.9
M,40-44,BE,2018,5.4
M,40-44,BG,2018,4.0
M,40-44,CH,2018,3.2
M,40-44,CY,2018,5.2
M,40-44,CZ,2018,1.1
M,40-44,DE,2018,3.2
M,40-44,DK,2018,3.3
M,40-44,EE,2018,3.2
M,40-44,GR,2018,11.6
M,40-44,ES,2018,9.6
M,40-44,FI,2018,4.7
M,40-44,FR,2018,7.1
M,40-44,HR,2018,5.9
M,40-44,HU,2018,2.6
M,40-44,IE,2018,4.1
M,40-44,IT,2018,7.2
M,40-44,LT,2018,8.2
M,40-44,LU,2018,3.3
M,40-44,LV,2018,6.9
M,40-44,ME,2018,12.1
M,40-44,MK,2018,16.2
M,40-44,MT,2018,2.1
M,40-44,NL,2018,2.5
M,40-44,NO,2018,3.9
M,40-44,PL,2018,2.6
M,40-44,PT,2018,5.2
M,40-44,RO,2018,3.3
M,40-44,RS,2018,10.4
M,40-44,SE,2018,4.0
M,40-44,SI,2018,2.5
M,40-44,SK,2018,5.0
M,40-44,TR,2018,6.5
M,40-59,AT,2018,4.1
M,40-59,BE,2018,4.8
M,40-59,BG,2018,4.7
M,40-59,CH,2018,3.7
M,40-59,CY,2018,5.3
M,40-59,CZ,2018,1.3
M,40-59,DE,2018,2.9
M,40-59,DK,2018,3.1
M,40-59,EE,2018,5.4
M,40-59,GR,2018,12.4
M,40-59,ES,2018,11.1
M,40-59,FI,2018,5.5
M,40-59,FR,2018,6.5
M,40-59,HR,2018,5.1
M,40-59,HU,2018,2.6
M,40-59,IE,2018,4.2
M,40-59,IS,2018,1.5
M,40-59,IT,2018,7.1
M,40-59,LT,2018,7.4
M,40-59,LU,2018,3.7
M,40-59,LV,2018,8.3
M,40-59,ME,2018,10.3
M,40-59,MK,2018,16.7
M,40-59,MT,2018,2.8
M,40-59,NL,2018,2.7
M,40-59,NO,2018,2.6
M,40-59,PL,2018,2.8
M,40-59,PT,2018,5.3
M,40-59,RO,2018,3.3
M,40-59,RS,2018,9.3
M,40-59,SE,2018,4.4
M,40-59,SI,2018,3.6
M,40-59,SK,2018,5.2
M,40-59,TR,2018,7.6
M,40-64,AT,2018,4.1
M,40-64,BE,2018,4.8
M,40-64,BG,2018,4.7
M,40-64,CH,2018,3.8
M,40-64,CY,2018,5.6
M,40-64,CZ,2018,1.4
M,40-64,DE,2018,3.0
M,40-64,DK,2018,3.1
M,40-64,EE,2018,5.3
M,40-64,GR,2018,12.5
M,40-64,ES,2018,11.2
M,40-64,FI,2018,6.0
M,40-64,FR,2018,6.6
M,40-64,HR,2018,4.9
M,40-64,HU,2018,2.5
M,40-64,IE,2018,4.3
M,40-64,IS,2018,1.7
M,40-64,IT,2018,6.9
M,40-64,LT,2018,7.3
M,40-64,LU,2018,3.7
M,40-64,LV,2018,8.3
M,40-64,ME,2018,9.8
M,40-64,MK,2018,16.9
M,40-64,MT,2018,3.2
M,40-64,NL,2018,3.1
M,40-64,NO,2018,2.5
M,40-64,PL,2018,3.0
M,40-64,PT,2018,5.5
M,40-64,RO,2018,3.2
M,40-64,RS,2018,9.1
M,40-64,SE,2018,4.5
M,40-64,SI,2018,3.7
M,40-64,SK,2018,4.9
M,40-64,TR,2018,7.4
M,45-49,AT,2018,4.3
M,45-49,BE,2018,4.8
M,45-49,BG,2018,4.8
M,45-49,CH,2018,3.5
M,45-49,CY,2018,4.6
M,45-49,CZ,2018,1.1
M,45-49,DE,2018,2.9
M,45-49,DK,2018,2.0
M,45-49,EE,2018,4.7
M,45-49,GR,2018,13.5
M,45-49,ES,2018,10.8
M,45-49,FI,2018,4.5
M,45-49,FR,2018,6.2
M,45-49,HR,2018,4.8
M,45-49,HU,2018,2.3
M,45-49,IE,2018,3.9
M,45-49,IT,2018,7.1
M,45-49,LT,2018,7.4
M,45-49,LU,2018,3.6
M,45-49,LV,2018,9.8
M,45-49,ME,2018,10.8
M,45-49,MK,2018,16.5
M,45-49,MT,2018,3.9
M,45-49,NL,2018,2.5
M,45-49,PL,2018,3.3
M,45-49,PT,2018,4.8
M,45-49,RO,2018,3.4
M,45-49,RS,2018,8.7
M,45-49,SE,2018,4.5
M,45-49,SI,2018,2.3
M,45-49,SK,2018,4.4
M,45-49,TR,2018,7.4
M,50-54,AT,2018,4.2
M,50-54,BE,2018,4.1
M,50-54,BG,2018,4.6
M,50-54,CH,2018,3.9
M,50-54,CY,2018,5.8
M,50-54,CZ,2018,1.6
M,50-54,DE,2018,2.7
M,50-54,DK,2018,3.5
M,50-54,EE,2018,5.9
M,50-54,GR,2018,12.0
M,50-54,ES,2018,11.9
M,50-54,FI,2018,5.9
M,50-54,FR,2018,6.1
M,50-54,HR,2018,4.3
M,50-54,HU,2018,3.0
M,50-54,IE,2018,4.2
M,50-54,IT,2018,7.0
M,50-54,LT,2018,6.2
M,50-54,LU,2018,3.8
M,50-54,LV,2018,7.6
M,50-54,ME,2018,10.0
M,50-54,MK,2018,16.6
M,50-54,MT,2018,3.6
M,50-54,NL,2018,2.4
M,50-54,PL,2018,2.5
M,50-54,PT,2018,5.3
M,50-54,RO,2018,3.1
M,50-54,RS,2018,8.1
M,50-54,SE,2018,4.1
M,50-54,SI,2018,4.4
M,50-54,SK,2018,5.9
M,50-54,TR,2018,8.2
M,50-59,AT,2018,4.1
M,50-59,BE,2018,4.4
M,50-59,BG,2018,5.2
M,50-59,CH,2018,4.0
M,50-59,CY,2018,5.8
M,50-59,CZ,2018,1.6
M,50-59,DE,2018,2.8
M,50-59,DK,2018,3.5
M,50-59,EE,2018,7.1
M,50-59,GR,2018,12.3
M,50-59,ES,2018,12.2
M,50-59,FI,2018,6.3
M,50-59,FR,2018,6.3
M,50-59,HR,2018,4.7
M,50-59,HU,2018,2.7
M,50-59,IE,2018,4.3
M,50-59,IT,2018,7.0
M,50-59,LT,2018,7.0
M,50-59,LU,2018,4.1
M,50-59,LV,2018,8.3
M,50-59,ME,2018,9.0
M,50-59,MK,2018,17.1
M,50-59,MT,2018,2.7
M,50-59,NL,2018,2.8
M,50-59,NO,2018,2.0
M,50-59,PL,2018,2.7
M,50-59,PT,2018,5.6
M,50-59,RO,2018,3.3
M,50-59,RS,2018,8.9
M,50-59,SE,2018,4.5
M,50-59,SI,2018,4.9
M,50-59,SK,2018,5.8
M,50-59,TR,2018,8.6
M,50-64,AT,2018,4.1
M,50-64,BE,2018,4.5
M,50-64,BG,2018,5.1
M,50-64,CH,2018,4.1
M,50-64,CY,2018,6.2
M,50-64,CZ,2018,1.6
M,50-64,DE,2018,3.0
M,50-64,DK,2018,3.5
M,50-64,EE,2018,6.6
M,50-64,GR,2018,12.6
M,50-64,ES,2018,12.3
M,50-64,FI,2018,7.0
M,50-64,FR,2018,6.7
M,50-64,HR,2018,4.5
M,50-64,HU,2018,2.6
M,50-64,IE,2018,4.6
M,50-64,IS,2018,1.8
M,50-64,IT,2018,6.6
M,50-64,LT,2018,7.0
M,50-64,LU,2018,4.0
M,50-64,LV,2018,8.2
M,50-64,ME,2018,8.3
M,50-64,MK,2018,17.4
M,50-64,MT,2018,3.5
M,50-64,NL,2018,3.5
M,50-64,NO,2018,1.9
M,50-64,PL,2018,3.0
M,50-64,PT,2018,6.0
M,50-64,RO,2018,3.0
M,50-64,RS,2018,8.7
M,50-64,SE,2018,4.7
M,50-64,SI,2018,4.9
M,50-64,SK,2018,5.1
M,50-64,TR,2018,8.1
M,50-74,AT,2018,3.9
M,50-74,BE,2018,4.4
M,50-74,BG,2018,4.9
M,50-74,CH,2018,3.7
M,50-74,CY,2018,5.7
M,50-74,CZ,2018,1.5
M,50-74,DE,2018,2.8
M,50-74,DK,2018,3.1
M,50-74,EE,2018,6.5
M,50-74,GR,2018,12.5
M,50-74,ES,2018,12.1
M,50-74,FI,2018,6.5
M,50-74,FR,2018,6.5
M,50-74,HR,2018,4.3
M,50-74,HU,2018,2.5
M,50-74,IE,2018,4.2
M,50-74,IS,2018,1.7
M,50-74,IT,2018,6.3
M,50-74,LT,2018,6.5
M,50-74,LU,2018,3.9
M,50-74,LV,2018,7.8
M,50-74,ME,2018,7.7
M,50-74,MK,2018,16.8
M,50-74,MT,2018,3.2
M,50-74,NL,2018,3.6
M,50-74,NO,2018,1.7
M,50-74,PL,2018,2.9
M,50-74,PT,2018,5.4
M,50-74,RO,2018,2.7
M,50-74,RS,2018,7.7
M,50-74,SE,2018,4.4
M,50-74,SI,2018,4.6
M,50-74,SK,2018,4.9
M,50-74,TR,2018,7.6
M,55-59,AT,2018,4.0
M,55-59,BE,2018,4.8
M,55-59,BG,2018,5.9
M,55-59,CH,2018,4.1
M,55-59,CY,2018,5.8
M,55-59,CZ,2018,1.6
M,55-59,DE,2018,2.9
M,55-59,DK,2018,3.4
M,55-59,EE,2018,8.5
M,55-59,GR,2018,12.7
M,55-59,ES,2018,12.7
M,55-59,FI,2018,6.9
M,55-59,FR,2018,6.5
M,55-59,HR,2018,5.1
M,55-59,HU,2018,2.3
M,55-59,IE,2018,4.5
M,55-59,IT,2018,6.9
M,55-59,LT,2018,7.8
M,55-59,LU,2018,4.4
M,55-59,LV,2018,9.0
M,55-59,MK,2018,17.8
M,55-59,NL,2018,3.3
M,55-59,PL,2018,3.0
M,55-59,PT,2018,6.0
M,55-59,RO,2018,3.6
M,55-59,RS,2018,9.8
M,55-59,SE,2018,5.0
M,55-59,SI,2018,5.5
M,55-59,SK,2018,5.7
M,55-59,TR,2018,9.3
M,55-64,AT,2018,3.9
M,55-64,BE,2018,4.9
M,55-64,BG,2018,5.4
M,55-64,CH,2018,4.2
M,55-64,CY,2018,6.4
M,55-64,CZ,2018,1.7
M,55-64,DE,2018,3.2
M,55-64,DK,2018,3.4
M,55-64,EE,2018,7.0
M,55-64,GR,2018,13.1
M,55-64,ES,2018,12.7
M,55-64,FI,2018,7.8
M,55-64,FR,2018,7.1
M,55-64,HR,2018,4.7
M,55-64,HU,2018,2.3
M,55-64,IE,2018,4.9
M,55-64,IT,2018,6.3
M,55-64,LT,2018,7.5
M,55-64,LU,2018,4.1
M,55-64,LV,2018,8.5
M,55-64,ME,2018,6.9
M,55-64,MK,2018,18.0
M,55-64,MT,2018,3.4
M,55-64,NL,2018,4.2
M,55-64,PL,2018,3.4
M,55-64,PT,2018,6.5
M,55-64,RO,2018,3.0
M,55-64,RS,2018,9.1
M,55-64,SE,2018,5.1
M,55-64,SI,2018,5.3
M,55-64,SK,2018,4.5
M,55-64,TR,2018,8.0
M,60-64,AT,2018,3.8
M,60-64,BE,2018,5.1
M,60-64,BG,2018,4.7
M,60-64,CH,2018,4.4
M,60-64,CY,2018,7.3
M,60-64,CZ,2018,1.8
M,60-64,DE,2018,3.7
M,60-64,DK,2018,3.4
M,60-64,EE,2018,4.8
M,60-64,GR,2018,13.8
M,60-64,ES,2018,12.7
M,60-64,FI,2018,9.3
M,60-64,FR,2018,8.5
M,60-64,HR,2018,3.8
M,60-64,HU,2018,2.3
M,60-64,IE,2018,5.5
M,60-64,IT,2018,5.3
M,60-64,LT,2018,7.0
M,60-64,LV,2018,7.7
M,60-64,MK,2018,18.5
M,60-64,MT,2018,6.7
M,60-64,NL,2018,5.4
M,60-64,PL,2018,3.9
M,60-64,PT,2018,7.2
M,60-64,RS,2018,8.3
M,60-64,SE,2018,5.2
M,60-64,SI,2018,4.6
M,60-64,TR,2018,6.0
M,65-69,GR,2018,13.4
M,65-69,ES,2018,6.3
M,65-69,IT,2018,2.8
M,65-69,NL,2018,4.7
M,65-69,SE,2018,2.0
M,65-69,TR,2018,4.3
M,65-74,DE,2018,0.9
M,65-74,GR,2018,11.7
M,65-74,ES,2018,4.9
M,65-74,FR,2018,2.6
M,65-74,IT,2018,2.2
M,65-74,NL,2018,4.1
M,65-74,SE,2018,2.4
M,65-74,TR,2018,3.7
M,70-74,TR,2018,2.3
F,15-19,AT,2019,10.1
F,15-19,BE,2019,17.1
F,15-19,CH,2019,8.3
F,15-19,CZ,2019,15.4
F,15-19,DE,2019,6.4
F,15-19,DK,2019,12.3
F,15-19,GR,2019,49.9
F,15-19,ES,2019,48.5
F,15-19,FI,2019,23.6
F,15-19,FR,2019,27.1
F,15-19,HR,2019,34.7
F,15-19,HU,2019,27.3
F,15-19,IE,2019,18.8
F,15-19,IT,2019,52.9
F,15-19,LU,2019,29.1
F,15-19,MK,2019,37.9
F,15-19,NL,2019,7.5
F,15-19,NO,2019,15.2
F,15-19,PL,2019,21.6
F,15-19,PT,2019,29.4
F,15-19,RO,2019,29.2
F,15-19,RS,2019,47.4
F,15-19,SE,2019,30.3
F,15-19,SI,2019,13.7
F,15-19,SK,2019,50.8
F,15-19,TR,2019,23.6
F,15-24,AT,2019,7.8
F,15-24,BE,2019,12.3
F,15-24,BG,2019,8.2
F,15-24,CH,2019,7.2
F,15-24,CY,2019,15.1
F,15-24,CZ,2019,6.0
F,15-24,DE,2019,4.8
F,15-24,DK,2019,9.7
F,15-24,EE,2019,12.1
F,15-24,GR,2019,37.1
F,15-24,ES,2019,34.5
F,15-24,FI,2019,15.6
F,15-24,FR,2019,18.1
F,15-24,HR,2019,18.8
F,15-24,HU,2019,11.0
F,15-24,IE,2019,10.6
F,15-24,IS,2019,5.6
F,15-24,IT,2019,31.1
F,15-24,LT,2019,9.3
F,15-24,LU,2019,16.0
F,15-24,LV,2019,10.1
F,15-24,ME,2019,24.3
F,15-24,MK,2019,38.9
F,15-24,MT,2019,8.6
F,15-24,NL,2019,6.2
F,15-24,NO,2019,9.5
F,15-24,PL,2019,9.9
F,15-24,PT,2019,21.3
F,15-24,RO,2019,17.5
F,15-24,RS,2019,29.9
F,15-24,SE,2019,19.7
F,15-24,SI,2019,9.2
F,15-24,SK,2019,19.7
F,15-24,TR,2019,30.3
F,15-29,AT,2019,6.4
F,15-29,BE,2019,8.7
F,15-29,BG,2019,6.0
F,15-29,CH,2019,6.4
F,15-29,CY,2019,12.2
F,15-29,CZ,2019,4.1
F,15-29,DE,2019,4.1
F,15-29,DK,2019,9.7
F,15-29,EE,2019,9.2
F,15-29,GR,2019,32.1
F,15-29,ES,2019,25.4
F,15-29,FI,2019,11.4
F,15-29,FR,2019,14.2
F,15-29,HR,2019,16.4
F,15-29,HU,2019,7.1
F,15-29,IE,2019,8.1
F,15-29,IS,2019,5.9
F,15-29,IT,2019,23.8
F,15-29,LT,2019,6.8
F,15-29,LU,2019,9.5
F,15-29,LV,2019,8.2
F,15-29,ME,2019,21.9
F,15-29,MK,2019,33.0
F,15-29,MT,2019,6.1
F,15-29,NL,2019,4.8
F,15-29,NO,2019,6.7
F,15-29,PL,2019,7.0
F,15-29,PT,2019,13.7
F,15-29,RO,2019,9.4
F,15-29,RS,2019,22.5
F,15-29,SE,2019,14.0
F,15-29,SI,2019,9.0
F,15-29,SK,2019,9.7
F,15-29,TR,2019,26.5
F,15-39,AT,2019,5.6
F,15-39,BE,2019,6.9
F,15-39,BG,2019,4.8
F,15-39,CH,2019,5.5
F,15-39,CY,2019,9.2
F,15-39,CZ,2019,3.4
F,15-39,DE,2019,3.5
F,15-39,DK,2019,7.8
F,15-39,EE,2019,7.1
F,15-39,GR,2019,27.4
F,15-39,ES,2019,19.0
F,15-39,FI,2019,8.7
F,15-39,FR,2019,11.0
F,15-39,HR,2019,10.9
F,15-39,HU,2019,4.9
F,15-39,IE,2019,6.0
F,15-39,IS,2019,4.6
F,15-39,IT,2019,17.2
F,15-39,LT,2019,5.6
F,15-39,LU,2019,7.2
F,15-39,LV,2019,6.8
F,15-39,ME,2019,18.7
F,15-39,MK,2019,22.7
F,15-39,MT,2019,6.1
F,15-39,NL,2019,4.0
F,15-39,NO,2019,5.2
F,15-39,PL,2019,5.1
F,15-39,PT,2019,9.4
F,15-39,RO,2019,5.1
F,15-39,RS,2019,16.4
F,15-39,SE,2019,9.8
F,15-39,SI,2019,7.0
F,15-39,SK,2019,8.0
F,15-39,TR,2019,21.1
F,15-59,AT,2019,4.5
F,15-59,BE,2019,5.0
F,15-59,BG,2019,3.9
F,15-59,CH,2019,4.9
F,15-59,CY,2019,8.0
F,15-59,CZ,2019,2.5
F,15-59,DE,2019,2.8
F,15-59,DK,2019,5.4
F,15-59,EE,2019,5.4
F,15-59,GR,2019,22.1
F,15-59,ES,2019,16.2
F,15-59,FI,2019,6.4
F,15-59,FR,2019,8.5
F,15-59,HR,2019,7.4
F,15-59,HU,2019,3.6
F,15-59,IE,2019,4.8
F,15-59,IS,2019,3.3
F,15-59,IT,2019,11.7
F,15-59,LT,2019,5.8
F,15-59,LU,2019,5.6
F,15-59,LV,2019,5.8
F,15-59,ME,2019,16.3
F,15-59,MK,2019,19.0
F,15-59,MT,2019,4.8
F,15-59,NL,2019,3.4
F,15-59,NO,2019,3.7
F,15-59,PL,2019,3.7
F,15-59,PT,2019,7.4
F,15-59,RO,2019,3.6
F,15-59,RS,2019,12.0
F,15-59,SE,2019,7.3
F,15-59,SI,2019,5.0
F,15-59,SK,2019,6.2
F,15-59,TR,2019,17.1
F,15-64,AT,2019,4.4
F,15-64,BE,2019,5.0
F,15-64,BG,2019,3.8
F,15-64,CH,2019,4.8
F,15-64,CY,2019,7.8
F,15-64,CZ,2019,2.4
F,15-64,DE,2019,2.8
F,15-64,DK,2019,5.4
F,15-64,EE,2019,5.1
F,15-64,GR,2019,21.7
F,15-64,ES,2019,16.1
F,15-64,FI,2019,6.3
F,15-64,FR,2019,8.4
F,15-64,HR,2019,7.1
F,15-64,HU,2019,3.6
F,15-64,IE,2019,4.8
F,15-64,IS,2019,3.2
F,15-64,IT,2019,11.2
F,15-64,LT,2019,5.7
F,15-64,LU,2019,5.5
F,15-64,LV,2019,5.7
F,15-64,ME,2019,15.9
F,15-64,MK,2019,18.6
F,15-64,MT,2019,4.7
F,15-64,NL,2019,3.4
F,15-64,NO,2019,3.5
F,15-64,PL,2019,3.6
F,15-64,PT,2019,7.2
F,15-64,RO,2019,3.5
F,15-64,RS,2019,11.5
F,15-64,SE,2019,7.1
F,15-64,SI,2019,5.0
F,15-64,SK,2019,6.0
F,15-64,TR,2019,16.7
F,15-74,AT,2019,4.4
F,15-74,BE,2019,4.9
F,15-74,BG,2019,3.8
F,15-74,CH,2019,4.7
F,15-74,CY,2019,7.7
F,15-74,CZ,2019,2.4
F,15-74,DE,2019,2.7
F,15-74,DK,2019,5.3
F,15-74,EE,2019,4.9
F,15-74,GR,2019,21.5
F,15-74,ES,2019,16.0
F,15-74,FI,2019,6.2
F,15-74,FR,2019,8.4
F,15-74,HR,2019,7.1
F,15-74,HU,2019,3.5
F,15-74,IE,2019,4.7
F,15-74,IS,2019,3.1
F,15-74,IT,2019,11.0
F,15-74,LT,2019,5.5
F,15-74,LU,2019,5.5
F,15-74,LV,2019,5.4
F,15-74,ME,2019,15.7
F,15-74,MK,2019,18.4
F,15-74,MT,2019,4.7
F,15-74,NL,2019,3.4
F,15-74,NO,2019,3.4
F,15-74,PL,2019,3.5
F,15-74,PT,2019,7.1
F,15-74,RO,2019,3.4
F,15-74,RS,2019,11.2
F,15-74,SE,2019,7.0
F,15-74,SI,2019,5.0
F,15-74,SK,2019,6.0
F,15-74,TR,2019,16.5
F,20-24,AT,2019,7.0
F,20-24,BE,2019,11.1
F,20-24,BG,2019,6.7
F,20-24,CH,2019,6.6
F,20-24,CY,2019,14.2
F,20-24,CZ,2019,4.8
F,20-24,DE,2019,4.2
F,20-24,DK,2019,8.1
F,20-24,EE,2019,11.0
F,20-24,GR,2019,36.0
F,20-24,ES,2019,31.7
F,20-24,FI,2019,11.2
F,20-24,FR,2019,16.1
F,20-24,HR,2019,16.2
F,20-24,HU,2019,9.1
F,20-24,IE,2019,7.5
F,20-24,IT,2019,28.0
F,20-24,LT,2019,8.4
F,20-24,LU,2019,12.8
F,20-24,LV,2019,8.6
F,20-24,ME,2019,24.1
F,20-24,MK,2019,39.0
F,20-24,MT,2019,6.7
F,20-24,NL,2019,5.1
F,20-24,NO,2019,6.3
F,20-24,PL,2019,9.0
F,20-24,PT,2019,19.9
F,20-24,RO,2019,14.8
F,20-24,RS,2019,27.3
F,20-24,SE,2019,13.2
F,20-24,SI,2019,8.1
F,20-24,SK,2019,15.8
F,20-24,TR,2019,33.0
F,20-29,AT,2019,5.9
F,20-29,BE,2019,8.0
F,20-29,BG,2019,5.5
F,20-29,CH,2019,5.9
F,20-29,CY,2019,11.8
F,20-29,CZ,2019,3.6
F,20-29,DE,2019,3.8
F,20-29,DK,2019,8.9
F,20-29,EE,2019,8.5
F,20-29,GR,2019,31.6
F,20-29,ES,2019,23.7
F,20-29,FI,2019,8.5
F,20-29,FR,2019,13.0
F,20-29,HR,2019,15.3
F,20-29,HU,2019,6.3
F,20-29,IE,2019,6.2
F,20-29,IS,2019,5.4
F,20-29,IT,2019,22.3
F,20-29,LT,2019,6.3
F,20-29,LU,2019,8.1
F,20-29,LV,2019,7.6
F,20-29,ME,2019,21.6
F,20-29,MK,2019,32.9
F,20-29,MT,2019,5.2
F,20-29,NL,2019,3.8
F,20-29,NO,2019,4.6
F,20-29,PL,2019,6.6
F,20-29,PT,2019,12.7
F,20-29,RO,2019,7.9
F,20-29,RS,2019,21.3
F,20-29,SE,2019,10.0
F,20-29,SI,2019,8.6
F,20-29,SK,2019,8.1
F,20-29,TR,2019,27.0
F,20-64,AT,2019,4.2
F,20-64,BE,2019,4.8
F,20-64,BG,2019,3.8
F,20-64,CH,2019,4.7
F,20-64,CY,2019,7.7
F,20-64,CZ,2019,2.3
F,20-64,DE,2019,2.7
F,20-64,DK,2019,4.9
F,20-64,EE,2019,5.0
F,20-64,GR,2019,21.6
F,20-64,ES,2019,15.7
F,20-64,FI,2019,5.5
F,20-64,FR,2019,8.1
F,20-64,HR,2019,6.9
F,20-64,HU,2019,3.4
F,20-64,IE,2019,4.3
F,20-64,IS,2019,2.9
F,20-64,IT,2019,10.9
F,20-64,LT,2019,5.6
F,20-64,LU,2019,5.2
F,20-64,LV,2019,5.6
F,20-64,ME,2019,15.8
F,20-64,MK,2019,18.5
F,20-64,MT,2019,4.4
F,20-64,NL,2019,3.0
F,20-64,NO,2019,2.9
F,20-64,PL,2019,3.5
F,20-64,PT,2019,7.0
F,20-64,RO,2019,3.2
F,20-64,RS,2019,11.3
F,20-64,SE,2019,6.0
F,20-64,SI,2019,4.9
F,20-64,SK,2019,5.8
F,20-64,TR,2019,16.4
F,25-29,AT,2019,5.0
F,25-29,BE,2019,6.4
F,25-29,BG,2019,5.0
F,25-29,CH,2019,5.4
F,25-29,CY,2019,10.5
F,25-29,CZ,2019,3.1
F,25-29,DE,2019,3.4
F,25-29,DK,2019,9.6
F,25-29,EE,2019,6.8
F,25-29,GR,2019,29.6
F,25-29,ES,2019,19.1
F,25-29,FI,2019,6.5
F,25-29,FR,2019,10.9
F,25-29,HR,2019,14.9
F,25-29,HU,2019,4.8
F,25-29,IE,2019,5.0
F,25-29,IS,2019,6.3
F,25-29,IT,2019,19.1
F,25-29,LT,2019,4.7
F,25-29,LU,2019,6.0
F,25-29,LV,2019,7.1
F,25-29,ME,2019,19.8
F,25-29,MK,2019,29.3
F,25-29,MT,2019,4.2
F,25-29,NL,2019,2.8
F,25-29,NO,2019,3.4
F,25-29,PL,2019,5.1
F,25-29,PT,2019,8.3
F,25-29,RO,2019,4.2
F,25-29,RS,2019,18.4
F,25-29,SE,2019,7.9
F,25-29,SI,2019,8.9
F,25-29,SK,2019,4.7
F,25-29,TR,2019,21.8
F,25-49,AT,2019,4.6
F,25-49,BE,2019,4.7
F,25-49,BG,2019,3.9
F,25-49,CH,2019,4.9
F,25-49,CY,2019,7.6
F,25-49,CZ,2019,2.4
F,25-49,DE,2019,2.8
F,25-49,DK,2019,5.3
F,25-49,EE,2019,5.0
F,25-49,GR,2019,23.1
F,25-49,ES,2019,15.0
F,25-49,FI,2019,5.0
F,25-49,FR,2019,8.0
F,25-49,HR,2019,7.4
F,25-49,HU,2019,3.4
F,25-49,IE,2019,4.2
F,25-49,IS,2019,3.5
F,25-49,IT,2019,12.2
F,25-49,LT,2019,5.0
F,25-49,LU,2019,5.1
F,25-49,LV,2019,5.4
F,25-49,ME,2019,16.1
F,25-49,MK,2019,17.7
F,25-49,MT,2019,4.6
F,25-49,NL,2019,2.8
F,25-49,NO,2019,3.1
F,25-49,PL,2019,3.4
F,25-49,PT,2019,6.2
F,25-49,RO,2019,2.7
F,25-49,RS,2019,11.9
F,25-49,SE,2019,6.0
F,25-49,SI,2019,5.1
F,25-49,SK,2019,5.4
F,25-49,TR,2019,15.4
F,25-54,AT,2019,4.2
F,25-54,BE,2019,4.4
F,25-54,BG,2019,3.7
F,25-54,CH,2019,4.7
F,25-54,CY,2019,7.4
F,25-54,CZ,2019,2.3
F,25-54,DE,2019,2.6
F,25-54,DK,2019,4.8
F,25-54,EE,2019,5.0
F,25-54,GR,2019,21.7
F,25-54,ES,2019,15.0
F,25-54,FI,2019,4.9
F,25-54,FR,2019,7.6
F,25-54,HR,2019,6.6
F,25-54,HU,2019,3.2
F,25-54,IE,2019,4.0
F,25-54,IS,2019,3.1
F,25-54,IT,2019,11.2
F,25-54,LT,2019,5.0
F,25-54,LU,2019,4.8
F,25-54,LV,2019,5.2
F,25-54,ME,2019,16.1
F,25-54,MK,2019,17.3
F,25-54,MT,2019,4.4
F,25-54,NL,2019,2.7
F,25-54,NO,2019,2.9
F,25-54,PL,2019,3.3
F,25-54,PT,2019,6.2
F,25-54,RO,2019,2.6
F,25-54,RS,2019,11.2
F,25-54,SE,2019,5.6
F,25-54,SI,2019,4.8
F,25-54,SK,2019,5.3
F,25-54,TR,2019,14.7
F,25-59,AT,2019,4.1
F,25-59,BE,2019,4.3
F,25-59,BG,2019,3.7
F,25-59,CH,2019,4.5
F,25-59,CY,2019,7.5
F,25-59,CZ,2019,2.3
F,25-59,DE,2019,2.5
F,25-59,DK,2019,4.6
F,25-59,EE,2019,4.7
F,25-59,GR,2019,21.2
F,25-59,ES,2019,14.9
F,25-59,FI,2019,4.9
F,25-59,FR,2019,7.4
F,25-59,HR,2019,6.5
F,25-59,HU,2019,3.1
F,25-59,IE,2019,3.9
F,25-59,IS,2019,2.8
F,25-59,IT,2019,10.5
F,25-59,LT,2019,5.5
F,25-59,LU,2019,4.7
F,25-59,LV,2019,5.5
F,25-59,ME,2019,15.4
F,25-59,MK,2019,17.1
F,25-59,MT,2019,4.2
F,25-59,NL,2019,2.7
F,25-59,NO,2019,2.7
F,25-59,PL,2019,3.2
F,25-59,PT,2019,6.2
F,25-59,RO,2019,2.6
F,25-59,RS,2019,10.8
F,25-59,SE,2019,5.4
F,25-59,SI,2019,4.7
F,25-59,SK,2019,5.4
F,25-59,TR,2019,14.2
F,25-64,AT,2019,4.0
F,25-64,BE,2019,4.3
F,25-64,BG,2019,3.7
F,25-64,CH,2019,4.5
F,25-64,CY,2019,7.2
F,25-64,CZ,2019,2.2
F,25-64,DE,2019,2.6
F,25-64,DK,2019,4.5
F,25-64,EE,2019,4.5
F,25-64,GR,2019,20.8
F,25-64,ES,2019,14.8
F,25-64,FI,2019,5.0
F,25-64,FR,2019,7.4
F,25-64,HR,2019,6.3
F,25-64,HU,2019,3.1
F,25-64,IE,2019,3.9
F,25-64,IS,2019,2.7
F,25-64,IT,2019,10.0
F,25-64,LT,2019,5.4
F,25-64,LU,2019,4.7
F,25-64,LV,2019,5.4
F,25-64,ME,2019,15.0
F,25-64,MK,2019,16.8
F,25-64,MT,2019,4.1
F,25-64,NL,2019,2.8
F,25-64,NO,2019,2.5
F,25-64,PL,2019,3.1
F,25-64,PT,2019,6.2
F,25-64,RO,2019,2.5
F,25-64,RS,2019,10.4
F,25-64,SE,2019,5.3
F,25-64,SI,2019,4.7
F,25-64,SK,2019,5.3
F,25-64,TR,2019,13.8
F,25-74,AT,2019,3.9
F,25-74,BE,2019,4.3
F,25-74,BG,2019,3.6
F,25-74,CH,2019,4.4
F,25-74,CY,2019,7.1
F,25-74,CZ,2019,2.2
F,25-74,DE,2019,2.5
F,25-74,DK,2019,4.5
F,25-74,EE,2019,4.3
F,25-74,GR,2019,20.7
F,25-74,ES,2019,14.7
F,25-74,FI,2019,4.9
F,25-74,FR,2019,7.4
F,25-74,HR,2019,6.2
F,25-74,HU,2019,3.0
F,25-74,IE,2019,3.9
F,25-74,IS,2019,2.6
F,25-74,IT,2019,9.9
F,25-74,LT,2019,5.2
F,25-74,LU,2019,4.7
F,25-74,LV,2019,5.1
F,25-74,ME,2019,14.7
F,25-74,MK,2019,16.6
F,25-74,MT,2019,4.1
F,25-74,NL,2019,2.8
F,25-74,NO,2019,2.4
F,25-74,PL,2019,3.1
F,25-74,PT,2019,6.1
F,25-74,RO,2019,2.5
F,25-74,RS,2019,10.1
F,25-74,SE,2019,5.2
F,25-74,SI,2019,4.7
F,25-74,SK,2019,5.2
F,25-74,TR,2019,13.5
F,30-34,AT,2019,5.6
F,30-34,BE,2019,5.9
F,30-34,BG,2019,4.3
F,30-34,CH,2019,5.0
F,30-34,CY,2019,7.2
F,30-34,CZ,2019,3.4
F,30-34,DE,2019,3.3
F,30-34,DK,2019,5.7
F,30-34,EE,2019,6.6
F,30-34,GR,2019,26.9
F,30-34,ES,2019,16.3
F,30-34,FI,2019,6.6
F,30-34,FR,2019,8.7
F,30-34,HR,2019,8.9
F,30-34,HU,2019,3.0
F,30-34,IE,2019,4.3
F,30-34,IT,2019,14.2
F,30-34,LT,2019,5.2
F,30-34,LU,2019,5.5
F,30-34,LV,2019,6.9
F,30-34,ME,2019,16.6
F,30-34,MK,2019,17.7
F,30-34,MT,2019,4.8
F,30-34,NL,2019,3.2
F,30-34,PL,2019,4.0
F,30-34,PT,2019,7.0
F,30-34,RO,2019,2.6
F,30-34,RS,2019,12.3
F,30-34,SE,2019,6.1
F,30-34,SI,2019,5.9
F,30-34,SK,2019,8.4
F,30-34,TR,2019,16.5
F,30-54,AT,2019,4.0
F,30-54,BE,2019,4.0
F,30-54,BG,2019,3.5
F,30-54,CH,2019,4.6
F,30-54,CY,2019,6.9
F,30-54,CZ,2019,2.2
F,30-54,DE,2019,2.5
F,30-54,DK,2019,3.9
F,30-54,EE,2019,4.6
F,30-54,GR,2019,20.5
F,30-54,ES,2019,14.4
F,30-54,FI,2019,4.6
F,30-54,FR,2019,7.0
F,30-54,HR,2019,5.2
F,30-54,HU,2019,3.0
F,30-54,IE,2019,3.8
F,30-54,IS,2019,2.3
F,30-54,IT,2019,10.2
F,30-54,LT,2019,5.0
F,30-54,LU,2019,4.6
F,30-54,LV,2019,4.9
F,30-54,ME,2019,15.4
F,30-54,MK,2019,15.0
F,30-54,MT,2019,4.5
F,30-54,NL,2019,2.7
F,30-54,NO,2019,2.8
F,30-54,PL,2019,3.0
F,30-54,PT,2019,5.9
F,30-54,RO,2019,2.4
F,30-54,RS,2019,10.1
F,30-54,SE,2019,5.2
F,30-54,SI,2019,4.2
F,30-54,SK,2019,5.4
F,30-54,TR,2019,13.0
F,30-64,AT,2019,3.8
F,30-64,BE,2019,4.0
F,30-64,BG,2019,3.5
F,30-64,CH,2019,4.3
F,30-64,CY,2019,6.7
F,30-64,CZ,2019,2.1
F,30-64,DE,2019,2.5
F,30-64,DK,2019,3.8
F,30-64,EE,2019,4.2
F,30-64,GR,2019,19.7
F,30-64,ES,2019,14.3
F,30-64,FI,2019,4.7
F,30-64,FR,2019,7.0
F,30-64,HR,2019,5.1
F,30-64,HU,2019,2.9
F,30-64,IE,2019,3.8
F,30-64,IS,2019,2.1
F,30-64,IT,2019,9.1
F,30-64,LT,2019,5.5
F,30-64,LU,2019,4.4
F,30-64,LV,2019,5.2
F,30-64,ME,2019,14.2
F,30-64,MK,2019,14.7
F,30-64,MT,2019,4.1
F,30-64,NL,2019,2.8
F,30-64,NO,2019,2.4
F,30-64,PL,2019,2.8
F,30-64,PT,2019,6.0
F,30-64,RO,2019,2.3
F,30-64,RS,2019,9.4
F,30-64,SE,2019,4.9
F,30-64,SI,2019,4.2
F,30-64,SK,2019,5.4
F,30-64,TR,2019,12.0
F,30-74,AT,2019,3.8
F,30-74,BE,2019,4.0
F,30-74,BG,2019,3.5
F,30-74,CH,2019,4.2
F,30-74,CY,2019,6.6
F,30-74,CZ,2019,2.1
F,30-74,DE,2019,2.4
F,30-74,DK,2019,3.7
F,30-74,EE,2019,4.0
F,30-74,GR,2019,19.6
F,30-74,ES,2019,14.2
F,30-74,FI,2019,4.7
F,30-74,FR,2019,6.9
F,30-74,HR,2019,5.0
F,30-74,HU,2019,2.8
F,30-74,IE,2019,3.7
F,30-74,IS,2019,2.0
F,30-74,IT,2019,8.9
F,30-74,LT,2019,5.3
F,30-74,LU,2019,4.4
F,30-74,LV,2019,4.9
F,30-74,ME,2019,14.0
F,30-74,MK,2019,14.5
F,30-74,MT,2019,4.1
F,30-74,NL,2019,2.8
F,30-74,NO,2019,2.3
F,30-74,PL,2019,2.8
F,30-74,PT,2019,5.9
F,30-74,RO,2019,2.3
F,30-74,RS,2019,9.1
F,30-74,SE,2019,4.8
F,30-74,SI,2019,4.2
F,30-74,SK,2019,5.3
F,30-74,TR,2019,11.8
F,35-39,AT,2019,4.1
F,35-39,BE,2019,5.0
F,35-39,BG,2019,3.9
F,35-39,CH,2019,4.3
F,35-39,CY,2019,7.1
F,35-39,CZ,2019,2.6
F,35-39,DE,2019,2.7
F,35-39,DK,2019,4.8
F,35-39,EE,2019,4.1
F,35-39,GR,2019,22.4
F,35-39,ES,2019,13.5
F,35-39,FI,2019,5.1
F,35-39,FR,2019,8.1
F,35-39,HR,2019,6.0
F,35-39,HU,2019,3.6
F,35-39,IE,2019,4.1
F,35-39,IT,2019,11.8
F,35-39,LT,2019,4.4
F,35-39,LU,2019,5.5
F,35-39,LV,2019,4.7
F,35-39,ME,2019,15.6
F,35-39,MK,2019,13.7
F,35-39,MT,2019,7.5
F,35-39,NL,2019,2.7
F,35-39,NO,2019,3.9
F,35-39,PL,2019,3.6
F,35-39,PT,2019,5.8
F,35-39,RO,2019,2.3
F,35-39,RS,2019,13.2
F,35-39,SE,2019,4.9
F,35-39,SI,2019,5.7
F,35-39,SK,2019,5.7
F,35-39,TR,2019,13.5
F,40-44,AT,2019,5.1
F,40-44,BE,2019,3.3
F,40-44,BG,2019,3.5
F,40-44,CH,2019,4.9
F,40-44,CY,2019,5.6
F,40-44,CZ,2019,1.9
F,40-44,DE,2019,2.7
F,40-44,DK,2019,3.5
F,40-44,EE,2019,5.8
F,40-44,GR,2019,18.6
F,40-44,ES,2019,14.0
F,40-44,FI,2019,3.8
F,40-44,FR,2019,6.6
F,40-44,HR,2019,4.7
F,40-44,HU,2019,3.6
F,40-44,IE,2019,3.8
F,40-44,IT,2019,10.4
F,40-44,LT,2019,5.7
F,40-44,LU,2019,4.8
F,40-44,ME,2019,16.8
F,40-44,MK,2019,14.7
F,40-44,MT,2019,3.8
F,40-44,NL,2019,2.8
F,40-44,PL,2019,2.6
F,40-44,PT,2019,5.8
F,40-44,RO,2019,1.9
F,40-44,RS,2019,9.1
F,40-44,SE,2019,5.5
F,40-44,SI,2019,4.1
F,40-44,SK,2019,4.5
F,40-44,TR,2019,13.1
F,40-59,AT,2019,3.5
F,40-59,BE,2019,3.2
F,40-59,BG,2019,3.3
F,40-59,CH,2019,4.3
F,40-59,CY,2019,6.9
F,40-59,CZ,2019,1.9
F,40-59,DE,2019,2.2
F,40-59,DK,2019,3.2
F,40-59,EE,2019,4.0
F,40-59,GR,2019,17.9
F,40-59,ES,2019,14.1
F,40-59,FI,2019,4.2
F,40-59,FR,2019,6.3
F,40-59,HR,2019,4.2
F,40-59,HU,2019,2.7
F,40-59,IE,2019,3.5
F,40-59,IS,2019,1.6
F,40-59,IT,2019,8.2
F,40-59,LT,2019,5.9
F,40-59,LU,2019,3.8
F,40-59,LV,2019,5.1
F,40-59,ME,2019,13.7
F,40-59,MK,2019,14.7
F,40-59,MT,2019,2.6
F,40-59,NL,2019,2.6
F,40-59,NO,2019,2.0
F,40-59,PL,2019,2.4
F,40-59,PT,2019,5.8
F,40-59,RO,2019,2.4
F,40-59,RS,2019,8.2
F,40-59,SE,2019,4.7
F,40-59,SI,2019,3.4
F,40-59,SK,2019,4.9
F,40-59,TR,2019,10.4
F,40-64,AT,2019,3.4
F,40-64,BE,2019,3.4
F,40-64,BG,2019,3.3
F,40-64,CH,2019,4.2
F,40-64,CY,2019,6.5
F,40-64,CZ,2019,1.8
F,40-64,DE,2019,2.2
F,40-64,DK,2019,3.3
F,40-64,EE,2019,3.8
F,40-64,GR,2019,17.6
F,40-64,ES,2019,14.1
F,40-64,FI,2019,4.3
F,40-64,FR,2019,6.4
F,40-64,HR,2019,4.0
F,40-64,HU,2019,2.7
F,40-64,IE,2019,3.5
F,40-64,IS,2019,1.6
F,40-64,IT,2019,7.7
F,40-64,LT,2019,5.8
F,40-64,LU,2019,3.8
F,40-64,LV,2019,4.9
F,40-64,ME,2019,13.2
F,40-64,MK,2019,14.1
F,40-64,MT,2019,2.7
F,40-64,NL,2019,2.7
F,40-64,NO,2019,1.9
F,40-64,PL,2019,2.3
F,40-64,PT,2019,5.8
F,40-64,RO,2019,2.3
F,40-64,RS,2019,7.8
F,40-64,SE,2019,4.7
F,40-64,SI,2019,3.5
F,40-64,SK,2019,4.7
F,40-64,TR,2019,9.9
F,45-49,AT,2019,3.2
F,45-49,BE,2019,3.2
F,45-49,BG,2019,3.5
F,45-49,CH,2019,5.0
F,45-49,CY,2019,8.0
F,45-49,CZ,2019,1.6
F,45-49,DE,2019,2.0
F,45-49,DK,2019,3.1
F,45-49,GR,2019,21.0
F,45-49,ES,2019,13.9
F,45-49,FI,2019,3.0
F,45-49,FR,2019,6.3
F,45-49,HR,2019,4.2
F,45-49,HU,2019,2.4
F,45-49,IE,2019,3.7
F,45-49,IT,2019,9.1
F,45-49,LT,2019,5.0
F,45-49,LU,2019,3.7
F,45-49,LV,2019,4.8
F,45-49,ME,2019,11.1
F,45-49,MK,2019,13.9
F,45-49,NL,2019,2.5
F,45-49,PL,2019,2.2
F,45-49,PT,2019,4.9
F,45-49,RO,2019,2.9
F,45-49,RS,2019,8.2
F,45-49,SE,2019,5.6
F,45-49,SI,2019,2.4
F,45-49,SK,2019,4.3
F,45-49,TR,2019,10.9
F,50-54,AT,2019,2.5
F,50-54,BE,2019,3.0
F,50-54,BG,2019,2.4
F,50-54,CH,2019,3.7
F,50-54,CY,2019,6.2
F,50-54,CZ,2019,1.9
F,50-54,DE,2019,1.9
F,50-54,DK,2019,3.0
F,50-54,EE,2019,4.8
F,50-54,GR,2019,15.0
F,50-54,ES,2019,14.8
F,50-54,FI,2019,4.4
F,50-54,FR,2019,5.7
F,50-54,HR,2019,2.4
F,50-54,HU,2019,2.5
F,50-54,IT,2019,7.2
F,50-54,LT,2019,4.7
F,50-54,LV,2019,4.4
F,50-54,ME,2019,16.0
F,50-54,MK,2019,14.9
F,50-54,NL,2019,2.3
F,50-54,PL,2019,2.5
F,50-54,PT,2019,6.2
F,50-54,RO,2019,2.4
F,50-54,RS,2019,7.5
F,50-54,SE,2019,3.8
F,50-54,SI,2019,3.2
F,50-54,SK,2019,4.7
F,50-54,TR,2019,7.9
F,50-59,AT,2019,2.9
F,50-59,BE,2019,3.3
F,50-59,BG,2019,3.1
F,50-59,CH,2019,3.6
F,50-59,CY,2019,6.9
F,50-59,CZ,2019,2.1
F,50-59,DE,2019,2.0
F,50-59,DK,2019,3.0
F,50-59,EE,2019,4.0
F,50-59,GR,2019,15.4
F,50-59,ES,2019,14.4
F,50-59,FI,2019,4.8
F,50-59,FR,2019,6.1
F,50-59,HR,2019,3.8
F,50-59,HU,2019,2.3
F,50-59,IE,2019,3.1
F,50-59,IT,2019,6.5
F,50-59,LT,2019,6.4
F,50-59,LU,2019,3.0
F,50-59,LV,2019,5.9
F,50-59,ME,2019,13.2
F,50-59,MK,2019,15.1
F,50-59,NL,2019,2.6
F,50-59,PL,2019,2.5
F,50-59,PT,2019,6.4
F,50-59,RO,2019,2.4
F,50-59,RS,2019,7.7
F,50-59,SE,2019,3.8
F,50-59,SI,2019,3.6
F,50-59,SK,2019,5.4
F,50-59,TR,2019,6.9
F,50-64,AT,2019,2.7
F,50-64,BE,2019,3.5
F,50-64,BG,2019,3.2
F,50-64,CH,2019,3.6
F,50-64,CY,2019,6.2
F,50-64,CZ,2019,1.9
F,50-64,DE,2019,2.2
F,50-64,DK,2019,3.3
F,50-64,EE,2019,3.7
F,50-64,GR,2019,15.2
F,50-64,ES,2019,14.3
F,50-64,FI,2019,4.9
F,50-64,FR,2019,6.3
F,50-64,HR,2019,3.5
F,50-64,HU,2019,2.3
F,50-64,IE,2019,3.3
F,50-64,IT,2019,6.0
F,50-64,LT,2019,6.0
F,50-64,LU,2019,3.1
F,50-64,LV,2019,5.5
F,50-64,ME,2019,12.3
F,50-64,MK,2019,13.9
F,50-64,MT,2019,2.4
F,50-64,NL,2019,2.8
F,50-64,NO,2019,1.4
F,50-64,PL,2019,2.3
F,50-64,PT,2019,6.2
F,50-64,RO,2019,2.2
F,50-64,RS,2019,7.0
F,50-64,SE,2019,4.0
F,50-64,SI,2019,3.8
F,50-64,SK,2019,5.1
F,50-64,TR,2019,6.0
F,50-74,AT,2019,2.6
F,50-74,BE,2019,3.5
F,50-74,BG,2019,3.1
F,50-74,CH,2019,3.5
F,50-74,CY,2019,5.9
F,50-74,CZ,2019,1.9
F,50-74,DE,2019,2.1
F,50-74,DK,2019,3.1
F,50-74,EE,2019,3.4
F,50-74,GR,2019,14.9
F,50-74,ES,2019,14.1
F,50-74,FI,2019,4.7
F,50-74,FR,2019,6.2
F,50-74,HR,2019,3.4
F,50-74,HU,2019,2.3
F,50-74,IE,2019,3.1
F,50-74,IT,2019,5.8
F,50-74,LT,2019,5.5
F,50-74,LU,2019,3.1
F,50-74,LV,2019,4.8
F,50-74,ME,2019,11.7
F,50-74,MK,2019,13.3
F,50-74,MT,2019,2.3
F,50-74,NL,2019,2.8
F,50-74,NO,2019,1.3
F,50-74,PL,2019,2.1
F,50-74,PT,2019,5.9
F,50-74,RO,2019,2.0
F,50-74,RS,2019,6.3
F,50-74,SE,2019,3.9
F,50-74,SI,2019,3.7
F,50-74,SK,2019,4.9
F,50-74,TR,2019,5.5
F,55-59,AT,2019,3.4
F,55-59,BE,2019,3.6
F,55-59,BG,2019,3.8
F,55-59,CH,2019,3.6
F,55-59,CY,2019,7.8
F,55-59,CZ,2019,2.2
F,55-59,DE,2019,2.2
F,55-59,DK,2019,3.0
F,55-59,EE,2019,3.3
F,55-59,GR,2019,16.1
F,55-59,ES,2019,13.8
F,55-59,FI,2019,5.2
F,55-59,FR,2019,6.5
F,55-59,HR,2019,5.8
F,55-59,HU,2019,2.1
F,55-59,IT,2019,5.6
F,55-59,LT,2019,8.0
F,55-59,LV,2019,7.4
F,55-59,MK,2019,15.3
F,55-59,NL,2019,2.9
F,55-59,PL,2019,2.5
F,55-59,PT,2019,6.6
F,55-59,RO,2019,2.4
F,55-59,RS,2019,7.9
F,55-59,SE,2019,3.8
F,55-59,SI,2019,3.9
F,55-59,SK,2019,6.2
F,55-59,TR,2019,5.2
F,55-64,AT,2019,2.9
F,55-64,BE,2019,3.9
F,55-64,BG,2019,3.7
F,55-64,CH,2019,3.6
F,55-64,CY,2019,6.2
F,55-64,CZ,2019,2.0
F,55-64,DE,2019,2.4
F,55-64,DK,2019,3.4
F,55-64,EE,2019,3.2
F,55-64,GR,2019,15.4
F,55-64,ES,2019,13.8
F,55-64,FI,2019,5.2
F,55-64,FR,2019,6.7
F,55-64,HR,2019,4.5
F,55-64,HU,2019,2.2
F,55-64,IE,2019,3.5
F,55-64,IT,2019,4.9
F,55-64,LT,2019,6.8
F,55-64,LV,2019,6.1
F,55-64,ME,2019,9.0
F,55-64,MK,2019,12.8
F,55-64,NL,2019,3.1
F,55-64,PL,2019,2.0
F,55-64,PT,2019,6.2
F,55-64,RO,2019,2.1
F,55-64,RS,2019,6.6
F,55-64,SE,2019,4.2
F,55-64,SI,2019,4.4
F,55-64,SK,2019,5.4
F,55-64,TR,2019,4.2
F,60-64,BE,2019,4.7
F,60-64,BG,2019,3.4
F,60-64,CH,2019,3.7
F,60-64,CZ,2019,1.4
F,60-64,DE,2019,2.7
F,60-64,DK,2019,4.1
F,60-64,GR,2019,14.2
F,60-64,ES,2019,13.9
F,60-64,FI,2019,5.2
F,60-64,FR,2019,7.3
F,60-64,IT,2019,3.6
F,60-64,LT,2019,4.9
F,60-64,MK,2019,6.8
F,60-64,NL,2019,3.5
F,60-64,PT,2019,5.6
F,60-64,RS,2019,4.5
F,60-64,SE,2019,4.7
F,60-64,SI,2019,6.3
F,60-64,TR,2019,2.2
F,65-69,GR,2019,10.0
F,65-69,ES,2019,8.0
F,65-69,FR,2019,4.4
F,65-69,IT,2019,2.0
F,65-69,NL,2019,3.6
F,65-69,TR,2019,2.5
F,65-74,CH,2019,1.6
F,65-74,GR,2019,10.4
F,65-74,ES,2019,7.0
F,65-74,FR,2019,3.8
F,65-74,IT,2019,1.9
F,65-74,NL,2019,3.0
F,65-74,TR,2019,2.0
M,15-19,AT,2019,11.6
M,15-19,BE,2019,16.5
M,15-19,CH,2019,9.9
M,15-19,CY,2019,32.7
M,15-19,CZ,2019,16.2
M,15-19,DE,2019,7.5
M,15-19,DK,2019,13.3
M,15-19,EE,2019,28.0
M,15-19,GR,2019,39.7
M,15-19,ES,2019,42.8
M,15-19,FI,2019,28.4
M,15-19,FR,2019,22.3
M,15-19,HR,2019,26.9
M,15-19,HU,2019,21.5
M,15-19,IE,2019,21.5
M,15-19,IS,2019,16.0
M,15-19,IT,2019,44.5
M,15-19,LT,2019,20.2
M,15-19,LU,2019,25.9
M,15-19,MK,2019,37.4
M,15-19,MT,2019,24.4
M,15-19,NL,2019,8.6
M,15-19,NO,2019,13.8
M,15-19,PL,2019,17.7
M,15-19,PT,2019,27.5
M,15-19,RO,2019,27.2
M,15-19,RS,2019,39.0
M,15-19,SE,2019,33.3
M,15-19,SI,2019,17.4
M,15-19,SK,2019,40.0
M,15-19,TR,2019,19.9
M,15-24,AT,2019,9.2
M,15-24,BE,2019,16.0
M,15-24,BG,2019,9.2
M,15-24,CH,2019,8.8
M,15-24,CY,2019,20.1
M,15-24,CZ,2019,5.4
M,15-24,DE,2019,6.6
M,15-24,DK,2019,10.4
M,15-24,EE,2019,11.2
M,15-24,GR,2019,33.5
M,15-24,ES,2019,30.9
M,15-24,FI,2019,18.7
M,15-24,FR,2019,20.7
M,15-24,HR,2019,15.3
M,15-24,HU,2019,11.9
M,15-24,IE,2019,14.2
M,15-24,IS,2019,11.8
M,15-24,IT,2019,27.8
M,15-24,LT,2019,14.1
M,15-24,LU,2019,17.8
M,15-24,LV,2019,14.2
M,15-24,ME,2019,25.8
M,15-24,MK,2019,33.4
M,15-24,MT,2019,11.3
M,15-24,NL,2019,7.3
M,15-24,NO,2019,10.4
M,15-24,PL,2019,9.6
M,15-24,PT,2019,15.7
M,15-24,RO,2019,16.3
M,15-24,RS,2019,26.1
M,15-24,SE,2019,20.5
M,15-24,SI,2019,7.4
M,15-24,SK,2019,14.0
M,15-24,TR,2019,22.4
M,15-29,AT,2019,7.1
M,15-29,BE,2019,10.8
M,15-29,BG,2019,7.4
M,15-29,CH,2019,6.8
M,15-29,CY,2019,12.1
M,15-29,CZ,2019,3.3
M,15-29,DE,2019,5.6
M,15-29,DK,2019,9.8
M,15-29,EE,2019,6.5
M,15-29,GR,2019,26.3
M,15-29,ES,2019,24.1
M,15-29,FI,2019,13.2
M,15-29,FR,2019,16.2
M,15-29,HR,2019,10.9
M,15-29,HU,2019,7.4
M,15-29,IE,2019,10.9
M,15-29,IS,2019,9.2
M,15-29,IT,2019,21.2
M,15-29,LT,2019,10.3
M,15-29,LU,2019,11.9
M,15-29,LV,2019,10.2
M,15-29,ME,2019,22.5
M,15-29,MK,2019,28.7
M,15-29,MT,2019,7.5
M,15-29,NL,2019,6.0
M,15-29,NO,2019,7.8
M,15-29,PL,2019,6.0
M,15-29,PT,2019,11.6
M,15-29,RO,2019,10.8
M,15-29,RS,2019,20.8
M,15-29,SE,2019,13.7
M,15-29,SI,2019,6.3
M,15-29,SK,2019,9.6
M,15-29,TR,2019,19.4
M,15-39,AT,2019,6.0
M,15-39,BE,2019,7.8
M,15-39,BG,2019,5.9
M,15-39,CH,2019,5.0
M,15-39,CY,2019,8.1
M,15-39,CZ,2019,2.4
M,15-39,DE,2019,4.7
M,15-39,DK,2019,7.1
M,15-39,EE,2019,4.1
M,15-39,GR,2019,18.4
M,15-39,ES,2019,16.0
M,15-39,FI,2019,9.2
M,15-39,FR,2019,11.4
M,15-39,HR,2019,8.6
M,15-39,HU,2019,4.6
M,15-39,IE,2019,7.1
M,15-39,IS,2019,5.9
M,15-39,IT,2019,14.2
M,15-39,LT,2019,7.7
M,15-39,LU,2019,7.1
M,15-39,LV,2019,7.4
M,15-39,ME,2019,20.6
M,15-39,MK,2019,21.4
M,15-39,MT,2019,5.1
M,15-39,NL,2019,4.3
M,15-39,NO,2019,5.7
M,15-39,PL,2019,3.8
M,15-39,PT,2019,7.4
M,15-39,RO,2019,6.5
M,15-39,RS,2019,14.3
M,15-39,SE,2019,9.2
M,15-39,SI,2019,4.6
M,15-39,SK,2019,7.4
M,15-39,TR,2019,14.9
M,15-59,AT,2019,4.7
M,15-59,BE,2019,5.9
M,15-59,BG,2019,4.6
M,15-59,CH,2019,4.3
M,15-59,CY,2019,6.9
M,15-59,CZ,2019,1.8
M,15-59,DE,2019,3.6
M,15-59,DK,2019,5.0
M,15-59,EE,2019,4.3
M,15-59,GR,2019,14.2
M,15-59,ES,2019,12.6
M,15-59,FI,2019,7.2
M,15-59,FR,2019,8.6
M,15-59,HR,2019,6.3
M,15-59,HU,2019,3.5
M,15-59,IE,2019,5.5
M,15-59,IS,2019,4.0
M,15-59,IT,2019,9.5
M,15-59,LT,2019,7.4
M,15-59,LU,2019,5.7
M,15-59,LV,2019,7.3
M,15-59,ME,2019,15.7
M,15-59,MK,2019,17.1
M,15-59,MT,2019,3.8
M,15-59,NL,2019,3.3
M,15-59,NO,2019,4.2
M,15-59,PL,2019,3.1
M,15-59,PT,2019,6.1
M,15-59,RO,2019,4.5
M,15-59,RS,2019,10.8
M,15-59,SE,2019,7.1
M,15-59,SI,2019,3.9
M,15-59,SK,2019,5.8
M,15-59,TR,2019,12.8
M,15-64,AT,2019,4.7
M,15-64,BE,2019,5.8
M,15-64,BG,2019,4.5
M,15-64,CH,2019,4.3
M,15-64,CY,2019,6.9
M,15-64,CZ,2019,1.8
M,15-64,DE,2019,3.6
M,15-64,DK,2019,4.9
M,15-64,EE,2019,4.2
M,15-64,GR,2019,14.1
M,15-64,ES,2019,12.5
M,15-64,FI,2019,7.4
M,15-64,FR,2019,8.6
M,15-64,HR,2019,6.2
M,15-64,HU,2019,3.4
M,15-64,IE,2019,5.4
M,15-64,IS,2019,4.0
M,15-64,IT,2019,9.2
M,15-64,LT,2019,7.3
M,15-64,LU,2019,5.7
M,15-64,LV,2019,7.3
M,15-64,ME,2019,15.0
M,15-64,MK,2019,16.6
M,15-64,MT,2019,3.7
M,15-64,NL,2019,3.4
M,15-64,NO,2019,4.1
M,15-64,PL,2019,3.0
M,15-64,PT,2019,6.1
M,15-64,RO,2019,4.4
M,15-64,RS,2019,10.4
M,15-64,SE,2019,6.9
M,15-64,SI,2019,4.1
M,15-64,SK,2019,5.7
M,15-64,TR,2019,12.6
M,15-74,AT,2019,4.6
M,15-74,BE,2019,5.7
M,15-74,BG,2019,4.5
M,15-74,CH,2019,4.1
M,15-74,CY,2019,6.7
M,15-74,CZ,2019,1.7
M,15-74,DE,2019,3.5
M,15-74,DK,2019,4.8
M,15-74,EE,2019,4.1
M,15-74,GR,2019,14.0
M,15-74,ES,2019,12.5
M,15-74,FI,2019,7.2
M,15-74,FR,2019,8.5
M,15-74,HR,2019,6.1
M,15-74,HU,2019,3.3
M,15-74,IE,2019,5.2
M,15-74,IS,2019,3.8
M,15-74,IT,2019,9.1
M,15-74,LT,2019,7.1
M,15-74,LU,2019,5.7
M,15-74,LV,2019,7.2
M,15-74,ME,2019,14.7
M,15-74,MK,2019,16.5
M,15-74,MT,2019,3.7
M,15-74,NL,2019,3.4
M,15-74,NO,2019,3.9
M,15-74,PL,2019,3.0
M,15-74,PT,2019,5.9
M,15-74,RO,2019,4.3
M,15-74,RS,2019,10.0
M,15-74,SE,2019,6.7
M,15-74,SI,2019,4.0
M,15-74,SK,2019,5.6
M,15-74,TR,2019,12.4
M,20-24,AT,2019,8.1
M,20-24,BE,2019,15.8
M,20-24,BG,2019,7.9
M,20-24,CH,2019,8.0
M,20-24,CY,2019,18.3
M,20-24,CZ,2019,4.2
M,20-24,DE,2019,6.2
M,20-24,DK,2019,8.8
M,20-24,EE,2019,8.6
M,20-24,GR,2019,32.7
M,20-24,ES,2019,28.2
M,20-24,FI,2019,14.9
M,20-24,FR,2019,20.3
M,20-24,HR,2019,12.7
M,20-24,HU,2019,10.4
M,20-24,IE,2019,11.7
M,20-24,IS,2019,9.6
M,20-24,IT,2019,25.0
M,20-24,LT,2019,13.3
M,20-24,LU,2019,15.8
M,20-24,LV,2019,12.6
M,20-24,ME,2019,27.8
M,20-24,MK,2019,32.8
M,20-24,MT,2019,8.3
M,20-24,NL,2019,6.2
M,20-24,NO,2019,8.7
M,20-24,PL,2019,8.8
M,20-24,PT,2019,13.5
M,20-24,RO,2019,13.5
M,20-24,RS,2019,23.6
M,20-24,SE,2019,15.0
M,20-24,SI,2019,5.9
M,20-24,SK,2019,11.5
M,20-24,TR,2019,23.8
M,20-29,AT,2019,6.3
M,20-29,BE,2019,10.4
M,20-29,BG,2019,6.9
M,20-29,CH,2019,5.9
M,20-29,CY,2019,11.3
M,20-29,CZ,2019,2.9
M,20-29,DE,2019,5.3
M,20-29,DK,2019,8.9
M,20-29,EE,2019,5.2
M,20-29,GR,2019,25.7
M,20-29,ES,2019,22.5
M,20-29,FI,2019,10.6
M,20-29,FR,2019,15.4
M,20-29,HR,2019,9.5
M,20-29,HU,2019,6.7
M,20-29,IE,2019,9.3
M,20-29,IS,2019,7.6
M,20-29,IT,2019,19.7
M,20-29,LT,2019,9.8
M,20-29,LU,2019,10.7
M,20-29,LV,2019,9.3
M,20-29,ME,2019,22.8
M,20-29,MK,2019,28.2
M,20-29,MT,2019,6.1
M,20-29,NL,2019,5.0
M,20-29,NO,2019,6.6
M,20-29,PL,2019,5.6
M,20-29,PT,2019,10.3
M,20-29,RO,2019,9.2
M,20-29,RS,2019,19.4
M,20-29,SE,2019,10.2
M,20-29,SI,2019,5.6
M,20-29,SK,2019,8.6
M,20-29,TR,2019,19.3
M,20-64,AT,2019,4.4
M,20-64,BE,2019,5.6
M,20-64,BG,2019,4.4
M,20-64,CH,2019,4.0
M,20-64,CY,2019,6.7
M,20-64,CZ,2019,1.7
M,20-64,DE,2019,3.5
M,20-64,DK,2019,4.5
M,20-64,EE,2019,3.9
M,20-64,GR,2019,13.9
M,20-64,ES,2019,12.1
M,20-64,FI,2019,6.6
M,20-64,FR,2019,8.3
M,20-64,HR,2019,5.9
M,20-64,HU,2019,3.2
M,20-64,IE,2019,4.9
M,20-64,IS,2019,3.4
M,20-64,IT,2019,8.9
M,20-64,LT,2019,7.1
M,20-64,LU,2019,5.3
M,20-64,LV,2019,7.1
M,20-64,ME,2019,14.8
M,20-64,MK,2019,16.4
M,20-64,MT,2019,3.3
M,20-64,NL,2019,3.0
M,20-64,NO,2019,3.6
M,20-64,PL,2019,2.9
M,20-64,PT,2019,5.8
M,20-64,RO,2019,4.1
M,20-64,RS,2019,10.0
M,20-64,SE,2019,5.9
M,20-64,SI,2019,3.9
M,20-64,SK,2019,5.4
M,20-64,TR,2019,12.2
M,25-29,AT,2019,5.0
M,25-29,BE,2019,7.4
M,25-29,BG,2019,6.5
M,25-29,CH,2019,4.6
M,25-29,CY,2019,8.5
M,25-29,CZ,2019,2.3
M,25-29,DE,2019,4.6
M,25-29,DK,2019,9.0
M,25-29,EE,2019,3.4
M,25-29,GR,2019,22.8
M,25-29,ES,2019,18.9
M,25-29,FI,2019,7.4
M,25-29,FR,2019,11.8
M,25-29,HR,2019,7.1
M,25-29,HU,2019,4.5
M,25-29,IE,2019,7.1
M,25-29,IS,2019,6.0
M,25-29,IT,2019,16.4
M,25-29,LT,2019,7.4
M,25-29,LU,2019,8.1
M,25-29,LV,2019,7.6
M,25-29,ME,2019,19.6
M,25-29,MK,2019,25.3
M,25-29,MT,2019,4.8
M,25-29,NL,2019,4.0
M,25-29,NO,2019,4.9
M,25-29,PL,2019,3.6
M,25-29,PT,2019,8.1
M,25-29,RO,2019,6.7
M,25-29,RS,2019,16.8
M,25-29,SE,2019,6.9
M,25-29,SI,2019,5.5
M,25-29,SK,2019,7.0
M,25-29,TR,2019,15.9
M,25-49,AT,2019,4.5
M,25-49,BE,2019,5.3
M,25-49,BG,2019,4.6
M,25-49,CH,2019,3.5
M,25-49,CY,2019,6.1
M,25-49,CZ,2019,1.5
M,25-49,DE,2019,3.5
M,25-49,DK,2019,4.4
M,25-49,EE,2019,2.9
M,25-49,GR,2019,13.8
M,25-49,ES,2019,11.2
M,25-49,FI,2019,5.2
M,25-49,FR,2019,7.5
M,25-49,HR,2019,6.0
M,25-49,HU,2019,2.9
M,25-49,IE,2019,4.3
M,25-49,IS,2019,2.9
M,25-49,IT,2019,9.2
M,25-49,LT,2019,6.4
M,25-49,LU,2019,4.8
M,25-49,LV,2019,6.6
M,25-49,ME,2019,15.9
M,25-49,MK,2019,16.3
M,25-49,MT,2019,3.3
M,25-49,NL,2019,2.6
M,25-49,NO,2019,3.6
M,25-49,PL,2019,2.5
M,25-49,PT,2019,4.9
M,25-49,RO,2019,3.8
M,25-49,RS,2019,10.1
M,25-49,SE,2019,5.2
M,25-49,SI,2019,3.6
M,25-49,SK,2019,5.4
M,25-49,TR,2019,11.1
M,25-54,AT,2019,4.2
M,25-54,BE,2019,5.1
M,25-54,BG,2019,4.4
M,25-54,CH,2019,3.5
M,25-54,CY,2019,5.9
M,25-54,CZ,2019,1.5
M,25-54,DE,2019,3.3
M,25-54,DK,2019,4.2
M,25-54,EE,2019,3.3
M,25-54,GR,2019,13.3
M,25-54,ES,2019,11.0
M,25-54,FI,2019,5.3
M,25-54,FR,2019,7.3
M,25-54,HR,2019,5.8
M,25-54,HU,2019,2.8
M,25-54,IE,2019,4.2
M,25-54,IS,2019,2.7
M,25-54,IT,2019,8.6
M,25-54,LT,2019,6.6
M,25-54,LU,2019,4.6
M,25-54,LV,2019,6.6
M,25-54,ME,2019,15.0
M,25-54,MK,2019,15.8
M,25-54,MT,2019,3.2
M,25-54,NL,2019,2.5
M,25-54,NO,2019,3.4
M,25-54,PL,2019,2.5
M,25-54,PT,2019,5.1
M,25-54,RO,2019,3.6
M,25-54,RS,2019,9.7
M,25-54,SE,2019,5.1
M,25-54,SI,2019,3.7
M,25-54,SK,2019,5.2
M,25-54,TR,2019,11.0
M,25-59,AT,2019,4.1
M,25-59,BE,2019,4.9
M,25-59,BG,2019,4.4
M,25-59,CH,2019,3.6
M,25-59,CY,2019,5.9
M,25-59,CZ,2019,1.6
M,25-59,DE,2019,3.2
M,25-59,DK,2019,4.0
M,25-59,EE,2019,3.6
M,25-59,GR,2019,13.1
M,25-59,ES,2019,11.1
M,25-59,FI,2019,5.6
M,25-59,FR,2019,7.2
M,25-59,HR,2019,5.3
M,25-59,HU,2019,2.7
M,25-59,IE,2019,4.2
M,25-59,IS,2019,2.5
M,25-59,IT,2019,8.2
M,25-59,LT,2019,6.8
M,25-59,LU,2019,4.6
M,25-59,LV,2019,6.7
M,25-59,ME,2019,14.3
M,25-59,MK,2019,15.4
M,25-59,MT,2019,2.9
M,25-59,NL,2019,2.5
M,25-59,NO,2019,3.2
M,25-59,PL,2019,2.5
M,25-59,PT,2019,5.2
M,25-59,RO,2019,3.5
M,25-59,RS,2019,9.4
M,25-59,SE,2019,5.1
M,25-59,SI,2019,3.6
M,25-59,SK,2019,5.1
M,25-59,TR,2019,10.9
M,25-64,AT,2019,4.1
M,25-64,BE,2019,4.9
M,25-64,BG,2019,4.3
M,25-64,CH,2019,3.6
M,25-64,CY,2019,5.9
M,25-64,CZ,2019,1.6
M,25-64,DE,2019,3.2
M,25-64,DK,2019,4.0
M,25-64,EE,2019,3.6
M,25-64,GR,2019,13.1
M,25-64,ES,2019,11.2
M,25-64,FI,2019,5.8
M,25-64,FR,2019,7.2
M,25-64,HR,2019,5.3
M,25-64,HU,2019,2.7
M,25-64,IE,2019,4.2
M,25-64,IS,2019,2.6
M,25-64,IT,2019,8.0
M,25-64,LT,2019,6.6
M,25-64,LU,2019,4.6
M,25-64,LV,2019,6.8
M,25-64,ME,2019,13.5
M,25-64,MK,2019,15.0
M,25-64,MT,2019,2.9
M,25-64,NL,2019,2.6
M,25-64,NO,2019,3.1
M,25-64,PL,2019,2.5
M,25-64,PT,2019,5.3
M,25-64,RO,2019,3.5
M,25-64,RS,2019,9.1
M,25-64,SE,2019,5.1
M,25-64,SI,2019,3.8
M,25-64,SK,2019,5.0
M,25-64,TR,2019,10.8
M,25-74,AT,2019,4.0
M,25-74,BE,2019,4.9
M,25-74,BG,2019,4.2
M,25-74,CH,2019,3.5
M,25-74,CY,2019,5.8
M,25-74,CZ,2019,1.5
M,25-74,DE,2019,3.2
M,25-74,DK,2019,3.9
M,25-74,EE,2019,3.5
M,25-74,GR,2019,13.0
M,25-74,ES,2019,11.1
M,25-74,FI,2019,5.7
M,25-74,FR,2019,7.1
M,25-74,HR,2019,5.2
M,25-74,HU,2019,2.7
M,25-74,IE,2019,4.0
M,25-74,IS,2019,2.5
M,25-74,IT,2019,7.9
M,25-74,LT,2019,6.4
M,25-74,LU,2019,4.6
M,25-74,LV,2019,6.7
M,25-74,ME,2019,13.3
M,25-74,MK,2019,14.9
M,25-74,MT,2019,2.8
M,25-74,NL,2019,2.7
M,25-74,NO,2019,3.0
M,25-74,PL,2019,2.5
M,25-74,PT,2019,5.1
M,25-74,RO,2019,3.4
M,25-74,RS,2019,8.6
M,25-74,SE,2019,5.0
M,25-74,SI,2019,3.8
M,25-74,SK,2019,4.9
M,25-74,TR,2019,10.6
M,30-34,AT,2019,4.8
M,30-34,BE,2019,5.8
M,30-34,BG,2019,5.9
M,30-34,CH,2019,3.5
M,30-34,CY,2019,6.5
M,30-34,CZ,2019,2.0
M,30-34,DE,2019,4.0
M,30-34,DK,2019,4.7
M,30-34,EE,2019,2.2
M,30-34,GR,2019,16.0
M,30-34,ES,2019,11.7
M,30-34,FI,2019,6.0
M,30-34,FR,2019,7.9
M,30-34,HR,2019,8.8
M,30-34,HU,2019,2.5
M,30-34,IE,2019,4.3
M,30-34,IT,2019,11.1
M,30-34,LT,2019,6.2
M,30-34,LU,2019,2.5
M,30-34,LV,2019,5.2
M,30-34,ME,2019,23.3
M,30-34,MK,2019,19.1
M,30-34,MT,2019,4.6
M,30-34,NL,2019,2.4
M,30-34,NO,2019,3.4
M,30-34,PL,2019,2.2
M,30-34,PT,2019,4.4
M,30-34,RO,2019,4.3
M,30-34,RS,2019,10.2
M,30-34,SE,2019,4.3
M,30-34,SI,2019,3.4
M,30-34,SK,2019,6.4
M,30-34,TR,2019,11.2
M,30-54,AT,2019,4.0
M,30-54,BE,2019,4.6
M,30-54,BG,2019,4.0
M,30-54,CH,2019,3.3
M,30-54,CY,2019,5.3
M,30-54,CZ,2019,1.3
M,30-54,DE,2019,3.1
M,30-54,DK,2019,3.3
M,30-54,EE,2019,3.2
M,30-54,GR,2019,11.9
M,30-54,ES,2019,10.0
M,30-54,FI,2019,4.8
M,30-54,FR,2019,6.5
M,30-54,HR,2019,5.6
M,30-54,HU,2019,2.5
M,30-54,IE,2019,3.8
M,30-54,IS,2019,2.0
M,30-54,IT,2019,7.6
M,30-54,LT,2019,6.4
M,30-54,LU,2019,3.9
M,30-54,LV,2019,6.4
M,30-54,ME,2019,13.9
M,30-54,MK,2019,14.0
M,30-54,MT,2019,2.8
M,30-54,NL,2019,2.1
M,30-54,NO,2019,3.1
M,30-54,PL,2019,2.3
M,30-54,PT,2019,4.6
M,30-54,RO,2019,3.2
M,30-54,RS,2019,8.5
M,30-54,SE,2019,4.7
M,30-54,SI,2019,3.4
M,30-54,SK,2019,4.9
M,30-54,TR,2019,9.9
M,30-64,AT,2019,4.0
M,30-64,BE,2019,4.5
M,30-64,BG,2019,4.0
M,30-64,CH,2019,3.5
M,30-64,CY,2019,5.5
M,30-64,CZ,2019,1.5
M,30-64,DE,2019,3.1
M,30-64,DK,2019,3.3
M,30-64,EE,2019,3.6
M,30-64,GR,2019,12.0
M,30-64,ES,2019,10.3
M,30-64,FI,2019,5.6
M,30-64,FR,2019,6.6
M,30-64,HR,2019,5.0
M,30-64,HU,2019,2.4
M,30-64,IE,2019,3.8
M,30-64,IS,2019,2.0
M,30-64,IT,2019,7.2
M,30-64,LT,2019,6.5
M,30-64,LU,2019,4.0
M,30-64,LV,2019,6.6
M,30-64,ME,2019,12.4
M,30-64,MK,2019,13.4
M,30-64,MT,2019,2.5
M,30-64,NL,2019,2.5
M,30-64,NO,2019,2.9
M,30-64,PL,2019,2.3
M,30-64,PT,2019,4.9
M,30-64,RO,2019,3.1
M,30-64,RS,2019,8.1
M,30-64,SE,2019,4.8
M,30-64,SI,2019,3.6
M,30-64,SK,2019,4.7
M,30-64,TR,2019,9.9
M,30-74,AT,2019,3.9
M,30-74,BE,2019,4.5
M,30-74,BG,2019,4.0
M,30-74,CH,2019,3.4
M,30-74,CY,2019,5.3
M,30-74,CZ,2019,1.4
M,30-74,DE,2019,3.0
M,30-74,DK,2019,3.2
M,30-74,EE,2019,3.6
M,30-74,GR,2019,11.9
M,30-74,ES,2019,10.3
M,30-74,FI,2019,5.5
M,30-74,FR,2019,6.5
M,30-74,HR,2019,5.0
M,30-74,HU,2019,2.4
M,30-74,IE,2019,3.6
M,30-74,IS,2019,2.0
M,30-74,IT,2019,7.0
M,30-74,LT,2019,6.3
M,30-74,LU,2019,4.0
M,30-74,LV,2019,6.5
M,30-74,ME,2019,12.1
M,30-74,MK,2019,13.3
M,30-74,MT,2019,2.4
M,30-74,NL,2019,2.5
M,30-74,NO,2019,2.8
M,30-74,PL,2019,2.3
M,30-74,PT,2019,4.8
M,30-74,RO,2019,3.0
M,30-74,RS,2019,7.7
M,30-74,SE,2019,4.7
M,30-74,SI,2019,3.6
M,30-74,SK,2019,4.6
M,30-74,TR,2019,9.7
M,35-39,AT,2019,5.1
M,35-39,BE,2019,5.1
M,35-39,BG,2019,4.3
M,35-39,CH,2019,2.9
M,35-39,CY,2019,4.1
M,35-39,CZ,2019,1.4
M,35-39,DE,2019,3.5
M,35-39,DK,2019,3.2
M,35-39,EE,2019,2.7
M,35-39,GR,2019,11.6
M,35-39,ES,2019,9.7
M,35-39,FI,2019,4.9
M,35-39,FR,2019,6.8
M,35-39,HR,2019,5.3
M,35-39,HU,2019,2.5
M,35-39,IE,2019,3.3
M,35-39,IT,2019,8.2
M,35-39,LT,2019,5.6
M,35-39,LU,2019,4.4
M,35-39,LV,2019,5.7
M,35-39,ME,2019,13.7
M,35-39,MK,2019,12.4
M,35-39,NL,2019,1.9
M,35-39,NO,2019,3.5
M,35-39,PL,2019,2.6
M,35-39,PT,2019,3.9
M,35-39,RO,2019,2.9
M,35-39,RS,2019,9.5
M,35-39,SE,2019,5.2
M,35-39,SI,2019,3.5
M,35-39,SK,2019,5.4
M,35-39,TR,2019,9.5
M,40-44,AT,2019,3.9
M,40-44,BE,2019,4.5
M,40-44,BG,2019,3.7
M,40-44,CH,2019,2.9
M,40-44,CY,2019,5.3
M,40-44,CZ,2019,1.0
M,40-44,DE,2019,3.0
M,40-44,DK,2019,2.7
M,40-44,EE,2019,3.4
M,40-44,GR,2019,10.9
M,40-44,ES,2019,9.2
M,40-44,FI,2019,3.7
M,40-44,FR,2019,6.5
M,40-44,HR,2019,5.4
M,40-44,HU,2019,2.5
M,40-44,IE,2019,3.7
M,40-44,IT,2019,6.8
M,40-44,LT,2019,7.1
M,40-44,LU,2019,4.7
M,40-44,LV,2019,8.0
M,40-44,ME,2019,8.1
M,40-44,MK,2019,12.2
M,40-44,NL,2019,2.4
M,40-44,NO,2019,3.3
M,40-44,PL,2019,1.8
M,40-44,PT,2019,4.2
M,40-44,RO,2019,3.2
M,40-44,RS,2019,8.8
M,40-44,SE,2019,4.6
M,40-44,SI,2019,3.1
M,40-44,SK,2019,4.0
M,40-44,TR,2019,8.8
M,40-59,AT,2019,3.5
M,40-59,BE,2019,4.1
M,40-59,BG,2019,3.6
M,40-59,CH,2019,3.5
M,40-59,CY,2019,5.4
M,40-59,CZ,2019,1.3
M,40-59,DE,2019,2.7
M,40-59,DK,2019,2.9
M,40-59,EE,2019,4.4
M,40-59,GR,2019,11.1
M,40-59,ES,2019,10.1
M,40-59,FI,2019,5.1
M,40-59,FR,2019,6.1
M,40-59,HR,2019,4.0
M,40-59,HU,2019,2.4
M,40-59,IE,2019,3.8
M,40-59,IS,2019,1.6
M,40-59,IT,2019,6.5
M,40-59,LT,2019,7.1
M,40-59,LU,2019,4.2
M,40-59,LV,2019,7.1
M,40-59,ME,2019,10.3
M,40-59,MK,2019,12.5
M,40-59,MT,2019,2.2
M,40-59,NL,2019,2.3
M,40-59,NO,2019,2.7
M,40-59,PL,2019,2.2
M,40-59,PT,2019,5.1
M,40-59,RO,2019,2.8
M,40-59,RS,2019,7.5
M,40-59,SE,2019,4.8
M,40-59,SI,2019,3.4
M,40-59,SK,2019,4.2
M,40-59,TR,2019,9.7
M,40-64,AT,2019,3.5
M,40-64,BE,2019,4.1
M,40-64,BG,2019,3.6
M,40-64,CH,2019,3.6
M,40-64,CY,2019,5.6
M,40-64,CZ,2019,1.3
M,40-64,DE,2019,2.8
M,40-64,DK,2019,3.0
M,40-64,EE,2019,4.2
M,40-64,GR,2019,11.3
M,40-64,ES,2019,10.2
M,40-64,FI,2019,5.7
M,40-64,FR,2019,6.2
M,40-64,HR,2019,4.1
M,40-64,HU,2019,2.4
M,40-64,IE,2019,3.8
M,40-64,IS,2019,2.0
M,40-64,IT,2019,6.4
M,40-64,LT,2019,6.9
M,40-64,LU,2019,4.3
M,40-64,LV,2019,7.2
M,40-64,ME,2019,9.4
M,40-64,MK,2019,12.2
M,40-64,MT,2019,2.1
M,40-64,NL,2019,2.6
M,40-64,NO,2019,2.6
M,40-64,PL,2019,2.3
M,40-64,PT,2019,5.2
M,40-64,RO,2019,2.8
M,40-64,RS,2019,7.2
M,40-64,SE,2019,4.8
M,40-64,SI,2019,3.7
M,40-64,SK,2019,4.1
M,40-64,TR,2019,9.6
M,45-49,AT,2019,3.8
M,45-49,BE,2019,3.8
M,45-49,BG,2019,3.1
M,45-49,CH,2019,3.5
M,45-49,CY,2019,6.1
M,45-49,CZ,2019,1.1
M,45-49,DE,2019,2.7
M,45-49,DK,2019,2.5
M,45-49,EE,2019,3.1
M,45-49,GR,2019,11.0
M,45-49,ES,2019,9.5
M,45-49,FI,2019,4.0
M,45-49,FR,2019,5.2
M,45-49,HR,2019,3.8
M,45-49,HU,2019,2.6
M,45-49,IE,2019,3.5
M,45-49,IT,2019,6.9
M,45-49,LT,2019,5.9
M,45-49,LU,2019,4.2
M,45-49,LV,2019,6.6
M,45-49,ME,2019,14.1
M,45-49,MK,2019,13.0
M,45-49,MT,2019,3.4
M,45-49,NL,2019,2.0
M,45-49,PL,2019,2.5
M,45-49,PT,2019,4.6
M,45-49,RO,2019,2.8
M,45-49,RS,2019,6.2
M,45-49,SE,2019,4.8
M,45-49,SI,2019,3.1
M,45-49,SK,2019,4.2
M,45-49,TR,2019,10.0
M,50-54,AT,2019,2.7
M,50-54,BE,2019,3.9
M,50-54,BG,2019,3.3
M,50-54,CH,2019,3.6
M,50-54,CY,2019,4.3
M,50-54,CZ,2019,1.2
M,50-54,DE,2019,2.4
M,50-54,DK,2019,3.4
M,50-54,EE,2019,5.4
M,50-54,GR,2019,11.1
M,50-54,ES,2019,10.4
M,50-54,FI,2019,5.4
M,50-54,FR,2019,6.4
M,50-54,HR,2019,4.7
M,50-54,HU,2019,2.2
M,50-54,IE,2019,4.1
M,50-54,IT,2019,6.2
M,50-54,LT,2019,7.5
M,50-54,LU,2019,3.8
M,50-54,LV,2019,6.9
M,50-54,ME,2019,10.0
M,50-54,MK,2019,12.8
M,50-54,NL,2019,2.0
M,50-54,PL,2019,2.2
M,50-54,PT,2019,5.8
M,50-54,RO,2019,2.7
M,50-54,RS,2019,7.5
M,50-54,SE,2019,4.6
M,50-54,SI,2019,3.9
M,50-54,SK,2019,4.1
M,50-54,TR,2019,10.3
M,50-59,AT,2019,3.2
M,50-59,BE,2019,4.0
M,50-59,BG,2019,3.9
M,50-59,CH,2019,3.8
M,50-59,CY,2019,5.2
M,50-59,CZ,2019,1.7
M,50-59,DE,2019,2.6
M,50-59,DK,2019,3.2
M,50-59,EE,2019,5.9
M,50-59,GR,2019,11.3
M,50-59,ES,2019,11.0
M,50-59,FI,2019,6.4
M,50-59,FR,2019,6.3
M,50-59,HR,2019,3.4
M,50-59,HU,2019,2.3
M,50-59,IE,2019,3.9
M,50-59,IT,2019,6.2
M,50-59,LT,2019,7.7
M,50-59,LU,2019,4.0
M,50-59,LV,2019,6.9
M,50-59,ME,2019,9.3
M,50-59,MK,2019,12.5
M,50-59,NL,2019,2.4
M,50-59,NO,2019,2.2
M,50-59,PL,2019,2.3
M,50-59,PT,2019,5.8
M,50-59,RO,2019,2.5
M,50-59,RS,2019,7.4
M,50-59,SE,2019,4.8
M,50-59,SI,2019,3.7
M,50-59,SK,2019,4.3
M,50-59,TR,2019,10.2
M,50-64,AT,2019,3.3
M,50-64,BE,2019,4.1
M,50-64,BG,2019,3.7
M,50-64,CH,2019,3.9
M,50-64,CY,2019,5.5
M,50-64,CZ,2019,1.6
M,50-64,DE,2019,2.8
M,50-64,DK,2019,3.4
M,50-64,EE,2019,5.1
M,50-64,GR,2019,11.6
M,50-64,ES,2019,11.1
M,50-64,FI,2019,7.1
M,50-64,FR,2019,6.6
M,50-64,HR,2019,3.6
M,50-64,HU,2019,2.2
M,50-64,IE,2019,3.9
M,50-64,IS,2019,2.1
M,50-64,IT,2019,6.0
M,50-64,LT,2019,7.2
M,50-64,LU,2019,4.2
M,50-64,LV,2019,7.1
M,50-64,ME,2019,8.0
M,50-64,MK,2019,11.9
M,50-64,MT,2019,1.6
M,50-64,NL,2019,2.8
M,50-64,NO,2019,2.2
M,50-64,PL,2019,2.5
M,50-64,PT,2019,6.0
M,50-64,RO,2019,2.6
M,50-64,RS,2019,6.9
M,50-64,SE,2019,4.9
M,50-64,SI,2019,4.3
M,50-64,SK,2019,4.0
M,50-64,TR,2019,9.9
M,50-74,AT,2019,3.2
M,50-74,BE,2019,4.0
M,50-74,BG,2019,3.7
M,50-74,CH,2019,3.6
M,50-74,CY,2019,5.1
M,50-74,CZ,2019,1.5
M,50-74,DE,2019,2.6
M,50-74,DK,2019,3.1
M,50-74,EE,2019,4.8
M,50-74,GR,2019,11.5
M,50-74,ES,2019,10.9
M,50-74,FI,2019,6.5
M,50-74,FR,2019,6.4
M,50-74,HR,2019,3.5
M,50-74,HU,2019,2.2
M,50-74,IE,2019,3.6
M,50-74,IS,2019,1.9
M,50-74,IT,2019,5.7
M,50-74,LT,2019,6.6
M,50-74,LU,2019,4.2
M,50-74,LV,2019,6.8
M,50-74,ME,2019,7.7
M,50-74,MK,2019,11.5
M,50-74,MT,2019,1.5
M,50-74,NL,2019,3.0
M,50-74,NO,2019,2.1
M,50-74,PL,2019,2.3
M,50-74,PT,2019,5.4
M,50-74,RO,2019,2.4
M,50-74,RS,2019,6.0
M,50-74,SE,2019,4.6
M,50-74,SI,2019,4.1
M,50-74,SK,2019,3.8
M,50-74,TR,2019,9.2
M,55-59,AT,2019,3.8
M,55-59,BE,2019,4.1
M,55-59,BG,2019,4.5
M,55-59,CH,2019,4.0
M,55-59,CY,2019,6.1
M,55-59,CZ,2019,2.3
M,55-59,DE,2019,2.7
M,55-59,DK,2019,2.9
M,55-59,EE,2019,6.4
M,55-59,GR,2019,11.6
M,55-59,ES,2019,11.7
M,55-59,FI,2019,7.4
M,55-59,FR,2019,6.3
M,55-59,HR,2019,1.9
M,55-59,HU,2019,2.4
M,55-59,IE,2019,3.7
M,55-59,IT,2019,6.1
M,55-59,LT,2019,7.9
M,55-59,LU,2019,4.3
M,55-59,LV,2019,6.9
M,55-59,MK,2019,12.1
M,55-59,NL,2019,2.9
M,55-59,PL,2019,2.4
M,55-59,PT,2019,5.8
M,55-59,RO,2019,2.2
M,55-59,RS,2019,7.2
M,55-59,SE,2019,5.1
M,55-59,SI,2019,3.5
M,55-59,SK,2019,4.5
M,55-59,TR,2019,10.0
M,55-64,AT,2019,3.8
M,55-64,BE,2019,4.3
M,55-64,BG,2019,4.0
M,55-64,CH,2019,4.1
M,55-64,CY,2019,6.2
M,55-64,CZ,2019,1.9
M,55-64,DE,2019,3.0
M,55-64,DK,2019,3.3
M,55-64,EE,2019,4.9
M,55-64,GR,2019,12.1
M,55-64,ES,2019,11.7
M,55-64,FI,2019,8.1
M,55-64,FR,2019,6.8
M,55-64,HR,2019,2.9
M,55-64,HU,2019,2.3
M,55-64,IE,2019,3.7
M,55-64,IT,2019,5.8
M,55-64,LT,2019,7.0
M,55-64,LU,2019,4.7
M,55-64,LV,2019,7.3
M,55-64,ME,2019,6.4
M,55-64,MK,2019,11.3
M,55-64,NL,2019,3.3
M,55-64,NO,2019,2.0
M,55-64,PL,2019,2.6
M,55-64,PT,2019,6.0
M,55-64,RO,2019,2.6
M,55-64,RS,2019,6.4
M,55-64,SE,2019,5.1
M,55-64,SI,2019,4.6
M,55-64,SK,2019,4.0
M,55-64,TR,2019,9.5
M,60-64,AT,2019,3.8
M,60-64,BE,2019,4.7
M,60-64,BG,2019,3.3
M,60-64,CH,2019,4.2
M,60-64,CY,2019,6.4
M,60-64,CZ,2019,1.5
M,60-64,DE,2019,3.4
M,60-64,DK,2019,3.9
M,60-64,GR,2019,12.7
M,60-64,ES,2019,11.6
M,60-64,FI,2019,9.0
M,60-64,FR,2019,7.9
M,60-64,HR,2019,4.6
M,60-64,HU,2019,2.1
M,60-64,IT,2019,5.1
M,60-64,LT,2019,5.5
M,60-64,LV,2019,7.8
M,60-64,MK,2019,9.9
M,60-64,NL,2019,3.8
M,60-64,PL,2019,2.9
M,60-64,PT,2019,6.4
M,60-64,RO,2019,3.1
M,60-64,RS,2019,5.4
M,60-64,SE,2019,5.1
M,60-64,SI,2019,7.5
M,60-64,TR,2019,8.6
M,65-69,DE,2019,1.1
M,65-69,GR,2019,11.1
M,65-69,ES,2019,6.2
M,65-69,IT,2019,3.4
M,65-69,NL,2019,5.2
M,65-69,TR,2019,5.0
M,65-74,DE,2019,0.9
M,65-74,GR,2019,10.5
M,65-74,ES,2019,5.1
M,65-74,FR,2019,2.2
M,65-74,IT,2019,2.7
M,65-74,NL,2019,4.4
M,65-74,TR,2019,4.0
M,70-74,TR,2019,1.8
F,15-19,AT,2020,11.8
F,15-19,BE,2020,20.3
F,15-19,CH,2020,9.0
F,15-19,CZ,2020,21.8
F,15-19,DE,2020,9.5
F,15-19,DK,2020,14.3
F,15-19,GR,2020,49.9
F,15-19,ES,2020,61.0
F,15-19,FI,2020,27.2
F,15-19,FR,2020,28.7
F,15-19,HR,2020,57.9
F,15-19,HU,2020,26.1
F,15-19,IE,2020,21.5
F,15-19,IS,2020,12.0
F,15-19,IT,2020,50.3
F,15-19,LT,2020,21.3
F,15-19,LU,2020,37.2
F,15-19,MK,2020,47.7
F,15-19,NL,2020,10.7
F,15-19,NO,2020,15.9
F,15-19,PT,2020,35.7
F,15-19,RO,2020,31.9
F,15-19,RS,2020,42.0
F,15-19,SE,2020,35.2
F,15-19,SI,2020,25.8
F,15-19,TR,2020,23.3
F,15-24,AT,2020,9.5
F,15-24,BE,2020,15.1
F,15-24,BG,2020,13.7
F,15-24,CH,2020,8.0
F,15-24,CY,2020,11.7
F,15-24,CZ,2020,9.2
F,15-24,DE,2020,6.7
F,15-24,DK,2020,10.7
F,15-24,EE,2020,18.6
F,15-24,GR,2020,39.3
F,15-24,ES,2020,39.7
F,15-24,FI,2020,19.4
F,15-24,FR,2020,19.9
F,15-24,HR,2020,23.9
F,15-24,HU,2020,14.2
F,15-24,IE,2020,15.3
F,15-24,IS,2020,9.0
F,15-24,IT,2020,32.0
F,15-24,LT,2020,17.3
F,15-24,LU,2020,21.3
F,15-24,LV,2020,15.5
F,15-24,ME,2020,39.7
F,15-24,MK,2020,38.6
F,15-24,MT,2020,8.3
F,15-24,NL,2020,9.0
F,15-24,NO,2020,10.5
F,15-24,PL,2020,11.4
F,15-24,PT,2020,24.0
F,15-24,RO,2020,16.5
F,15-24,RS,2020,29.5
F,15-24,SE,2020,22.8
F,15-24,SI,2020,16.2
F,15-24,SK,2020,21.2
F,15-24,TR,2020,29.9
F,15-29,AT,2020,7.7
F,15-29,BE,2020,10.3
F,15-29,BG,2020,8.3
F,15-29,CH,2020,6.4
F,15-29,CY,2020,10.8
F,15-29,CZ,2020,6.3
F,15-29,DE,2020,5.5
F,15-29,DK,2020,10.8
F,15-29,EE,2020,14.1
F,15-29,GR,2020,32.3
F,15-29,ES,2020,29.9
F,15-29,FI,2020,14.5
F,15-29,FR,2020,15.1
F,15-29,HR,2020,19.0
F,15-29,HU,2020,9.3
F,15-29,IE,2020,11.3
F,15-29,IS,2020,8.8
F,15-29,IT,2020,23.8
F,15-29,LT,2020,11.2
F,15-29,LU,2020,11.6
F,15-29,LV,2020,12.8
F,15-29,ME,2020,31.8
F,15-29,MK,2020,31.8
F,15-29,MT,2020,7.0
F,15-29,NL,2020,6.9
F,15-29,NO,2020,7.8
F,15-29,PL,2020,7.2
F,15-29,PT,2020,15.7
F,15-29,RO,2020,11.1
F,15-29,RS,2020,22.1
F,15-29,SE,2020,15.9
F,15-29,SI,2020,11.0
F,15-29,SK,2020,13.7
F,15-29,TR,2020,25.4
F,15-39,AT,2020,7.0
F,15-39,BE,2020,7.3
F,15-39,BG,2020,6.0
F,15-39,CH,2020,6.1
F,15-39,CY,2020,8.7
F,15-39,CZ,2020,4.6
F,15-39,DE,2020,4.5
F,15-39,DK,2020,8.8
F,15-39,EE,2020,10.4
F,15-39,GR,2020,25.8
F,15-39,ES,2020,22.5
F,15-39,FI,2020,10.5
F,15-39,FR,2020,11.1
F,15-39,HR,2020,11.6
F,15-39,HU,2020,6.7
F,15-39,IE,2020,7.8
F,15-39,IS,2020,7.3
F,15-39,IT,2020,16.3
F,15-39,LT,2020,8.3
F,15-39,LU,2020,9.4
F,15-39,LV,2020,9.0
F,15-39,ME,2020,24.1
F,15-39,MK,2020,21.2
F,15-39,MT,2020,5.3
F,15-39,NL,2020,5.2
F,15-39,NO,2020,6.3
F,15-39,PL,2020,4.8
F,15-39,PT,2020,10.5
F,15-39,RO,2020,6.8
F,15-39,RS,2020,14.5
F,15-39,SE,2020,11.8
F,15-39,SI,2020,8.0
F,15-39,SK,2020,9.9
F,15-39,TR,2020,19.5
F,15-59,AT,2020,5.4
F,15-59,BE,2020,5.5
F,15-59,BG,2020,4.8
F,15-59,CH,2020,5.2
F,15-59,CY,2020,7.8
F,15-59,CZ,2020,3.1
F,15-59,DE,2020,3.5
F,15-59,DK,2020,6.2
F,15-59,EE,2020,7.3
F,15-59,GR,2020,20.4
F,15-59,ES,2020,17.9
F,15-59,FI,2020,7.7
F,15-59,FR,2020,8.1
F,15-59,HR,2020,7.8
F,15-59,HU,2020,4.6
F,15-59,IE,2020,5.8
F,15-59,IS,2020,5.7
F,15-59,IT,2020,10.9
F,15-59,LT,2020,8.1
F,15-59,LU,2020,7.1
F,15-59,LV,2020,7.4
F,15-59,ME,2020,19.2
F,15-59,MK,2020,16.5
F,15-59,MT,2020,5.3
F,15-59,NL,2020,4.1
F,15-59,NO,2020,4.4
F,15-59,PL,2020,3.4
F,15-59,PT,2020,7.4
F,15-59,RO,2020,4.9
F,15-59,RS,2020,10.3
F,15-59,SE,2020,8.8
F,15-59,SI,2020,5.7
F,15-59,SK,2020,7.3
F,15-59,TR,2020,15.5
F,15-64,AT,2020,5.3
F,15-64,BE,2020,5.4
F,15-64,BG,2020,4.7
F,15-64,CH,2020,5.1
F,15-64,CY,2020,7.6
F,15-64,CZ,2020,3.0
F,15-64,DE,2020,3.5
F,15-64,DK,2020,6.1
F,15-64,EE,2020,7.1
F,15-64,GR,2020,20.0
F,15-64,ES,2020,17.5
F,15-64,FI,2020,7.6
F,15-64,FR,2020,8.0
F,15-64,HR,2020,7.6
F,15-64,HU,2020,4.5
F,15-64,IE,2020,5.7
F,15-64,IS,2020,5.5
F,15-64,IT,2020,10.4
F,15-64,LT,2020,8.0
F,15-64,LU,2020,7.0
F,15-64,LV,2020,7.4
F,15-64,ME,2020,18.8
F,15-64,MK,2020,16.1
F,15-64,MT,2020,5.2
F,15-64,NL,2020,4.0
F,15-64,NO,2020,4.2
F,15-64,PL,2020,3.3
F,15-64,PT,2020,7.3
F,15-64,RO,2020,4.8
F,15-64,RS,2020,9.9
F,15-64,SE,2020,8.5
F,15-64,SI,2020,5.7
F,15-64,SK,2020,7.1
F,15-64,TR,2020,15.1
F,15-74,AT,2020,5.2
F,15-74,BE,2020,5.4
F,15-74,BG,2020,4.7
F,15-74,CH,2020,5.0
F,15-74,CY,2020,7.5
F,15-74,CZ,2020,3.0
F,15-74,DE,2020,3.4
F,15-74,DK,2020,6.0
F,15-74,EE,2020,6.8
F,15-74,GR,2020,19.8
F,15-74,ES,2020,17.4
F,15-74,FI,2020,7.5
F,15-74,FR,2020,8.0
F,15-74,HR,2020,7.5
F,15-74,HU,2020,4.4
F,15-74,IE,2020,5.7
F,15-74,IS,2020,5.3
F,15-74,IT,2020,10.2
F,15-74,LT,2020,7.7
F,15-74,LU,2020,7.0
F,15-74,LV,2020,7.1
F,15-74,ME,2020,18.4
F,15-74,MK,2020,15.9
F,15-74,MT,2020,5.1
F,15-74,NL,2020,4.0
F,15-74,NO,2020,4.1
F,15-74,PL,2020,3.3
F,15-74,PT,2020,7.1
F,15-74,RO,2020,4.7
F,15-74,RS,2020,9.5
F,15-74,SE,2020,8.3
F,15-74,SI,2020,5.6
F,15-74,SK,2020,7.1
F,15-74,TR,2020,14.9
F,20-24,AT,2020,8.7
F,20-24,BE,2020,14.0
F,20-24,BG,2020,11.3
F,20-24,CH,2020,7.5
F,20-24,CY,2020,11.1
F,20-24,CZ,2020,7.7
F,20-24,DE,2020,5.7
F,20-24,DK,2020,8.4
F,20-24,EE,2020,18.1
F,20-24,GR,2020,38.4
F,20-24,ES,2020,36.2
F,20-24,FI,2020,14.7
F,20-24,FR,2020,18.2
F,20-24,HR,2020,16.4
F,20-24,HU,2020,13.0
F,20-24,IE,2020,13.3
F,20-24,IS,2020,7.0
F,20-24,IT,2020,29.7
F,20-24,LT,2020,16.8
F,20-24,LU,2020,17.6
F,20-24,LV,2020,14.5
F,20-24,ME,2020,39.2
F,20-24,MK,2020,37.2
F,20-24,MT,2020,6.6
F,20-24,NL,2020,7.7
F,20-24,NO,2020,7.6
F,20-24,PL,2020,11.0
F,20-24,PT,2020,22.6
F,20-24,RO,2020,13.4
F,20-24,RS,2020,27.5
F,20-24,SE,2020,15.6
F,20-24,SI,2020,14.6
F,20-24,SK,2020,19.0
F,20-24,TR,2020,32.2
F,20-29,AT,2020,7.1
F,20-29,BE,2020,9.6
F,20-29,BG,2020,7.4
F,20-29,CH,2020,5.7
F,20-29,CY,2020,10.6
F,20-29,CZ,2020,5.8
F,20-29,DE,2020,4.9
F,20-29,DK,2020,9.8
F,20-29,EE,2020,13.5
F,20-29,GR,2020,31.8
F,20-29,ES,2020,28.1
F,20-29,FI,2020,11.3
F,20-29,FR,2020,14.0
F,20-29,HR,2020,16.1
F,20-29,HU,2020,8.7
F,20-29,IE,2020,9.8
F,20-29,IS,2020,7.8
F,20-29,IT,2020,22.6
F,20-29,LT,2020,10.6
F,20-29,LU,2020,9.8
F,20-29,LV,2020,12.4
F,20-29,ME,2020,31.2
F,20-29,MK,2020,31.1
F,20-29,MT,2020,6.3
F,20-29,NL,2020,5.5
F,20-29,NO,2020,6.0
F,20-29,PL,2020,6.9
F,20-29,PT,2020,14.9
F,20-29,RO,2020,9.6
F,20-29,RS,2020,21.0
F,20-29,SE,2020,11.6
F,20-29,SI,2020,10.2
F,20-29,SK,2020,12.8
F,20-29,TR,2020,25.7
F,20-64,AT,2020,5.1
F,20-64,BE,2020,5.2
F,20-64,BG,2020,4.6
F,20-64,CH,2020,4.9
F,20-64,CY,2020,7.5
F,20-64,CZ,2020,2.9
F,20-64,DE,2020,3.3
F,20-64,DK,2020,5.6
F,20-64,EE,2020,6.9
F,20-64,GR,2020,19.8
F,20-64,ES,2020,17.2
F,20-64,FI,2020,6.7
F,20-64,FR,2020,7.7
F,20-64,HR,2020,7.0
F,20-64,HU,2020,4.4
F,20-64,IE,2020,5.3
F,20-64,IS,2020,5.0
F,20-64,IT,2020,10.2
F,20-64,LT,2020,7.9
F,20-64,LU,2020,6.6
F,20-64,LV,2020,7.3
F,20-64,ME,2020,18.5
F,20-64,MK,2020,15.8
F,20-64,MT,2020,5.0
F,20-64,NL,2020,3.5
F,20-64,NO,2020,3.6
F,20-64,PL,2020,3.3
F,20-64,PT,2020,7.1
F,20-64,RO,2020,4.6
F,20-64,RS,2020,9.6
F,20-64,SE,2020,7.3
F,20-64,SI,2020,5.5
F,20-64,SK,2020,7.0
F,20-64,TR,2020,14.8
F,25-29,AT,2020,6.0
F,25-29,BE,2020,7.5
F,25-29,BG,2020,5.8
F,25-29,CH,2020,4.5
F,25-29,CY,2020,10.4
F,25-29,CZ,2020,5.0
F,25-29,DE,2020,4.3
F,25-29,DK,2020,11.1
F,25-29,EE,2020,10.3
F,25-29,GR,2020,29.0
F,25-29,ES,2020,23.7
F,25-29,FI,2020,8.8
F,25-29,FR,2020,11.0
F,25-29,HR,2020,15.9
F,25-29,HU,2020,6.4
F,25-29,IE,2020,6.6
F,25-29,IS,2020,8.5
F,25-29,IT,2020,18.8
F,25-29,LT,2020,6.4
F,25-29,LU,2020,6.4
F,25-29,LV,2020,11.2
F,25-29,ME,2020,26.7
F,25-29,MK,2020,28.1
F,25-29,MT,2020,6.0
F,25-29,NL,2020,3.7
F,25-29,NO,2020,4.7
F,25-29,PL,2020,4.7
F,25-29,PT,2020,10.5
F,25-29,RO,2020,7.5
F,25-29,RS,2020,18.0
F,25-29,SE,2020,9.2
F,25-29,SI,2020,7.9
F,25-29,SK,2020,10.2
F,25-29,TR,2020,20.3
F,25-49,AT,2020,5.3
F,25-49,BE,2020,5.0
F,25-49,BG,2020,4.7
F,25-49,CH,2020,5.3
F,25-49,CY,2020,7.3
F,25-49,CZ,2020,3.0
F,25-49,DE,2020,3.4
F,25-49,DK,2020,6.1
F,25-49,EE,2020,6.5
F,25-49,GR,2020,21.2
F,25-49,ES,2020,17.1
F,25-49,FI,2020,6.0
F,25-49,FR,2020,7.5
F,25-49,HR,2020,7.3
F,25-49,HU,2020,4.4
F,25-49,IE,2020,4.7
F,25-49,IS,2020,5.6
F,25-49,IT,2020,11.3
F,25-49,LT,2020,6.5
F,25-49,LU,2020,6.7
F,25-49,LV,2020,7.0
F,25-49,ME,2020,18.2
F,25-49,MK,2020,15.5
F,25-49,MT,2020,4.6
F,25-49,NL,2020,3.1
F,25-49,NO,2020,3.9
F,25-49,PL,2020,3.1
F,25-49,PT,2020,6.6
F,25-49,RO,2020,4.3
F,25-49,RS,2020,10.2
F,25-49,SE,2020,7.4
F,25-49,SI,2020,5.7
F,25-49,SK,2020,7.1
F,25-49,TR,2020,13.7
F,25-54,AT,2020,5.0
F,25-54,BE,2020,4.9
F,25-54,BG,2020,4.5
F,25-54,CH,2020,5.1
F,25-54,CY,2020,7.5
F,25-54,CZ,2020,2.8
F,25-54,DE,2020,3.2
F,25-54,DK,2020,5.5
F,25-54,EE,2020,6.2
F,25-54,GR,2020,20.0
F,25-54,ES,2020,16.6
F,25-54,FI,2020,5.8
F,25-54,FR,2020,7.1
F,25-54,HR,2020,6.6
F,25-54,HU,2020,4.1
F,25-54,IE,2020,4.6
F,25-54,IS,2020,5.0
F,25-54,IT,2020,10.4
F,25-54,LT,2020,6.7
F,25-54,LU,2020,6.2
F,25-54,LV,2020,6.9
F,25-54,ME,2020,18.0
F,25-54,MK,2020,15.0
F,25-54,MT,2020,4.8
F,25-54,NL,2020,3.0
F,25-54,NO,2020,3.6
F,25-54,PL,2020,3.0
F,25-54,PT,2020,6.5
F,25-54,RO,2020,4.2
F,25-54,RS,2020,9.7
F,25-54,SE,2020,7.1
F,25-54,SI,2020,5.3
F,25-54,SK,2020,6.7
F,25-54,TR,2020,13.0
F,25-59,AT,2020,4.8
F,25-59,BE,2020,4.7
F,25-59,BG,2020,4.4
F,25-59,CH,2020,4.8
F,25-59,CY,2020,7.5
F,25-59,CZ,2020,2.8
F,25-59,DE,2020,3.1
F,25-59,DK,2020,5.3
F,25-59,EE,2020,6.1
F,25-59,GR,2020,19.4
F,25-59,ES,2020,16.3
F,25-59,FI,2020,5.9
F,25-59,FR,2020,6.9
F,25-59,HR,2020,6.6
F,25-59,HU,2020,3.9
F,25-59,IE,2020,4.4
F,25-59,IS,2020,5.0
F,25-59,IT,2020,9.7
F,25-59,LT,2020,7.3
F,25-59,LU,2020,5.9
F,25-59,LV,2020,6.9
F,25-59,ME,2020,17.1
F,25-59,MK,2020,14.7
F,25-59,MT,2020,4.9
F,25-59,NL,2020,3.0
F,25-59,NO,2020,3.4
F,25-59,PL,2020,2.9
F,25-59,PT,2020,6.2
F,25-59,RO,2020,4.1
F,25-59,RS,2020,9.2
F,25-59,SE,2020,6.8
F,25-59,SI,2020,5.1
F,25-59,SK,2020,6.6
F,25-59,TR,2020,12.5
F,25-64,AT,2020,4.7
F,25-64,BE,2020,4.6
F,25-64,BG,2020,4.4
F,25-64,CH,2020,4.7
F,25-64,CY,2020,7.3
F,25-64,CZ,2020,2.8
F,25-64,DE,2020,3.1
F,25-64,DK,2020,5.3
F,25-64,EE,2020,6.1
F,25-64,GR,2020,19.0
F,25-64,ES,2020,16.1
F,25-64,FI,2020,6.1
F,25-64,FR,2020,6.8
F,25-64,HR,2020,6.4
F,25-64,HU,2020,3.9
F,25-64,IE,2020,4.4
F,25-64,IS,2020,4.8
F,25-64,IT,2020,9.3
F,25-64,LT,2020,7.3
F,25-64,LU,2020,5.9
F,25-64,LV,2020,6.9
F,25-64,ME,2020,16.8
F,25-64,MK,2020,14.3
F,25-64,MT,2020,4.8
F,25-64,NL,2020,3.0
F,25-64,NO,2020,3.2
F,25-64,PL,2020,2.8
F,25-64,PT,2020,6.2
F,25-64,RO,2020,4.0
F,25-64,RS,2020,8.8
F,25-64,SE,2020,6.6
F,25-64,SI,2020,5.1
F,25-64,SK,2020,6.5
F,25-64,TR,2020,12.2
F,25-74,AT,2020,4.7
F,25-74,BE,2020,4.6
F,25-74,BG,2020,4.4
F,25-74,CH,2020,4.6
F,25-74,CY,2020,7.2
F,25-74,CZ,2020,2.7
F,25-74,DE,2020,3.1
F,25-74,DK,2020,5.2
F,25-74,EE,2020,5.8
F,25-74,GR,2020,18.8
F,25-74,ES,2020,16.0
F,25-74,FI,2020,5.9
F,25-74,FR,2020,6.8
F,25-74,HR,2020,6.4
F,25-74,HU,2020,3.8
F,25-74,IE,2020,4.4
F,25-74,IS,2020,4.6
F,25-74,IT,2020,9.1
F,25-74,LT,2020,7.1
F,25-74,LU,2020,5.8
F,25-74,LV,2020,6.6
F,25-74,ME,2020,16.4
F,25-74,MK,2020,14.2
F,25-74,MT,2020,4.7
F,25-74,NL,2020,2.9
F,25-74,NO,2020,3.2
F,25-74,PL,2020,2.7
F,25-74,PT,2020,6.1
F,25-74,RO,2020,3.9
F,25-74,RS,2020,8.4
F,25-74,SE,2020,6.5
F,25-74,SI,2020,5.0
F,25-74,SK,2020,6.4
F,25-74,TR,2020,12.0
F,30-34,AT,2020,6.6
F,30-34,BE,2020,6.2
F,30-34,BG,2020,5.1
F,30-34,CH,2020,6.1
F,30-34,CY,2020,8.2
F,30-34,CZ,2020,4.5
F,30-34,DE,2020,4.1
F,30-34,DK,2020,7.0
F,30-34,EE,2020,9.3
F,30-34,GR,2020,24.4
F,30-34,ES,2020,18.7
F,30-34,FI,2020,6.8
F,30-34,FR,2020,8.3
F,30-34,HR,2020,9.8
F,30-34,HU,2020,4.8
F,30-34,IE,2020,5.3
F,30-34,IS,2020,6.5
F,30-34,IT,2020,13.4
F,30-34,LT,2020,7.2
F,30-34,LU,2020,9.4
F,30-34,LV,2020,6.3
F,30-34,ME,2020,20.7
F,30-34,MK,2020,15.7
F,30-34,MT,2020,3.2
F,30-34,NL,2020,3.4
F,30-34,NO,2020,4.9
F,30-34,PL,2020,3.6
F,30-34,PT,2020,8.0
F,30-34,RO,2020,5.0
F,30-34,RS,2020,10.5
F,30-34,SE,2020,7.8
F,30-34,SI,2020,7.1
F,30-34,SK,2020,6.0
F,30-34,TR,2020,14.2
F,30-54,AT,2020,4.8
F,30-54,BE,2020,4.3
F,30-54,BG,2020,4.4
F,30-54,CH,2020,5.2
F,30-54,CY,2020,7.0
F,30-54,CZ,2020,2.6
F,30-54,DE,2020,3.1
F,30-54,DK,2020,4.4
F,30-54,EE,2020,5.6
F,30-54,GR,2020,18.7
F,30-54,ES,2020,15.6
F,30-54,FI,2020,5.3
F,30-54,FR,2020,6.4
F,30-54,HR,2020,5.2
F,30-54,HU,2020,3.7
F,30-54,IE,2020,4.2
F,30-54,IS,2020,4.2
F,30-54,IT,2020,9.3
F,30-54,LT,2020,6.7
F,30-54,LU,2020,6.2
F,30-54,LV,2020,6.3
F,30-54,ME,2020,16.2
F,30-54,MK,2020,12.4
F,30-54,MT,2020,4.4
F,30-54,NL,2020,2.9
F,30-54,NO,2020,3.4
F,30-54,PL,2020,2.7
F,30-54,PT,2020,5.9
F,30-54,RO,2020,3.7
F,30-54,RS,2020,8.5
F,30-54,SE,2020,6.7
F,30-54,SI,2020,4.9
F,30-54,SK,2020,6.2
F,30-54,TR,2020,11.3
F,30-64,AT,2020,4.6
F,30-64,BE,2020,4.2
F,30-64,BG,2020,4.3
F,30-64,CH,2020,4.7
F,30-64,CY,2020,6.8
F,30-64,CZ,2020,2.5
F,30-64,DE,2020,3.0
F,30-64,DK,2020,4.4
F,30-64,EE,2020,5.6
F,30-64,GR,2020,17.7
F,30-64,ES,2020,15.2
F,30-64,FI,2020,5.7
F,30-64,FR,2020,6.3
F,30-64,HR,2020,5.2
F,30-64,HU,2020,3.5
F,30-64,IE,2020,4.1
F,30-64,IS,2020,4.1
F,30-64,IT,2020,8.3
F,30-64,LT,2020,7.4
F,30-64,LU,2020,5.8
F,30-64,LV,2020,6.4
F,30-64,ME,2020,15.1
F,30-64,MK,2020,12.1
F,30-64,MT,2020,4.5
F,30-64,NL,2020,2.9
F,30-64,NO,2020,3.0
F,30-64,PL,2020,2.5
F,30-64,PT,2020,5.7
F,30-64,RO,2020,3.7
F,30-64,RS,2020,7.7
F,30-64,SE,2020,6.3
F,30-64,SI,2020,4.7
F,30-64,SK,2020,6.0
F,30-64,TR,2020,10.5
F,30-74,AT,2020,4.5
F,30-74,BE,2020,4.2
F,30-74,BG,2020,4.3
F,30-74,CH,2020,4.6
F,30-74,CY,2020,6.7
F,30-74,CZ,2020,2.5
F,30-74,DE,2020,3.0
F,30-74,DK,2020,4.3
F,30-74,EE,2020,5.4
F,30-74,GR,2020,17.6
F,30-74,ES,2020,15.1
F,30-74,FI,2020,5.6
F,30-74,FR,2020,6.3
F,30-74,HR,2020,5.2
F,30-74,HU,2020,3.5
F,30-74,IE,2020,4.1
F,30-74,IS,2020,4.0
F,30-74,IT,2020,8.2
F,30-74,LT,2020,7.1
F,30-74,LU,2020,5.7
F,30-74,LV,2020,6.1
F,30-74,ME,2020,14.7
F,30-74,MK,2020,11.9
F,30-74,MT,2020,4.5
F,30-74,NL,2020,2.8
F,30-74,NO,2020,2.9
F,30-74,PL,2020,2.5
F,30-74,PT,2020,5.6
F,30-74,RO,2020,3.5
F,30-74,RS,2020,7.4
F,30-74,SE,2020,6.1
F,30-74,SI,2020,4.7
F,30-74,SK,2020,5.9
F,30-74,TR,2020,10.2
F,35-39,AT,2020,6.1
F,35-39,BE,2020,4.0
F,35-39,BG,2020,4.6
F,35-39,CH,2020,5.8
F,35-39,CY,2020,6.6
F,35-39,CZ,2020,2.6
F,35-39,DE,2020,3.1
F,35-39,DK,2020,5.2
F,35-39,EE,2020,6.1
F,35-39,GR,2020,19.3
F,35-39,ES,2020,16.7
F,35-39,FI,2020,6.4
F,35-39,FR,2020,7.5
F,35-39,HR,2020,4.4
F,35-39,HU,2020,4.7
F,35-39,IE,2020,4.1
F,35-39,IT,2020,10.3
F,35-39,LT,2020,5.7
F,35-39,LU,2020,6.2
F,35-39,LV,2020,7.0
F,35-39,ME,2020,12.7
F,35-39,MK,2020,12.5
F,35-39,MT,2020,4.3
F,35-39,NL,2020,2.7
F,35-39,NO,2020,4.6
F,35-39,PL,2020,3.1
F,35-39,PT,2020,5.9
F,35-39,RO,2020,3.3
F,35-39,RS,2020,10.1
F,35-39,SE,2020,7.6
F,35-39,SI,2020,5.5
F,35-39,SK,2020,9.1
F,35-39,TR,2020,11.9
F,40-44,AT,2020,4.4
F,40-44,BE,2020,4.2
F,40-44,BG,2020,4.2
F,40-44,CH,2020,5.0
F,40-44,CY,2020,4.9
F,40-44,CZ,2020,2.3
F,40-44,DE,2020,2.9
F,40-44,DK,2020,4.1
F,40-44,EE,2020,5.0
F,40-44,GR,2020,18.5
F,40-44,ES,2020,14.6
F,40-44,FI,2020,4.3
F,40-44,FR,2020,6.3
F,40-44,HR,2020,3.9
F,40-44,HU,2020,3.8
F,40-44,IE,2020,3.9
F,40-44,IT,2020,9.8
F,40-44,LT,2020,6.2
F,40-44,LU,2020,4.5
F,40-44,LV,2020,6.6
F,40-44,ME,2020,16.1
F,40-44,MK,2020,10.7
F,40-44,MT,2020,3.8
F,40-44,NL,2020,3.6
F,40-44,PL,2020,2.3
F,40-44,PT,2020,5.5
F,40-44,RO,2020,3.4
F,40-44,RS,2020,8.7
F,40-44,SE,2020,6.5
F,40-44,SI,2020,4.9
F,40-44,SK,2020,6.1
F,40-44,TR,2020,11.3
F,40-59,AT,2020,3.8
F,40-59,BE,2020,3.8
F,40-59,BG,2020,4.1
F,40-59,CH,2020,4.3
F,40-59,CY,2020,6.9
F,40-59,CZ,2020,2.3
F,40-59,DE,2020,2.7
F,40-59,DK,2020,3.7
F,40-59,EE,2020,4.7
F,40-59,GR,2020,16.4
F,40-59,ES,2020,14.5
F,40-59,FI,2020,5.0
F,40-59,FR,2020,5.6
F,40-59,HR,2020,4.5
F,40-59,HU,2020,3.2
F,40-59,IE,2020,3.8
F,40-59,IS,2020,3.8
F,40-59,IT,2020,7.6
F,40-59,LT,2020,7.8
F,40-59,LU,2020,4.7
F,40-59,LV,2020,6.1
F,40-59,ME,2020,14.4
F,40-59,MK,2020,11.2
F,40-59,MT,2020,5.3
F,40-59,NL,2020,2.7
F,40-59,NO,2020,2.2
F,40-59,PL,2020,2.2
F,40-59,PT,2020,5.2
F,40-59,RO,2020,3.5
F,40-59,RS,2020,7.0
F,40-59,SE,2020,5.8
F,40-59,SI,2020,4.0
F,40-59,SK,2020,5.4
F,40-59,TR,2020,9.1
F,40-64,AT,2020,3.8
F,40-64,BE,2020,3.8
F,40-64,BG,2020,4.1
F,40-64,CH,2020,4.2
F,40-64,CY,2020,6.5
F,40-64,CZ,2020,2.2
F,40-64,DE,2020,2.8
F,40-64,DK,2020,3.8
F,40-64,EE,2020,4.8
F,40-64,GR,2020,16.0
F,40-64,ES,2020,14.3
F,40-64,FI,2020,5.3
F,40-64,FR,2020,5.6
F,40-64,HR,2020,4.4
F,40-64,HU,2020,3.2
F,40-64,IE,2020,3.9
F,40-64,IS,2020,3.5
F,40-64,IT,2020,7.2
F,40-64,LT,2020,7.7
F,40-64,LU,2020,4.6
F,40-64,LV,2020,6.3
F,40-64,ME,2020,14.0
F,40-64,MK,2020,10.8
F,40-64,MT,2020,5.1
F,40-64,NL,2020,2.8
F,40-64,NO,2020,2.2
F,40-64,PL,2020,2.1
F,40-64,PT,2020,5.3
F,40-64,RO,2020,3.4
F,40-64,RS,2020,6.5
F,40-64,SE,2020,5.6
F,40-64,SI,2020,4.1
F,40-64,SK,2020,5.3
F,40-64,TR,2020,8.7
F,45-49,AT,2020,3.7
F,45-49,BE,2020,3.5
F,45-49,BG,2020,4.5
F,45-49,CH,2020,5.2
F,45-49,CY,2020,7.0
F,45-49,CZ,2020,2.1
F,45-49,DE,2020,2.9
F,45-49,DK,2020,3.3
F,45-49,EE,2020,3.4
F,45-49,GR,2020,17.6
F,45-49,ES,2020,14.8
F,45-49,FI,2020,4.2
F,45-49,FR,2020,5.3
F,45-49,HR,2020,5.1
F,45-49,HU,2020,3.2
F,45-49,IE,2020,4.3
F,45-49,IT,2020,8.1
F,45-49,LT,2020,6.9
F,45-49,LU,2020,7.1
F,45-49,LV,2020,4.7
F,45-49,ME,2020,13.1
F,45-49,MK,2020,11.0
F,45-49,MT,2020,5.6
F,45-49,NL,2020,2.3
F,45-49,PL,2020,2.2
F,45-49,PT,2020,4.8
F,45-49,RO,2020,3.5
F,45-49,RS,2020,6.5
F,45-49,SE,2020,6.0
F,45-49,SI,2020,4.4
F,45-49,SK,2020,5.3
F,45-49,TR,2020,9.7
F,50-54,AT,2020,3.5
F,50-54,BE,2020,3.9
F,50-54,BG,2020,3.6
F,50-54,CH,2020,4.0
F,50-54,CY,2020,8.7
F,50-54,CZ,2020,2.2
F,50-54,DE,2020,2.4
F,50-54,DK,2020,3.2
F,50-54,EE,2020,4.5
F,50-54,GR,2020,14.7
F,50-54,ES,2020,14.2
F,50-54,FI,2020,4.7
F,50-54,FR,2020,5.2
F,50-54,HR,2020,3.1
F,50-54,HU,2020,2.8
F,50-54,IT,2020,6.8
F,50-54,LT,2020,7.3
F,50-54,LU,2020,3.2
F,50-54,LV,2020,6.8
F,50-54,ME,2020,17.1
F,50-54,MK,2020,11.4
F,50-54,MT,2020,6.2
F,50-54,NL,2020,2.5
F,50-54,PL,2020,2.3
F,50-54,PT,2020,5.7
F,50-54,RO,2020,3.4
F,50-54,RS,2020,6.8
F,50-54,SE,2020,5.4
F,50-54,SI,2020,3.0
F,50-54,SK,2020,4.5
F,50-54,TR,2020,6.7
F,50-59,AT,2020,3.7
F,50-59,BE,2020,3.8
F,50-59,BG,2020,3.7
F,50-59,CH,2020,3.6
F,50-59,CY,2020,8.2
F,50-59,CZ,2020,2.4
F,50-59,DE,2020,2.6
F,50-59,DK,2020,3.6
F,50-59,EE,2020,5.2
F,50-59,GR,2020,14.4
F,50-59,ES,2020,14.2
F,50-59,FI,2020,5.7
F,50-59,FR,2020,5.4
F,50-59,HR,2020,4.5
F,50-59,HU,2020,2.7
F,50-59,IE,2020,3.3
F,50-59,IS,2020,3.5
F,50-59,IT,2020,6.2
F,50-59,LT,2020,8.9
F,50-59,LU,2020,3.3
F,50-59,LV,2020,6.7
F,50-59,ME,2020,13.9
F,50-59,MK,2020,11.6
F,50-59,MT,2020,6.2
F,50-59,NL,2020,2.5
F,50-59,NO,2020,1.9
F,50-59,PL,2020,2.2
F,50-59,PT,2020,5.1
F,50-59,RO,2020,3.5
F,50-59,RS,2020,6.1
F,50-59,SE,2020,5.3
F,50-59,SI,2020,3.4
F,50-59,SK,2020,5.1
F,50-59,TR,2020,5.8
F,50-64,AT,2020,3.6
F,50-64,BE,2020,3.8
F,50-64,BG,2020,3.9
F,50-64,CH,2020,3.5
F,50-64,CY,2020,7.2
F,50-64,CZ,2020,2.3
F,50-64,DE,2020,2.7
F,50-64,DK,2020,3.9
F,50-64,EE,2020,5.3
F,50-64,GR,2020,13.9
F,50-64,ES,2020,14.0
F,50-64,FI,2020,6.1
F,50-64,FR,2020,5.5
F,50-64,HR,2020,4.3
F,50-64,HU,2020,2.8
F,50-64,IE,2020,3.6
F,50-64,IS,2020,3.1
F,50-64,IT,2020,5.7
F,50-64,LT,2020,8.5
F,50-64,LU,2020,3.2
F,50-64,LV,2020,6.8
F,50-64,ME,2020,13.2
F,50-64,MK,2020,10.7
F,50-64,MT,2020,5.6
F,50-64,NL,2020,2.7
F,50-64,NO,2020,1.9
F,50-64,PL,2020,1.9
F,50-64,PT,2020,5.3
F,50-64,RO,2020,3.4
F,50-64,RS,2020,5.4
F,50-64,SE,2020,5.2
F,50-64,SI,2020,3.6
F,50-64,SK,2020,5.0
F,50-64,TR,2020,5.2
F,50-74,AT,2020,3.5
F,50-74,BE,2020,3.7
F,50-74,BG,2020,3.8
F,50-74,CH,2020,3.4
F,50-74,CY,2020,6.9
F,50-74,CZ,2020,2.1
F,50-74,DE,2020,2.6
F,50-74,DK,2020,3.7
F,50-74,EE,2020,4.8
F,50-74,GR,2020,13.6
F,50-74,ES,2020,13.7
F,50-74,FI,2020,5.8
F,50-74,FR,2020,5.4
F,50-74,HR,2020,4.2
F,50-74,HU,2020,2.7
F,50-74,IE,2020,3.5
F,50-74,IS,2020,2.8
F,50-74,IT,2020,5.5
F,50-74,LT,2020,7.8
F,50-74,LU,2020,3.2
F,50-74,LV,2020,6.1
F,50-74,ME,2020,12.0
F,50-74,MK,2020,10.3
F,50-74,MT,2020,5.3
F,50-74,NL,2020,2.6
F,50-74,NO,2020,1.8
F,50-74,PL,2020,1.9
F,50-74,PT,2020,5.1
F,50-74,RO,2020,3.0
F,50-74,RS,2020,4.8
F,50-74,SE,2020,4.9
F,50-74,SI,2020,3.4
F,50-74,SK,2020,4.8
F,50-74,TR,2020,4.8
F,55-59,AT,2020,3.9
F,55-59,BE,2020,3.6
F,55-59,BG,2020,3.8
F,55-59,CH,2020,3.3
F,55-59,CY,2020,7.6
F,55-59,CZ,2020,2.7
F,55-59,DE,2020,2.7
F,55-59,DK,2020,4.1
F,55-59,EE,2020,6.0
F,55-59,GR,2020,13.9
F,55-59,ES,2020,14.3
F,55-59,FI,2020,6.7
F,55-59,FR,2020,5.7
F,55-59,HR,2020,6.3
F,55-59,HU,2020,2.7
F,55-59,IT,2020,5.5
F,55-59,LT,2020,10.4
F,55-59,LV,2020,6.5
F,55-59,MK,2020,11.8
F,55-59,MT,2020,6.1
F,55-59,NL,2020,2.6
F,55-59,PL,2020,2.0
F,55-59,PT,2020,4.5
F,55-59,RO,2020,3.6
F,55-59,RS,2020,5.4
F,55-59,SE,2020,5.3
F,55-59,SI,2020,3.8
F,55-59,SK,2020,5.7
F,55-59,TR,2020,4.5
F,55-64,AT,2020,3.6
F,55-64,BE,2020,3.6
F,55-64,BG,2020,4.1
F,55-64,CH,2020,3.2
F,55-64,CY,2020,6.1
F,55-64,CZ,2020,2.4
F,55-64,DE,2020,2.9
F,55-64,DK,2020,4.3
F,55-64,EE,2020,5.7
F,55-64,GR,2020,13.0
F,55-64,ES,2020,13.7
F,55-64,FI,2020,6.9
F,55-64,FR,2020,5.8
F,55-64,HR,2020,5.4
F,55-64,HU,2020,2.7
F,55-64,IE,2020,3.7
F,55-64,IS,2020,3.8
F,55-64,IT,2020,4.9
F,55-64,LT,2020,9.1
F,55-64,LU,2020,3.3
F,55-64,LV,2020,6.8
F,55-64,ME,2020,9.5
F,55-64,MK,2020,10.1
F,55-64,MT,2020,5.1
F,55-64,NL,2020,2.9
F,55-64,PL,2020,1.6
F,55-64,PT,2020,5.1
F,55-64,RO,2020,3.4
F,55-64,RS,2020,4.5
F,55-64,SE,2020,5.1
F,55-64,SI,2020,4.1
F,55-64,SK,2020,5.3
F,55-64,TR,2020,3.8
F,60-64,BE,2020,3.8
F,60-64,BG,2020,4.5
F,60-64,CH,2020,3.2
F,60-64,CZ,2020,1.6
F,60-64,DE,2020,3.1
F,60-64,DK,2020,4.6
F,60-64,EE,2020,5.4
F,60-64,GR,2020,11.7
F,60-64,ES,2020,12.9
F,60-64,FI,2020,7.1
F,60-64,FR,2020,6.0
F,60-64,HR,2020,3.3
F,60-64,HU,2020,2.9
F,60-64,IT,2020,3.8
F,60-64,LT,2020,7.3
F,60-64,LV,2020,7.2
F,60-64,MK,2020,6.4
F,60-64,NL,2020,3.3
F,60-64,PT,2020,6.1
F,60-64,RS,2020,3.1
F,60-64,SE,2020,4.8
F,60-64,SI,2020,4.8
F,60-64,SK,2020,4.4
F,60-64,TR,2020,2.4
F,65-69,GR,2020,7.2
F,65-69,ES,2020,7.7
F,65-69,IT,2020,2.5
F,65-69,TR,2020,1.6
F,65-74,GR,2020,9.5
F,65-74,ES,2020,7.1
F,65-74,FR,2020,3.3
F,65-74,IT,2020,2.1
F,65-74,NL,2020,1.6
F,65-74,TR,2020,1.4
M,15-19,AT,2020,9.6
M,15-19,BE,2020,19.5
M,15-19,CH,2020,9.3
M,15-19,CZ,2020,21.4
M,15-19,DE,2020,9.0
M,15-19,DK,2020,16.5
M,15-19,EE,2020,40.6
M,15-19,GR,2020,31.4
M,15-19,ES,2020,50.1
M,15-19,FI,2020,32.2
M,15-19,FR,2020,24.3
M,15-19,HR,2020,42.8
M,15-19,HU,2020,24.4
M,15-19,IE,2020,22.7
M,15-19,IS,2020,16.0
M,15-19,IT,2020,46.3
M,15-19,LT,2020,26.5
M,15-19,LU,2020,29.4
M,15-19,ME,2020,43.7
M,15-19,MK,2020,46.2
M,15-19,MT,2020,20.7
M,15-19,NL,2020,11.1
M,15-19,NO,2020,16.2
M,15-19,PT,2020,30.0
M,15-19,RO,2020,30.4
M,15-19,RS,2020,39.7
M,15-19,SE,2020,39.8
M,15-19,SK,2020,45.0
M,15-19,TR,2020,20.2
M,15-24,AT,2020,11.3
M,15-24,BE,2020,15.5
M,15-24,BG,2020,14.6
M,15-24,CH,2020,9.2
M,15-24,CY,2020,22.5
M,15-24,CZ,2020,7.2
M,15-24,DE,2020,7.5
M,15-24,DK,2020,12.6
M,15-24,EE,2020,18.4
M,15-24,GR,2020,31.4
M,15-24,ES,2020,37.1
M,15-24,FI,2020,23.2
M,15-24,FR,2020,20.3
M,15-24,HR,2020,18.6
M,15-24,HU,2020,12.1
M,15-24,IE,2020,15.3
M,15-24,IS,2020,11.1
M,15-24,IT,2020,28.2
M,15-24,LT,2020,21.5
M,15-24,LU,2020,24.8
M,15-24,LV,2020,14.4
M,15-24,ME,2020,33.6
M,15-24,MK,2020,34.0
M,15-24,MT,2020,14.1
M,15-24,NL,2020,9.2
M,15-24,NO,2020,12.1
M,15-24,PL,2020,10.3
M,15-24,PT,2020,21.2
M,15-24,RO,2020,17.9
M,15-24,RS,2020,25.0
M,15-24,SE,2020,25.0
M,15-24,SI,2020,12.7
M,15-24,SK,2020,18.3
M,15-24,TR,2020,22.5
M,15-29,AT,2020,9.2
M,15-29,BE,2020,11.0
M,15-29,BG,2020,9.2
M,15-29,CH,2020,7.3
M,15-29,CY,2020,15.0
M,15-29,CZ,2020,4.5
M,15-29,DE,2020,6.9
M,15-29,DK,2020,11.2
M,15-29,EE,2020,11.6
M,15-29,GR,2020,27.6
M,15-29,ES,2020,28.5
M,15-29,FI,2020,15.7
M,15-29,FR,2020,15.9
M,15-29,HR,2020,14.2
M,15-29,HU,2020,8.3
M,15-29,IE,2020,12.2
M,15-29,IS,2020,9.2
M,15-29,IT,2020,21.2
M,15-29,LT,2020,15.1
M,15-29,LU,2020,14.9
M,15-29,LV,2020,13.4
M,15-29,ME,2020,29.8
M,15-29,MK,2020,28.0
M,15-29,MT,2020,8.5
M,15-29,NL,2020,7.2
M,15-29,NO,2020,9.5
M,15-29,PL,2020,6.8
M,15-29,PT,2020,15.8
M,15-29,RO,2020,11.9
M,15-29,RS,2020,19.4
M,15-29,SE,2020,17.3
M,15-29,SI,2020,8.7
M,15-29,SK,2020,11.5
M,15-29,TR,2020,19.7
M,15-39,AT,2020,7.2
M,15-39,BE,2020,7.6
M,15-39,BG,2020,7.1
M,15-39,CH,2020,5.6
M,15-39,CY,2020,10.0
M,15-39,CZ,2020,3.4
M,15-39,DE,2020,5.7
M,15-39,DK,2020,7.8
M,15-39,EE,2020,8.2
M,15-39,GR,2020,18.6
M,15-39,ES,2020,19.4
M,15-39,FI,2020,10.8
M,15-39,FR,2020,11.1
M,15-39,HR,2020,10.5
M,15-39,HU,2020,5.5
M,15-39,IE,2020,8.1
M,15-39,IS,2020,8.2
M,15-39,IT,2020,13.8
M,15-39,LT,2020,10.4
M,15-39,LU,2020,8.6
M,15-39,LV,2020,10.1
M,15-39,ME,2020,23.3
M,15-39,MK,2020,20.9
M,15-39,MT,2020,6.0
M,15-39,NL,2020,5.3
M,15-39,NO,2020,6.9
M,15-39,PL,2020,4.1
M,15-39,PT,2020,10.3
M,15-39,RO,2020,7.6
M,15-39,RS,2020,12.9
M,15-39,SE,2020,11.9
M,15-39,SI,2020,5.8
M,15-39,SK,2020,8.6
M,15-39,TR,2020,15.1
M,15-59,AT,2020,5.6
M,15-59,BE,2020,5.9
M,15-59,BG,2020,5.6
M,15-59,CH,2020,4.8
M,15-59,CY,2020,8.1
M,15-59,CZ,2020,2.4
M,15-59,DE,2020,4.4
M,15-59,DK,2020,5.6
M,15-59,EE,2020,7.3
M,15-59,GR,2020,13.9
M,15-59,ES,2020,14.1
M,15-59,FI,2020,8.1
M,15-59,FR,2020,8.2
M,15-59,HR,2020,7.5
M,15-59,HU,2020,4.3
M,15-59,IE,2020,5.9
M,15-59,IS,2020,6.2
M,15-59,IT,2020,8.9
M,15-59,LT,2020,9.5
M,15-59,LU,2020,6.7
M,15-59,LV,2020,9.6
M,15-59,ME,2020,18.5
M,15-59,MK,2020,17.2
M,15-59,MT,2020,4.9
M,15-59,NL,2020,3.8
M,15-59,NO,2020,5.0
M,15-59,PL,2020,3.2
M,15-59,PT,2020,7.0
M,15-59,RO,2020,5.5
M,15-59,RS,2020,9.6
M,15-59,SE,2020,8.8
M,15-59,SI,2020,4.5
M,15-59,SK,2020,6.6
M,15-59,TR,2020,12.8
M,15-64,AT,2020,5.6
M,15-64,BE,2020,5.8
M,15-64,BG,2020,5.4
M,15-64,CH,2020,4.8
M,15-64,CY,2020,7.9
M,15-64,CZ,2020,2.3
M,15-64,DE,2020,4.3
M,15-64,DK,2020,5.5
M,15-64,EE,2020,7.2
M,15-64,GR,2020,13.7
M,15-64,ES,2020,14.0
M,15-64,FI,2020,8.3
M,15-64,FR,2020,8.2
M,15-64,HR,2020,7.4
M,15-64,HU,2020,4.1
M,15-64,IE,2020,5.8
M,15-64,IS,2020,5.9
M,15-64,IT,2020,8.6
M,15-64,LT,2020,9.6
M,15-64,LU,2020,6.6
M,15-64,LV,2020,9.4
M,15-64,ME,2020,17.8
M,15-64,MK,2020,16.9
M,15-64,MT,2020,4.7
M,15-64,NL,2020,3.7
M,15-64,NO,2020,4.8
M,15-64,PL,2020,3.1
M,15-64,PT,2020,7.0
M,15-64,RO,2020,5.4
M,15-64,RS,2020,9.2
M,15-64,SE,2020,8.6
M,15-64,SI,2020,4.5
M,15-64,SK,2020,6.5
M,15-64,TR,2020,12.6
M,15-74,AT,2020,5.5
M,15-74,BE,2020,5.7
M,15-74,BG,2020,5.4
M,15-74,CH,2020,4.7
M,15-74,CY,2020,7.7
M,15-74,CZ,2020,2.2
M,15-74,DE,2020,4.2
M,15-74,DK,2020,5.3
M,15-74,EE,2020,7.1
M,15-74,GR,2020,13.6
M,15-74,ES,2020,13.9
M,15-74,FI,2020,8.0
M,15-74,FR,2020,8.1
M,15-74,HR,2020,7.3
M,15-74,HU,2020,4.1
M,15-74,IE,2020,5.6
M,15-74,IS,2020,5.6
M,15-74,IT,2020,8.5
M,15-74,LT,2020,9.3
M,15-74,LU,2020,6.6
M,15-74,LV,2020,9.1
M,15-74,ME,2020,17.5
M,15-74,MK,2020,16.7
M,15-74,MT,2020,4.7
M,15-74,NL,2020,3.7
M,15-74,NO,2020,4.7
M,15-74,PL,2020,3.1
M,15-74,PT,2020,6.7
M,15-74,RO,2020,5.3
M,15-74,RS,2020,8.8
M,15-74,SE,2020,8.3
M,15-74,SI,2020,4.4
M,15-74,SK,2020,6.4
M,15-74,TR,2020,12.4
M,20-24,AT,2020,12.1
M,20-24,BE,2020,14.6
M,20-24,BG,2020,12.6
M,20-24,CH,2020,9.1
M,20-24,CY,2020,22.1
M,20-24,CZ,2020,5.7
M,20-24,DE,2020,7.0
M,20-24,DK,2020,10.4
M,20-24,EE,2020,13.8
M,20-24,GR,2020,31.4
M,20-24,ES,2020,34.2
M,20-24,FI,2020,20.0
M,20-24,FR,2020,19.2
M,20-24,HR,2020,14.6
M,20-24,HU,2020,10.5
M,20-24,IE,2020,12.6
M,20-24,IS,2020,8.4
M,20-24,IT,2020,25.4
M,20-24,LT,2020,21.0
M,20-24,LU,2020,23.9
M,20-24,LV,2020,12.0
M,20-24,ME,2020,31.2
M,20-24,MK,2020,32.0
M,20-24,MT,2020,12.6
M,20-24,NL,2020,7.6
M,20-24,NO,2020,10.2
M,20-24,PL,2020,9.7
M,20-24,PT,2020,19.6
M,20-24,RO,2020,14.9
M,20-24,RS,2020,21.9
M,20-24,SE,2020,19.0
M,20-24,SI,2020,12.8
M,20-24,SK,2020,15.5
M,20-24,TR,2020,23.8
M,20-29,AT,2020,9.1
M,20-29,BE,2020,10.3
M,20-29,BG,2020,8.4
M,20-29,CH,2020,6.8
M,20-29,CY,2020,14.6
M,20-29,CZ,2020,4.0
M,20-29,DE,2020,6.6
M,20-29,DK,2020,9.9
M,20-29,EE,2020,9.5
M,20-29,GR,2020,27.4
M,20-29,ES,2020,26.7
M,20-29,FI,2020,13.2
M,20-29,FR,2020,14.9
M,20-29,HR,2020,12.1
M,20-29,HU,2020,7.5
M,20-29,IE,2020,10.5
M,20-29,IS,2020,7.7
M,20-29,IT,2020,19.7
M,20-29,LT,2020,14.8
M,20-29,LU,2020,13.9
M,20-29,LV,2020,12.5
M,20-29,ME,2020,28.4
M,20-29,MK,2020,26.8
M,20-29,MT,2020,7.5
M,20-29,NL,2020,5.8
M,20-29,NO,2020,8.1
M,20-29,PL,2020,6.5
M,20-29,PT,2020,14.8
M,20-29,RO,2020,10.3
M,20-29,RS,2020,17.8
M,20-29,SE,2020,13.5
M,20-29,SI,2020,8.5
M,20-29,SK,2020,10.3
M,20-29,TR,2020,19.7
M,20-64,AT,2020,5.4
M,20-64,BE,2020,5.6
M,20-64,BG,2020,5.3
M,20-64,CH,2020,4.6
M,20-64,CY,2020,7.8
M,20-64,CZ,2020,2.2
M,20-64,DE,2020,4.2
M,20-64,DK,2020,4.9
M,20-64,EE,2020,6.8
M,20-64,GR,2020,13.6
M,20-64,ES,2020,13.6
M,20-64,FI,2020,7.5
M,20-64,FR,2020,7.8
M,20-64,HR,2020,6.9
M,20-64,HU,2020,4.0
M,20-64,IE,2020,5.3
M,20-64,IS,2020,5.4
M,20-64,IT,2020,8.3
M,20-64,LT,2020,9.5
M,20-64,LU,2020,6.3
M,20-64,LV,2020,9.2
M,20-64,ME,2020,17.3
M,20-64,MK,2020,16.6
M,20-64,MT,2020,4.4
M,20-64,NL,2020,3.2
M,20-64,NO,2020,4.3
M,20-64,PL,2020,3.0
M,20-64,PT,2020,6.8
M,20-64,RO,2020,5.0
M,20-64,RS,2020,8.8
M,20-64,SE,2020,7.5
M,20-64,SI,2020,4.4
M,20-64,SK,2020,6.2
M,20-64,TR,2020,12.2
M,25-29,AT,2020,7.0
M,25-29,BE,2020,8.1
M,25-29,BG,2020,6.5
M,25-29,CH,2020,5.3
M,25-29,CY,2020,11.3
M,25-29,CZ,2020,3.1
M,25-29,DE,2020,6.3
M,25-29,DK,2020,9.5
M,25-29,EE,2020,7.2
M,25-29,GR,2020,25.7
M,25-29,ES,2020,22.2
M,25-29,FI,2020,8.5
M,25-29,FR,2020,11.7
M,25-29,HR,2020,10.3
M,25-29,HU,2020,5.9
M,25-29,IE,2020,8.8
M,25-29,IS,2020,7.2
M,25-29,IT,2020,16.0
M,25-29,LT,2020,10.7
M,25-29,LU,2020,9.1
M,25-29,LV,2020,12.8
M,25-29,ME,2020,26.3
M,25-29,MK,2020,23.5
M,25-29,MT,2020,4.5
M,25-29,NL,2020,4.4
M,25-29,NO,2020,6.6
M,25-29,PL,2020,4.7
M,25-29,PT,2020,11.7
M,25-29,RO,2020,7.5
M,25-29,RS,2020,15.3
M,25-29,SE,2020,9.8
M,25-29,SI,2020,6.0
M,25-29,SK,2020,7.5
M,25-29,TR,2020,16.6
M,25-49,AT,2020,5.3
M,25-49,BE,2020,5.4
M,25-49,BG,2020,5.3
M,25-49,CH,2020,4.2
M,25-49,CY,2020,7.3
M,25-49,CZ,2020,2.2
M,25-49,DE,2020,4.5
M,25-49,DK,2020,4.6
M,25-49,EE,2020,5.8
M,25-49,GR,2020,13.6
M,25-49,ES,2020,13.0
M,25-49,FI,2020,6.0
M,25-49,FR,2020,7.4
M,25-49,HR,2020,6.9
M,25-49,HU,2020,3.8
M,25-49,IE,2020,4.8
M,25-49,IS,2020,5.9
M,25-49,IT,2020,8.6
M,25-49,LT,2020,8.1
M,25-49,LU,2020,5.6
M,25-49,LV,2020,8.9
M,25-49,ME,2020,18.4
M,25-49,MK,2020,16.1
M,25-49,MT,2020,3.8
M,25-49,NL,2020,2.9
M,25-49,NO,2020,4.5
M,25-49,PL,2020,2.6
M,25-49,PT,2020,6.1
M,25-49,RO,2020,4.9
M,25-49,RS,2020,8.7
M,25-49,SE,2020,6.9
M,25-49,SI,2020,3.9
M,25-49,SK,2020,6.1
M,25-49,TR,2020,11.3
M,25-54,AT,2020,5.0
M,25-54,BE,2020,5.1
M,25-54,BG,2020,5.2
M,25-54,CH,2020,4.2
M,25-54,CY,2020,7.0
M,25-54,CZ,2020,2.1
M,25-54,DE,2020,4.2
M,25-54,DK,2020,4.4
M,25-54,EE,2020,5.9
M,25-54,GR,2020,13.1
M,25-54,ES,2020,12.6
M,25-54,FI,2020,5.9
M,25-54,FR,2020,7.0
M,25-54,HR,2020,6.7
M,25-54,HU,2020,3.6
M,25-54,IE,2020,4.7
M,25-54,IS,2020,5.5
M,25-54,IT,2020,8.0
M,25-54,LT,2020,8.1
M,25-54,LU,2020,5.2
M,25-54,LV,2020,8.9
M,25-54,ME,2020,17.1
M,25-54,MK,2020,15.8
M,25-54,MT,2020,3.7
M,25-54,NL,2020,2.8
M,25-54,NO,2020,4.1
M,25-54,PL,2020,2.6
M,25-54,PT,2020,5.7
M,25-54,RO,2020,4.6
M,25-54,RS,2020,8.4
M,25-54,SE,2020,6.5
M,25-54,SI,2020,4.0
M,25-54,SK,2020,5.8
M,25-54,TR,2020,11.2
M,25-59,AT,2020,4.9
M,25-59,BE,2020,5.1
M,25-59,BG,2020,5.1
M,25-59,CH,2020,4.2
M,25-59,CY,2020,7.0
M,25-59,CZ,2020,2.1
M,25-59,DE,2020,4.0
M,25-59,DK,2020,4.3
M,25-59,EE,2020,6.3
M,25-59,GR,2020,12.9
M,25-59,ES,2020,12.4
M,25-59,FI,2020,6.0
M,25-59,FR,2020,6.8
M,25-59,HR,2020,6.3
M,25-59,HU,2020,3.6
M,25-59,IE,2020,4.6
M,25-59,IS,2020,5.3
M,25-59,IT,2020,7.6
M,25-59,LT,2020,8.4
M,25-59,LU,2020,5.2
M,25-59,LV,2020,9.2
M,25-59,ME,2020,16.5
M,25-59,MK,2020,15.5
M,25-59,MT,2020,3.8
M,25-59,NL,2020,2.7
M,25-59,NO,2020,3.8
M,25-59,PL,2020,2.6
M,25-59,PT,2020,5.8
M,25-59,RO,2020,4.5
M,25-59,RS,2020,8.2
M,25-59,SE,2020,6.5
M,25-59,SI,2020,3.9
M,25-59,SK,2020,5.7
M,25-59,TR,2020,11.0
M,25-64,AT,2020,4.8
M,25-64,BE,2020,5.0
M,25-64,BG,2020,5.0
M,25-64,CH,2020,4.2
M,25-64,CY,2020,6.9
M,25-64,CZ,2020,2.0
M,25-64,DE,2020,4.0
M,25-64,DK,2020,4.3
M,25-64,EE,2020,6.3
M,25-64,GR,2020,12.8
M,25-64,ES,2020,12.3
M,25-64,FI,2020,6.3
M,25-64,FR,2020,6.8
M,25-64,HR,2020,6.2
M,25-64,HU,2020,3.6
M,25-64,IE,2020,4.6
M,25-64,IS,2020,5.0
M,25-64,IT,2020,7.4
M,25-64,LT,2020,8.6
M,25-64,LU,2020,5.2
M,25-64,LV,2020,9.0
M,25-64,ME,2020,15.9
M,25-64,MK,2020,15.3
M,25-64,MT,2020,3.7
M,25-64,NL,2020,2.7
M,25-64,NO,2020,3.7
M,25-64,PL,2020,2.6
M,25-64,PT,2020,5.9
M,25-64,RO,2020,4.4
M,25-64,RS,2020,7.9
M,25-64,SE,2020,6.5
M,25-64,SI,2020,3.9
M,25-64,SK,2020,5.6
M,25-64,TR,2020,10.9
M,25-74,AT,2020,4.8
M,25-74,BE,2020,5.0
M,25-74,BG,2020,5.0
M,25-74,CH,2020,4.1
M,25-74,CY,2020,6.7
M,25-74,CZ,2020,1.9
M,25-74,DE,2020,3.9
M,25-74,DK,2020,4.2
M,25-74,EE,2020,6.2
M,25-74,GR,2020,12.7
M,25-74,ES,2020,12.3
M,25-74,FI,2020,6.1
M,25-74,FR,2020,6.7
M,25-74,HR,2020,6.2
M,25-74,HU,2020,3.5
M,25-74,IE,2020,4.5
M,25-74,IS,2020,4.8
M,25-74,IT,2020,7.2
M,25-74,LT,2020,8.3
M,25-74,LU,2020,5.2
M,25-74,LV,2020,8.7
M,25-74,ME,2020,15.6
M,25-74,MK,2020,15.1
M,25-74,MT,2020,3.6
M,25-74,NL,2020,2.8
M,25-74,NO,2020,3.6
M,25-74,PL,2020,2.5
M,25-74,PT,2020,5.7
M,25-74,RO,2020,4.3
M,25-74,RS,2020,7.5
M,25-74,SE,2020,6.3
M,25-74,SI,2020,3.9
M,25-74,SK,2020,5.5
M,25-74,TR,2020,10.7
M,30-34,AT,2020,5.4
M,30-34,BE,2020,5.7
M,30-34,BG,2020,6.7
M,30-34,CH,2020,4.0
M,30-34,CY,2020,7.6
M,30-34,CZ,2020,3.0
M,30-34,DE,2020,5.0
M,30-34,DK,2020,4.3
M,30-34,EE,2020,4.7
M,30-34,GR,2020,14.8
M,30-34,ES,2020,15.1
M,30-34,FI,2020,6.5
M,30-34,FR,2020,8.2
M,30-34,HR,2020,10.0
M,30-34,HU,2020,3.1
M,30-34,IE,2020,5.4
M,30-34,IS,2020,5.7
M,30-34,IT,2020,10.4
M,30-34,LT,2020,7.5
M,30-34,LU,2020,4.3
M,30-34,LV,2020,7.2
M,30-34,ME,2020,19.7
M,30-34,MK,2020,17.8
M,30-34,MT,2020,3.6
M,30-34,NL,2020,2.9
M,30-34,NO,2020,4.7
M,30-34,PL,2020,2.4
M,30-34,PT,2020,7.3
M,30-34,RO,2020,5.5
M,30-34,RS,2020,9.6
M,30-34,SE,2020,7.6
M,30-34,SI,2020,4.4
M,30-34,SK,2020,6.7
M,30-34,TR,2020,11.5
M,30-54,AT,2020,4.6
M,30-54,BE,2020,4.6
M,30-54,BG,2020,5.0
M,30-54,CH,2020,4.0
M,30-54,CY,2020,6.1
M,30-54,CZ,2020,1.9
M,30-54,DE,2020,3.8
M,30-54,DK,2020,3.3
M,30-54,EE,2020,5.7
M,30-54,GR,2020,11.3
M,30-54,ES,2020,11.3
M,30-54,FI,2020,5.3
M,30-54,FR,2020,6.2
M,30-54,HR,2020,6.1
M,30-54,HU,2020,3.3
M,30-54,IE,2020,4.0
M,30-54,IS,2020,5.1
M,30-54,IT,2020,7.0
M,30-54,LT,2020,7.6
M,30-54,LU,2020,4.5
M,30-54,LV,2020,8.2
M,30-54,ME,2020,15.2
M,30-54,MK,2020,14.4
M,30-54,MT,2020,3.6
M,30-54,NL,2020,2.5
M,30-54,NO,2020,3.6
M,30-54,PL,2020,2.2
M,30-54,PT,2020,4.8
M,30-54,RO,2020,4.2
M,30-54,RS,2020,7.3
M,30-54,SE,2020,5.8
M,30-54,SI,2020,3.7
M,30-54,SK,2020,5.5
M,30-54,TR,2020,10.0
M,30-64,AT,2020,4.5
M,30-64,BE,2020,4.6
M,30-64,BG,2020,4.9
M,30-64,CH,2020,4.1
M,30-64,CY,2020,6.1
M,30-64,CZ,2020,1.9
M,30-64,DE,2020,3.7
M,30-64,DK,2020,3.6
M,30-64,EE,2020,6.2
M,30-64,GR,2020,11.3
M,30-64,ES,2020,11.3
M,30-64,FI,2020,6.0
M,30-64,FR,2020,6.2
M,30-64,HR,2020,5.7
M,30-64,HU,2020,3.2
M,30-64,IE,2020,4.1
M,30-64,IS,2020,4.7
M,30-64,IT,2020,6.5
M,30-64,LT,2020,8.4
M,30-64,LU,2020,4.6
M,30-64,LV,2020,8.6
M,30-64,ME,2020,14.2
M,30-64,MK,2020,14.2
M,30-64,MT,2020,3.5
M,30-64,NL,2020,2.5
M,30-64,NO,2020,3.3
M,30-64,PL,2020,2.3
M,30-64,PT,2020,5.2
M,30-64,RO,2020,4.0
M,30-64,RS,2020,6.9
M,30-64,SE,2020,6.0
M,30-64,SI,2020,3.7
M,30-64,SK,2020,5.3
M,30-64,TR,2020,9.8
M,30-74,AT,2020,4.5
M,30-74,BE,2020,4.5
M,30-74,BG,2020,4.8
M,30-74,CH,2020,4.0
M,30-74,CY,2020,5.9
M,30-74,CZ,2020,1.8
M,30-74,DE,2020,3.6
M,30-74,DK,2020,3.4
M,30-74,EE,2020,6.1
M,30-74,GR,2020,11.3
M,30-74,ES,2020,11.2
M,30-74,FI,2020,5.8
M,30-74,FR,2020,6.1
M,30-74,HR,2020,5.7
M,30-74,HU,2020,3.2
M,30-74,IE,2020,3.9
M,30-74,IS,2020,4.4
M,30-74,IT,2020,6.4
M,30-74,LT,2020,8.0
M,30-74,LU,2020,4.6
M,30-74,LV,2020,8.2
M,30-74,ME,2020,13.9
M,30-74,MK,2020,13.9
M,30-74,MT,2020,3.5
M,30-74,NL,2020,2.5
M,30-74,NO,2020,3.2
M,30-74,PL,2020,2.2
M,30-74,PT,2020,5.0
M,30-74,RO,2020,3.9
M,30-74,RS,2020,6.6
M,30-74,SE,2020,5.8
M,30-74,SI,2020,3.6
M,30-74,SK,2020,5.2
M,30-74,TR,2020,9.6
M,35-39,AT,2020,5.2
M,35-39,BE,2020,4.4
M,35-39,BG,2020,5.5
M,35-39,CH,2020,4.1
M,35-39,CY,2020,5.4
M,35-39,CZ,2020,2.4
M,35-39,DE,2020,4.4
M,35-39,DK,2020,3.0
M,35-39,EE,2020,7.0
M,35-39,GR,2020,11.6
M,35-39,ES,2020,11.8
M,35-39,FI,2020,5.6
M,35-39,FR,2020,6.1
M,35-39,HR,2020,5.8
M,35-39,HU,2020,3.7
M,35-39,IE,2020,4.0
M,35-39,IS,2020,8.3
M,35-39,IT,2020,7.7
M,35-39,LT,2020,6.6
M,35-39,LU,2020,4.1
M,35-39,LV,2020,8.4
M,35-39,ME,2020,14.4
M,35-39,MK,2020,13.6
M,35-39,MT,2020,4.4
M,35-39,NL,2020,3.0
M,35-39,NO,2020,3.6
M,35-39,PL,2020,2.2
M,35-39,PT,2020,5.0
M,35-39,RO,2020,4.1
M,35-39,RS,2020,7.5
M,35-39,SE,2020,6.0
M,35-39,SI,2020,3.6
M,35-39,SK,2020,6.7
M,35-39,TR,2020,9.6
M,40-44,AT,2020,4.5
M,40-44,BE,2020,4.7
M,40-44,BG,2020,5.0
M,40-44,CH,2020,3.9
M,40-44,CY,2020,5.2
M,40-44,CZ,2020,1.6
M,40-44,DE,2020,3.6
M,40-44,DK,2020,3.3
M,40-44,EE,2020,5.0
M,40-44,GR,2020,10.7
M,40-44,ES,2020,9.9
M,40-44,FI,2020,4.5
M,40-44,FR,2020,6.2
M,40-44,HR,2020,5.4
M,40-44,HU,2020,3.3
M,40-44,IE,2020,3.5
M,40-44,IS,2020,4.8
M,40-44,IT,2020,5.9
M,40-44,LT,2020,7.4
M,40-44,LU,2020,5.5
M,40-44,LV,2020,7.6
M,40-44,ME,2020,14.0
M,40-44,MK,2020,11.8
M,40-44,MT,2020,3.6
M,40-44,NL,2020,2.8
M,40-44,NO,2020,4.3
M,40-44,PL,2020,2.2
M,40-44,PT,2020,3.8
M,40-44,RO,2020,4.1
M,40-44,RS,2020,6.4
M,40-44,SE,2020,5.9
M,40-44,SI,2020,3.2
M,40-44,SK,2020,5.3
M,40-44,TR,2020,9.2
M,40-59,AT,2020,4.2
M,40-59,BE,2020,4.4
M,40-59,BG,2020,4.5
M,40-59,CH,2020,4.0
M,40-59,CY,2020,5.9
M,40-59,CZ,2020,1.5
M,40-59,DE,2020,3.2
M,40-59,DK,2020,3.4
M,40-59,EE,2020,6.3
M,40-59,GR,2020,10.7
M,40-59,ES,2020,10.4
M,40-59,FI,2020,5.3
M,40-59,FR,2020,5.5
M,40-59,HR,2020,4.6
M,40-59,HU,2020,3.2
M,40-59,IE,2020,3.8
M,40-59,IS,2020,3.7
M,40-59,IT,2020,5.8
M,40-59,LT,2020,8.6
M,40-59,LU,2020,4.8
M,40-59,LV,2020,9.1
M,40-59,ME,2020,13.5
M,40-59,MK,2020,13.4
M,40-59,MT,2020,3.4
M,40-59,NL,2020,2.2
M,40-59,NO,2020,3.0
M,40-59,PL,2020,2.2
M,40-59,PT,2020,4.5
M,40-59,RO,2020,3.7
M,40-59,RS,2020,6.4
M,40-59,SE,2020,5.6
M,40-59,SI,2020,3.5
M,40-59,SK,2020,4.6
M,40-59,TR,2020,9.5
M,40-64,AT,2020,4.2
M,40-64,BE,2020,4.4
M,40-64,BG,2020,4.4
M,40-64,CH,2020,4.1
M,40-64,CY,2020,5.9
M,40-64,CZ,2020,1.5
M,40-64,DE,2020,3.3
M,40-64,DK,2020,3.5
M,40-64,EE,2020,6.4
M,40-64,GR,2020,10.7
M,40-64,ES,2020,10.6
M,40-64,FI,2020,6.0
M,40-64,FR,2020,5.7
M,40-64,HR,2020,4.7
M,40-64,HU,2020,3.2
M,40-64,IE,2020,3.8
M,40-64,IS,2020,3.5
M,40-64,IT,2020,5.7
M,40-64,LT,2020,9.0
M,40-64,LU,2020,4.8
M,40-64,LV,2020,8.9
M,40-64,ME,2020,12.8
M,40-64,MK,2020,13.4
M,40-64,MT,2020,3.2
M,40-64,NL,2020,2.4
M,40-64,NO,2020,2.9
M,40-64,PL,2020,2.2
M,40-64,PT,2020,4.9
M,40-64,RO,2020,3.7
M,40-64,RS,2020,6.2
M,40-64,SE,2020,5.6
M,40-64,SI,2020,3.5
M,40-64,SK,2020,4.6
M,40-64,TR,2020,9.3
M,45-49,AT,2020,4.3
M,45-49,BE,2020,4.3
M,45-49,BG,2020,3.7
M,45-49,CH,2020,3.8
M,45-49,CY,2020,7.0
M,45-49,CZ,2020,1.1
M,45-49,DE,2020,3.5
M,45-49,DK,2020,2.9
M,45-49,EE,2020,5.3
M,45-49,GR,2020,9.5
M,45-49,ES,2020,10.2
M,45-49,FI,2020,4.5
M,45-49,FR,2020,5.5
M,45-49,HR,2020,3.9
M,45-49,HU,2020,3.3
M,45-49,IE,2020,3.3
M,45-49,IT,2020,6.4
M,45-49,LT,2020,8.7
M,45-49,LU,2020,5.1
M,45-49,LV,2020,9.3
M,45-49,ME,2020,17.8
M,45-49,MK,2020,14.7
M,45-49,NL,2020,1.7
M,45-49,NO,2020,3.2
M,45-49,PL,2020,2.0
M,45-49,PT,2020,4.6
M,45-49,RO,2020,4.3
M,45-49,RS,2020,6.2
M,45-49,SE,2020,5.2
M,45-49,SI,2020,3.1
M,45-49,SK,2020,4.1
M,45-49,TR,2020,9.8
M,50-54,AT,2020,3.6
M,50-54,BE,2020,3.8
M,50-54,BG,2020,4.7
M,50-54,CH,2020,4.1
M,50-54,CY,2020,5.1
M,50-54,CZ,2020,1.6
M,50-54,DE,2020,2.8
M,50-54,DK,2020,3.2
M,50-54,EE,2020,6.7
M,50-54,GR,2020,10.8
M,50-54,ES,2020,10.6
M,50-54,FI,2020,5.4
M,50-54,FR,2020,5.5
M,50-54,HR,2020,5.3
M,50-54,HU,2020,2.8
M,50-54,IE,2020,3.9
M,50-54,IT,2020,5.7
M,50-54,LT,2020,7.8
M,50-54,LU,2020,3.6
M,50-54,LV,2020,8.8
M,50-54,ME,2020,9.8
M,50-54,MK,2020,14.3
M,50-54,NL,2020,2.1
M,50-54,PL,2020,2.2
M,50-54,PT,2020,3.8
M,50-54,RO,2020,3.0
M,50-54,RS,2020,6.5
M,50-54,SE,2020,4.3
M,50-54,SI,2020,4.3
M,50-54,SK,2020,4.5
M,50-54,TR,2020,9.9
M,50-59,AT,2020,3.9
M,50-59,BE,2020,4.3
M,50-59,BG,2020,4.6
M,50-59,CH,2020,4.2
M,50-59,CY,2020,5.8
M,50-59,CZ,2020,1.8
M,50-59,DE,2020,2.9
M,50-59,DK,2020,3.6
M,50-59,EE,2020,7.6
M,50-59,GR,2020,11.3
M,50-59,ES,2020,10.8
M,50-59,FI,2020,6.2
M,50-59,FR,2020,5.3
M,50-59,HR,2020,4.5
M,50-59,HU,2020,3.1
M,50-59,IE,2020,4.2
M,50-59,IS,2020,3.3
M,50-59,IT,2020,5.5
M,50-59,LT,2020,9.2
M,50-59,LU,2020,4.3
M,50-59,LV,2020,9.8
M,50-59,ME,2020,10.5
M,50-59,MK,2020,13.7
M,50-59,MT,2020,3.8
M,50-59,NL,2020,2.2
M,50-59,NO,2020,2.1
M,50-59,PL,2020,2.4
M,50-59,PT,2020,4.9
M,50-59,RO,2020,3.1
M,50-59,RS,2020,6.5
M,50-59,SE,2020,5.6
M,50-59,SI,2020,3.8
M,50-59,SK,2020,4.4
M,50-59,TR,2020,9.6
M,50-64,AT,2020,4.0
M,50-64,BE,2020,4.3
M,50-64,BG,2020,4.5
M,50-64,CH,2020,4.3
M,50-64,CY,2020,5.8
M,50-64,CZ,2020,1.6
M,50-64,DE,2020,3.1
M,50-64,DK,2020,3.8
M,50-64,EE,2020,7.5
M,50-64,GR,2020,11.2
M,50-64,ES,2020,11.1
M,50-64,FI,2020,7.1
M,50-64,FR,2020,5.6
M,50-64,HR,2020,4.7
M,50-64,HU,2020,3.0
M,50-64,IE,2020,4.2
M,50-64,IS,2020,3.2
M,50-64,IT,2020,5.4
M,50-64,LT,2020,9.6
M,50-64,LU,2020,4.2
M,50-64,LV,2020,9.3
M,50-64,ME,2020,9.8
M,50-64,MK,2020,13.6
M,50-64,MT,2020,3.3
M,50-64,NL,2020,2.4
M,50-64,NO,2020,2.2
M,50-64,PL,2020,2.4
M,50-64,PT,2020,5.5
M,50-64,RO,2020,3.2
M,50-64,RS,2020,6.1
M,50-64,SE,2020,5.7
M,50-64,SI,2020,3.9
M,50-64,SK,2020,4.4
M,50-64,TR,2020,9.1
M,50-74,AT,2020,3.9
M,50-74,BE,2020,4.1
M,50-74,BG,2020,4.3
M,50-74,CH,2020,4.0
M,50-74,CY,2020,5.3
M,50-74,CZ,2020,1.5
M,50-74,DE,2020,2.9
M,50-74,DK,2020,3.5
M,50-74,EE,2020,7.1
M,50-74,GR,2020,11.0
M,50-74,ES,2020,10.9
M,50-74,FI,2020,6.5
M,50-74,FR,2020,5.5
M,50-74,HR,2020,4.7
M,50-74,HU,2020,2.9
M,50-74,IE,2020,3.9
M,50-74,IS,2020,2.9
M,50-74,IT,2020,5.1
M,50-74,LT,2020,8.7
M,50-74,LU,2020,4.2
M,50-74,LV,2020,8.4
M,50-74,ME,2020,9.3
M,50-74,MK,2020,13.0
M,50-74,MT,2020,3.1
M,50-74,NL,2020,2.5
M,50-74,NO,2020,2.2
M,50-74,PL,2020,2.3
M,50-74,PT,2020,5.0
M,50-74,RO,2020,3.0
M,50-74,RS,2020,5.3
M,50-74,SE,2020,5.1
M,50-74,SI,2020,3.7
M,50-74,SK,2020,4.2
M,50-74,TR,2020,8.5
M,55-59,AT,2020,4.4
M,55-59,BE,2020,4.8
M,55-59,BG,2020,4.5
M,55-59,CH,2020,4.3
M,55-59,CY,2020,6.5
M,55-59,CZ,2020,2.0
M,55-59,DE,2020,3.1
M,55-59,DK,2020,4.0
M,55-59,EE,2020,8.7
M,55-59,GR,2020,12.1
M,55-59,ES,2020,11.0
M,55-59,FI,2020,6.9
M,55-59,FR,2020,5.1
M,55-59,HR,2020,3.7
M,55-59,HU,2020,3.5
M,55-59,IE,2020,4.6
M,55-59,IT,2020,5.2
M,55-59,LT,2020,10.6
M,55-59,LU,2020,5.3
M,55-59,LV,2020,10.8
M,55-59,ME,2020,11.5
M,55-59,MK,2020,13.0
M,55-59,MT,2020,4.5
M,55-59,NL,2020,2.4
M,55-59,PL,2020,2.6
M,55-59,PT,2020,6.1
M,55-59,RO,2020,3.4
M,55-59,RS,2020,6.5
M,55-59,SE,2020,6.9
M,55-59,SI,2020,3.2
M,55-59,SK,2020,4.2
M,55-59,TR,2020,9.0
M,55-64,AT,2020,4.4
M,55-64,BE,2020,4.6
M,55-64,BG,2020,4.4
M,55-64,CH,2020,4.5
M,55-64,CY,2020,6.2
M,55-64,CZ,2020,1.7
M,55-64,DE,2020,3.3
M,55-64,DK,2020,4.1
M,55-64,EE,2020,8.0
M,55-64,GR,2020,11.6
M,55-64,ES,2020,11.5
M,55-64,FI,2020,8.1
M,55-64,FR,2020,5.8
M,55-64,HR,2020,4.3
M,55-64,HU,2020,3.1
M,55-64,IE,2020,4.3
M,55-64,IS,2020,3.4
M,55-64,IT,2020,5.1
M,55-64,LT,2020,10.7
M,55-64,LU,2020,4.8
M,55-64,LV,2020,9.6
M,55-64,ME,2020,9.8
M,55-64,MK,2020,13.1
M,55-64,MT,2020,3.5
M,55-64,NL,2020,2.6
M,55-64,NO,2020,2.3
M,55-64,PL,2020,2.5
M,55-64,PT,2020,6.6
M,55-64,RO,2020,3.4
M,55-64,RS,2020,5.8
M,55-64,SE,2020,6.5
M,55-64,SI,2020,3.5
M,55-64,SK,2020,4.4
M,55-64,TR,2020,8.4
M,60-64,AT,2020,4.4
M,60-64,BE,2020,4.3
M,60-64,BG,2020,4.2
M,60-64,CH,2020,4.8
M,60-64,CY,2020,5.8
M,60-64,CZ,2020,1.1
M,60-64,DE,2020,3.7
M,60-64,DK,2020,4.3
M,60-64,EE,2020,6.9
M,60-64,GR,2020,10.8
M,60-64,ES,2020,12.2
M,60-64,FI,2020,9.7
M,60-64,FR,2020,7.5
M,60-64,HR,2020,5.3
M,60-64,HU,2020,2.7
M,60-64,IT,2020,5.0
M,60-64,LT,2020,10.8
M,60-64,LV,2020,7.9
M,60-64,MK,2020,13.3
M,60-64,NL,2020,3.0
M,60-64,PL,2020,2.3
M,60-64,PT,2020,7.4
M,60-64,RO,2020,3.4
M,60-64,RS,2020,5.1
M,60-64,SE,2020,5.9
M,60-64,SI,2020,4.1
M,60-64,SK,2020,4.7
M,60-64,TR,2020,7.3
M,65-69,GR,2020,9.9
M,65-69,ES,2020,5.2
M,65-69,IT,2020,2.7
M,65-69,NL,2020,3.8
M,65-69,TR,2020,4.6
M,65-74,GR,2020,8.8
M,65-74,ES,2020,4.6
M,65-74,FR,2020,2.5
M,65-74,IT,2020,2.1
M,65-74,NL,2020,3.2
M,65-74,TR,2020,3.7
M,70-74,TR,2020,1.9
F,15-19,AT,2021,14.1
F,15-19,BA,2021,63.1
F,15-19,BE,2021,19.7
F,15-19,CH,2021,9.9
F,15-19,CY,2021,35.5
F,15-19,CZ,2021,20.9
F,15-19,DE,2021,9.2
F,15-19,DK,2021,12.8
F,15-19,EE,2021,32.8
F,15-19,GR,2021,55.6
F,15-19,ES,2021,52.4
F,15-19,FI,2021,24.7
F,15-19,FR,2021,28.3
F,15-19,HR,2021,38.8
F,15-19,HU,2021,28.6
F,15-19,IE,2021,22.8
F,15-19,IS,2021,12.3
F,15-19,IT,2021,55.4
F,15-19,LU,2021,28.7
F,15-19,MK,2021,62.9
F,15-19,NL,2021,12.6
F,15-19,NO,2021,18.8
F,15-19,PT,2021,40.9
F,15-19,RO,2021,45.2
F,15-19,RS,2021,34.8
F,15-19,SE,2021,37.7
F,15-19,SI,2021,21.3
F,15-19,TR,2021,22.6
F,15-24,AT,2021,11.3
F,15-24,BA,2021,44.5
F,15-24,BE,2021,16.2
F,15-24,BG,2021,15.1
F,15-24,CH,2021,8.3
F,15-24,CY,2021,16.1
F,15-24,CZ,2021,9.1
F,15-24,DE,2021,6.5
F,15-24,DK,2021,11.0
F,15-24,EE,2021,15.0
F,15-24,GR,2021,40.9
F,15-24,ES,2021,36.2
F,15-24,FI,2021,16.4
F,15-24,FR,2021,18.8
F,15-24,HR,2021,26.3
F,15-24,HU,2021,15.6
F,15-24,IE,2021,14.6
F,15-24,IS,2021,10.9
F,15-24,IT,2021,32.8
F,15-24,LT,2021,14.7
F,15-24,LU,2021,16.1
F,15-24,LV,2021,14.6
F,15-24,MK,2021,39.7
F,15-24,MT,2021,6.0
F,15-24,NL,2021,9.0
F,15-24,NO,2021,11.8
F,15-24,PL,2021,12.3
F,15-24,PT,2021,26.7
F,15-24,RO,2021,21.2
F,15-24,RS,2021,28.9
F,15-24,SE,2021,24.1
F,15-24,SI,2021,14.4
F,15-24,SK,2021,22.0
F,15-24,TR,2021,28.7
F,15-29,AT,2021,9.0
F,15-29,BA,2021,35.4
F,15-29,BE,2021,10.3
F,15-29,BG,2021,9.5
F,15-29,CH,2021,7.2
F,15-29,CY,2021,12.3
F,15-29,CZ,2021,6.4
F,15-29,DE,2021,5.4
F,15-29,DK,2021,9.5
F,15-29,EE,2021,10.3
F,15-29,GR,2021,32.9
F,15-29,ES,2021,27.6
F,15-29,FI,2021,12.3
F,15-29,FR,2021,14.3
F,15-29,HR,2021,18.9
F,15-29,HU,2021,8.5
F,15-29,IE,2021,10.5
F,15-29,IS,2021,10.3
F,15-29,IT,2021,23.5
F,15-29,LT,2021,10.3
F,15-29,LU,2021,10.2
F,15-29,LV,2021,9.5
F,15-29,MK,2021,27.8
F,15-29,MT,2021,5.1
F,15-29,NL,2021,7.2
F,15-29,NO,2021,8.7
F,15-29,PL,2021,7.3
F,15-29,PT,2021,17.4
F,15-29,RO,2021,12.4
F,15-29,RS,2021,20.6
F,15-29,SE,2021,17.3
F,15-29,SI,2021,11.4
F,15-29,SK,2021,14.2
F,15-29,TR,2021,25.2
F,15-39,AT,2021,7.7
F,15-39,BA,2021,27.5
F,15-39,BE,2021,8.1
F,15-39,BG,2021,6.1
F,15-39,CH,2021,6.5
F,15-39,CY,2021,8.7
F,15-39,CZ,2021,5.3
F,15-39,DE,2021,4.2
F,15-39,DK,2021,7.4
F,15-39,EE,2021,7.3
F,15-39,GR,2021,26.0
F,15-39,ES,2021,20.6
F,15-39,FI,2021,9.2
F,15-39,FR,2021,10.6
F,15-39,HR,2021,12.1
F,15-39,HU,2021,6.2
F,15-39,IE,2021,7.5
F,15-39,IS,2021,8.9
F,15-39,IT,2021,16.4
F,15-39,LT,2021,7.3
F,15-39,LU,2021,6.8
F,15-39,LV,2021,7.9
F,15-39,MK,2021,18.7
F,15-39,MT,2021,3.6
F,15-39,NL,2021,5.9
F,15-39,NO,2021,6.3
F,15-39,PL,2021,4.9
F,15-39,PT,2021,10.6
F,15-39,RO,2021,7.0
F,15-39,RS,2021,16.1
F,15-39,SE,2021,13.1
F,15-39,SI,2021,7.5
F,15-39,SK,2021,8.5
F,15-39,TR,2021,19.4
F,15-59,AT,2021,6.3
F,15-59,BA,2021,22.7
F,15-59,BE,2021,5.9
F,15-59,BG,2021,5.1
F,15-59,CH,2021,5.5
F,15-59,CY,2021,7.5
F,15-59,CZ,2021,3.6
F,15-59,DE,2021,3.3
F,15-59,DK,2021,5.3
F,15-59,EE,2021,6.0
F,15-59,GR,2021,19.4
F,15-59,ES,2021,17.2
F,15-59,FI,2021,7.1
F,15-59,FR,2021,7.9
F,15-59,HR,2021,8.2
F,15-59,HU,2021,4.3
F,15-59,IE,2021,6.2
F,15-59,IS,2021,7.0
F,15-59,IT,2021,11.2
F,15-59,LT,2021,6.8
F,15-59,LU,2021,5.7
F,15-59,LV,2021,7.0
F,15-59,MK,2021,14.3
F,15-59,MT,2021,3.6
F,15-59,NL,2021,4.6
F,15-59,NO,2021,4.5
F,15-59,PL,2021,3.6
F,15-59,PT,2021,7.2
F,15-59,RO,2021,5.2
F,15-59,RS,2021,13.0
F,15-59,SE,2021,9.6
F,15-59,SI,2021,5.4
F,15-59,SK,2021,7.2
F,15-59,TR,2021,15.3
F,15-64,AT,2021,6.2
F,15-64,BA,2021,22.2
F,15-64,BE,2021,5.9
F,15-64,BG,2021,5.0
F,15-64,CH,2021,5.4
F,15-64,CY,2021,7.4
F,15-64,CZ,2021,3.5
F,15-64,DE,2021,3.2
F,15-64,DK,2021,5.2
F,15-64,EE,2021,5.8
F,15-64,GR,2021,19.1
F,15-64,ES,2021,17.0
F,15-64,FI,2021,7.2
F,15-64,FR,2021,7.8
F,15-64,HR,2021,7.9
F,15-64,HU,2021,4.2
F,15-64,IE,2021,6.2
F,15-64,IS,2021,6.6
F,15-64,IT,2021,10.8
F,15-64,LT,2021,6.9
F,15-64,LU,2021,5.7
F,15-64,LV,2021,6.9
F,15-64,MK,2021,13.8
F,15-64,MT,2021,3.5
F,15-64,NL,2021,4.5
F,15-64,NO,2021,4.3
F,15-64,PL,2021,3.4
F,15-64,PT,2021,7.1
F,15-64,RO,2021,5.1
F,15-64,RS,2021,12.5
F,15-64,SE,2021,9.3
F,15-64,SI,2021,5.4
F,15-64,SK,2021,7.1
F,15-64,TR,2021,15.0
F,15-74,AT,2021,6.1
F,15-74,BA,2021,22.0
F,15-74,BE,2021,5.9
F,15-74,BG,2021,4.9
F,15-74,CH,2021,5.3
F,15-74,CY,2021,7.3
F,15-74,CZ,2021,3.4
F,15-74,DE,2021,3.2
F,15-74,DK,2021,5.2
F,15-74,EE,2021,5.6
F,15-74,GR,2021,18.9
F,15-74,ES,2021,16.8
F,15-74,FI,2021,7.1
F,15-74,FR,2021,7.8
F,15-74,HR,2021,8.0
F,15-74,HU,2021,4.2
F,15-74,IE,2021,6.1
F,15-74,IS,2021,6.4
F,15-74,IT,2021,10.6
F,15-74,LT,2021,6.6
F,15-74,LU,2021,5.6
F,15-74,LV,2021,6.6
F,15-74,MK,2021,13.7
F,15-74,MT,2021,3.6
F,15-74,NL,2021,4.5
F,15-74,NO,2021,4.2
F,15-74,PL,2021,3.4
F,15-74,PT,2021,7.0
F,15-74,RO,2021,5.1
F,15-74,RS,2021,12.2
F,15-74,SE,2021,9.2
F,15-74,SI,2021,5.3
F,15-74,SK,2021,7.0
F,15-74,TR,2021,14.7
F,20-24,AT,2021,10.1
F,20-24,BA,2021,42.6
F,20-24,BE,2021,15.4
F,20-24,BG,2021,13.4
F,20-24,CH,2021,7.4
F,20-24,CY,2021,13.7
F,20-24,CZ,2021,7.6
F,20-24,DE,2021,5.6
F,20-24,DK,2021,9.9
F,20-24,EE,2021,11.3
F,20-24,GR,2021,39.7
F,20-24,ES,2021,33.0
F,20-24,FI,2021,10.9
F,20-24,FR,2021,16.4
F,20-24,HR,2021,23.7
F,20-24,HU,2021,14.3
F,20-24,IE,2021,10.8
F,20-24,IS,2021,9.7
F,20-24,IT,2021,30.1
F,20-24,LT,2021,14.9
F,20-24,LU,2021,12.8
F,20-24,LV,2021,13.2
F,20-24,MK,2021,36.1
F,20-24,NL,2021,6.0
F,20-24,NO,2021,7.1
F,20-24,PL,2021,11.5
F,20-24,PT,2021,24.8
F,20-24,RO,2021,18.1
F,20-24,RS,2021,27.4
F,20-24,SE,2021,15.7
F,20-24,SI,2021,13.0
F,20-24,SK,2021,18.4
F,20-24,TR,2021,30.6
F,20-29,AT,2021,8.2
F,20-29,BA,2021,34.2
F,20-29,BE,2021,9.6
F,20-29,BG,2021,8.9
F,20-29,CH,2021,6.6
F,20-29,CY,2021,11.4
F,20-29,CZ,2021,5.8
F,20-29,DE,2021,4.8
F,20-29,DK,2021,8.5
F,20-29,EE,2021,8.5
F,20-29,GR,2021,32.3
F,20-29,ES,2021,25.8
F,20-29,FI,2021,8.9
F,20-29,FR,2021,12.7
F,20-29,HR,2021,17.5
F,20-29,HU,2021,7.8
F,20-29,IE,2021,7.8
F,20-29,IS,2021,9.6
F,20-29,IT,2021,22.1
F,20-29,LT,2021,10.2
F,20-29,LU,2021,8.7
F,20-29,LV,2021,8.7
F,20-29,MK,2021,25.9
F,20-29,MT,2021,4.4
F,20-29,NL,2021,5.1
F,20-29,NO,2021,5.7
F,20-29,PL,2021,6.9
F,20-29,PT,2021,16.2
F,20-29,RO,2021,10.8
F,20-29,RS,2021,19.4
F,20-29,SE,2021,12.3
F,20-29,SI,2021,10.5
F,20-29,SK,2021,13.0
F,20-29,TR,2021,25.5
F,20-64,AT,2021,5.9
F,20-64,BA,2021,21.9
F,20-64,BE,2021,5.7
F,20-64,BG,2021,4.9
F,20-64,CH,2021,5.2
F,20-64,CY,2021,7.2
F,20-64,CZ,2021,3.4
F,20-64,DE,2021,3.1
F,20-64,DK,2021,4.8
F,20-64,EE,2021,5.5
F,20-64,GR,2021,19.0
F,20-64,ES,2021,16.6
F,20-64,FI,2021,6.3
F,20-64,FR,2021,7.4
F,20-64,HR,2021,7.6
F,20-64,HU,2021,4.1
F,20-64,IE,2021,5.5
F,20-64,IS,2021,6.2
F,20-64,IT,2021,10.5
F,20-64,LT,2021,6.8
F,20-64,LU,2021,5.3
F,20-64,LV,2021,6.8
F,20-64,MK,2021,13.3
F,20-64,MT,2021,3.3
F,20-64,NL,2021,3.7
F,20-64,NO,2021,3.4
F,20-64,PL,2021,3.4
F,20-64,PT,2021,6.9
F,20-64,RO,2021,4.8
F,20-64,RS,2021,12.2
F,20-64,SE,2021,8.0
F,20-64,SI,2021,5.2
F,20-64,SK,2021,6.9
F,20-64,TR,2021,14.7
F,25-29,AT,2021,6.8
F,25-29,BA,2021,28.5
F,25-29,BE,2021,6.7
F,25-29,BG,2021,7.3
F,25-29,CH,2021,6.0
F,25-29,CY,2021,10.4
F,25-29,CZ,2021,4.9
F,25-29,DE,2021,4.1
F,25-29,DK,2021,7.5
F,25-29,EE,2021,6.5
F,25-29,GR,2021,29.0
F,25-29,ES,2021,21.7
F,25-29,FI,2021,7.5
F,25-29,FR,2021,10.0
F,25-29,HR,2021,14.0
F,25-29,HU,2021,4.6
F,25-29,IE,2021,5.0
F,25-29,IS,2021,9.5
F,25-29,IT,2021,17.7
F,25-29,LT,2021,7.0
F,25-29,LU,2021,6.8
F,25-29,LV,2021,6.2
F,25-29,MK,2021,20.9
F,25-29,MT,2021,4.5
F,25-29,NL,2021,4.3
F,25-29,NO,2021,4.6
F,25-29,PL,2021,4.6
F,25-29,PT,2021,11.4
F,25-29,RO,2021,6.7
F,25-29,RS,2021,15.3
F,25-29,SE,2021,10.0
F,25-29,SI,2021,8.8
F,25-29,SK,2021,10.9
F,25-29,TR,2021,21.2
F,25-49,AT,2021,6.0
F,25-49,BA,2021,21.5
F,25-49,BE,2021,5.6
F,25-49,BG,2021,5.0
F,25-49,CH,2021,5.4
F,25-49,CY,2021,6.9
F,25-49,CZ,2021,3.5
F,25-49,DE,2021,3.1
F,25-49,DK,2021,4.7
F,25-49,EE,2021,5.2
F,25-49,GR,2021,20.1
F,25-49,ES,2021,15.9
F,25-49,FI,2021,5.7
F,25-49,FR,2021,7.2
F,25-49,HR,2021,7.2
F,25-49,HU,2021,3.8
F,25-49,IE,2021,4.8
F,25-49,IS,2021,6.8
F,25-49,IT,2021,11.4
F,25-49,LT,2021,5.9
F,25-49,LU,2021,4.9
F,25-49,LV,2021,6.8
F,25-49,MK,2021,12.7
F,25-49,MT,2021,2.9
F,25-49,NL,2021,3.7
F,25-49,NO,2021,3.7
F,25-49,PL,2021,3.2
F,25-49,PT,2021,6.4
F,25-49,RO,2021,4.2
F,25-49,RS,2021,12.8
F,25-49,SE,2021,8.2
F,25-49,SI,2021,5.1
F,25-49,SK,2021,6.8
F,25-49,TR,2021,13.6
F,25-54,AT,2021,5.8
F,25-54,BA,2021,21.2
F,25-54,BE,2021,5.2
F,25-54,BG,2021,4.9
F,25-54,CH,2021,5.2
F,25-54,CY,2021,6.9
F,25-54,CZ,2021,3.3
F,25-54,DE,2021,2.9
F,25-54,DK,2021,4.3
F,25-54,EE,2021,5.0
F,25-54,GR,2021,18.8
F,25-54,ES,2021,15.7
F,25-54,FI,2021,5.6
F,25-54,FR,2021,6.7
F,25-54,HR,2021,7.1
F,25-54,HU,2021,3.7
F,25-54,IE,2021,4.8
F,25-54,IS,2021,6.4
F,25-54,IT,2021,10.6
F,25-54,LT,2021,5.9
F,25-54,LU,2021,5.0
F,25-54,LV,2021,6.6
F,25-54,MK,2021,12.1
F,25-54,MT,2021,3.0
F,25-54,NL,2021,3.5
F,25-54,NO,2021,3.3
F,25-54,PL,2021,3.0
F,25-54,PT,2021,6.1
F,25-54,RO,2021,4.2
F,25-54,RS,2021,12.2
F,25-54,SE,2021,7.7
F,25-54,SI,2021,4.9
F,25-54,SK,2021,6.6
F,25-54,TR,2021,13.0
F,25-59,AT,2021,5.7
F,25-59,BA,2021,20.4
F,25-59,BE,2021,5.0
F,25-59,BG,2021,4.8
F,25-59,CH,2021,5.1
F,25-59,CY,2021,6.9
F,25-59,CZ,2021,3.3
F,25-59,DE,2021,2.9
F,25-59,DK,2021,4.2
F,25-59,EE,2021,5.1
F,25-59,GR,2021,18.2
F,25-59,ES,2021,15.8
F,25-59,FI,2021,5.7
F,25-59,FR,2021,6.6
F,25-59,HR,2021,6.8
F,25-59,HU,2021,3.6
F,25-59,IE,2021,4.9
F,25-59,IS,2021,6.2
F,25-59,IT,2021,9.9
F,25-59,LT,2021,6.2
F,25-59,LU,2021,4.8
F,25-59,LV,2021,6.5
F,25-59,MK,2021,12.3
F,25-59,MT,2021,3.3
F,25-59,NL,2021,3.4
F,25-59,NO,2021,3.1
F,25-59,PL,2021,3.0
F,25-59,PT,2021,5.9
F,25-59,RO,2021,4.1
F,25-59,RS,2021,11.8
F,25-59,SE,2021,7.5
F,25-59,SI,2021,4.7
F,25-59,SK,2021,6.5
F,25-59,TR,2021,12.5
F,25-64,AT,2021,5.6
F,25-64,BA,2021,20.0
F,25-64,BE,2021,5.0
F,25-64,BG,2021,4.7
F,25-64,CH,2021,5.0
F,25-64,CY,2021,6.8
F,25-64,CZ,2021,3.3
F,25-64,DE,2021,2.9
F,25-64,DK,2021,4.2
F,25-64,EE,2021,5.1
F,25-64,GR,2021,18.0
F,25-64,ES,2021,15.6
F,25-64,FI,2021,5.9
F,25-64,FR,2021,6.6
F,25-64,HR,2021,6.6
F,25-64,HU,2021,3.5
F,25-64,IE,2021,4.9
F,25-64,IS,2021,5.8
F,25-64,IT,2021,9.5
F,25-64,LT,2021,6.3
F,25-64,LU,2021,4.8
F,25-64,LV,2021,6.4
F,25-64,MK,2021,11.9
F,25-64,MT,2021,3.2
F,25-64,NL,2021,3.5
F,25-64,NO,2021,3.0
F,25-64,PL,2021,2.9
F,25-64,PT,2021,5.9
F,25-64,RO,2021,4.1
F,25-64,RS,2021,11.4
F,25-64,SE,2021,7.3
F,25-64,SI,2021,4.7
F,25-64,SK,2021,6.4
F,25-64,TR,2021,12.2
F,25-74,AT,2021,5.5
F,25-74,BA,2021,19.9
F,25-74,BE,2021,5.0
F,25-74,BG,2021,4.6
F,25-74,CH,2021,4.9
F,25-74,CY,2021,6.7
F,25-74,CZ,2021,3.2
F,25-74,DE,2021,2.8
F,25-74,DK,2021,4.2
F,25-74,EE,2021,4.8
F,25-74,GR,2021,17.8
F,25-74,ES,2021,15.5
F,25-74,FI,2021,5.8
F,25-74,FR,2021,6.6
F,25-74,HR,2021,6.7
F,25-74,HU,2021,3.5
F,25-74,IE,2021,4.9
F,25-74,IS,2021,5.6
F,25-74,IT,2021,9.4
F,25-74,LT,2021,6.1
F,25-74,LU,2021,4.7
F,25-74,LV,2021,6.1
F,25-74,MK,2021,11.8
F,25-74,MT,2021,3.3
F,25-74,NL,2021,3.5
F,25-74,NO,2021,2.9
F,25-74,PL,2021,2.8
F,25-74,PT,2021,5.8
F,25-74,RO,2021,4.0
F,25-74,RS,2021,11.1
F,25-74,SE,2021,7.3
F,25-74,SI,2021,4.7
F,25-74,SK,2021,6.3
F,25-74,TR,2021,11.9
F,30-34,AT,2021,7.2
F,30-34,BA,2021,22.9
F,30-34,BE,2021,7.1
F,30-34,BG,2021,4.8
F,30-34,CH,2021,5.6
F,30-34,CY,2021,6.9
F,30-34,CZ,2021,5.0
F,30-34,DE,2021,3.4
F,30-34,DK,2021,5.3
F,30-34,EE,2021,6.0
F,30-34,GR,2021,24.5
F,30-34,ES,2021,16.2
F,30-34,FI,2021,6.0
F,30-34,FR,2021,7.7
F,30-34,HR,2021,10.7
F,30-34,HU,2021,5.0
F,30-34,IE,2021,4.9
F,30-34,IS,2021,8.3
F,30-34,IT,2021,13.7
F,30-34,LT,2021,5.4
F,30-34,LU,2021,4.0
F,30-34,LV,2021,8.7
F,30-34,MK,2021,15.2
F,30-34,MT,2021,2.6
F,30-34,NL,2021,4.2
F,30-34,NO,2021,3.4
F,30-34,PL,2021,4.3
F,30-34,PT,2021,7.3
F,30-34,RO,2021,4.7
F,30-34,RS,2021,13.4
F,30-34,SE,2021,8.8
F,30-34,SI,2021,6.2
F,30-34,TR,2021,14.0
F,30-54,AT,2021,5.6
F,30-54,BA,2021,19.9
F,30-54,BE,2021,4.9
F,30-54,BG,2021,4.6
F,30-54,CH,2021,5.0
F,30-54,CY,2021,6.2
F,30-54,CZ,2021,3.2
F,30-54,DE,2021,2.7
F,30-54,DK,2021,3.7
F,30-54,EE,2021,4.7
F,30-54,GR,2021,17.3
F,30-54,ES,2021,14.8
F,30-54,FI,2021,5.3
F,30-54,FR,2021,6.2
F,30-54,HR,2021,6.0
F,30-54,HU,2021,3.6
F,30-54,IE,2021,4.8
F,30-54,IS,2021,5.7
F,30-54,IT,2021,9.7
F,30-54,LT,2021,5.7
F,30-54,LU,2021,4.6
F,30-54,LV,2021,6.6
F,30-54,MK,2021,10.6
F,30-54,MT,2021,2.7
F,30-54,NL,2021,3.4
F,30-54,NO,2021,3.1
F,30-54,PL,2021,2.8
F,30-54,PT,2021,5.4
F,30-54,RO,2021,3.8
F,30-54,RS,2021,11.8
F,30-54,SE,2021,7.3
F,30-54,SI,2021,4.4
F,30-54,SK,2021,5.9
F,30-54,TR,2021,11.0
F,30-64,AT,2021,5.4
F,30-64,BA,2021,18.7
F,30-64,BE,2021,4.8
F,30-64,BG,2021,4.5
F,30-64,CH,2021,4.8
F,30-64,CY,2021,6.3
F,30-64,CZ,2021,3.1
F,30-64,DE,2021,2.7
F,30-64,DK,2021,3.7
F,30-64,EE,2021,4.9
F,30-64,GR,2021,16.7
F,30-64,ES,2021,15.0
F,30-64,FI,2021,5.7
F,30-64,FR,2021,6.2
F,30-64,HR,2021,5.7
F,30-64,HU,2021,3.4
F,30-64,IE,2021,4.9
F,30-64,IS,2021,5.2
F,30-64,IT,2021,8.7
F,30-64,LT,2021,6.3
F,30-64,LU,2021,4.4
F,30-64,LV,2021,6.5
F,30-64,MK,2021,10.6
F,30-64,MT,2021,2.9
F,30-64,NL,2021,3.3
F,30-64,NO,2021,2.7
F,30-64,PL,2021,2.7
F,30-64,PT,2021,5.3
F,30-64,RO,2021,3.8
F,30-64,RS,2021,10.9
F,30-64,SE,2021,7.0
F,30-64,SI,2021,4.4
F,30-64,SK,2021,5.9
F,30-64,TR,2021,10.3
F,30-74,AT,2021,5.3
F,30-74,BA,2021,18.6
F,30-74,BE,2021,4.8
F,30-74,BG,2021,4.4
F,30-74,CH,2021,4.7
F,30-74,CY,2021,6.2
F,30-74,CZ,2021,3.0
F,30-74,DE,2021,2.7
F,30-74,DK,2021,3.7
F,30-74,EE,2021,4.7
F,30-74,GR,2021,16.6
F,30-74,ES,2021,14.8
F,30-74,FI,2021,5.6
F,30-74,FR,2021,6.1
F,30-74,HR,2021,5.8
F,30-74,HU,2021,3.4
F,30-74,IE,2021,4.8
F,30-74,IS,2021,5.0
F,30-74,IT,2021,8.6
F,30-74,LT,2021,6.0
F,30-74,LU,2021,4.4
F,30-74,LV,2021,6.1
F,30-74,MK,2021,10.5
F,30-74,MT,2021,3.0
F,30-74,NL,2021,3.4
F,30-74,NO,2021,2.6
F,30-74,PL,2021,2.6
F,30-74,PT,2021,5.2
F,30-74,RO,2021,3.8
F,30-74,RS,2021,10.6
F,30-74,SE,2021,6.9
F,30-74,SI,2021,4.3
F,30-74,SK,2021,5.8
F,30-74,TR,2021,10.0
F,35-39,AT,2021,5.8
F,35-39,BA,2021,20.8
F,35-39,BE,2021,5.6
F,35-39,BG,2021,4.4
F,35-39,CH,2021,5.9
F,35-39,CY,2021,5.7
F,35-39,CZ,2021,4.4
F,35-39,DE,2021,3.1
F,35-39,DK,2021,4.0
F,35-39,EE,2021,4.1
F,35-39,GR,2021,18.9
F,35-39,ES,2021,15.3
F,35-39,FI,2021,6.1
F,35-39,FR,2021,7.2
F,35-39,HR,2021,5.0
F,35-39,HU,2021,4.2
F,35-39,IE,2021,4.6
F,35-39,IS,2021,5.8
F,35-39,IT,2021,10.1
F,35-39,LT,2021,5.5
F,35-39,LU,2021,4.7
F,35-39,LV,2021,5.3
F,35-39,MK,2021,10.1
F,35-39,NL,2021,3.8
F,35-39,NO,2021,3.9
F,35-39,PL,2021,2.8
F,35-39,PT,2021,5.1
F,35-39,RO,2021,3.0
F,35-39,RS,2021,13.3
F,35-39,SE,2021,9.3
F,35-39,SI,2021,4.8
F,35-39,SK,2021,6.9
F,35-39,TR,2021,11.8
F,40-44,AT,2021,5.8
F,40-44,BA,2021,18.5
F,40-44,BE,2021,4.8
F,40-44,BG,2021,4.4
F,40-44,CH,2021,4.2
F,40-44,CY,2021,5.9
F,40-44,CZ,2021,2.6
F,40-44,DE,2021,2.7
F,40-44,DK,2021,3.6
F,40-44,EE,2021,4.9
F,40-44,GR,2021,16.5
F,40-44,ES,2021,13.6
F,40-44,FI,2021,4.6
F,40-44,FR,2021,5.8
F,40-44,HR,2021,4.0
F,40-44,HU,2021,3.0
F,40-44,IE,2021,5.4
F,40-44,IS,2021,6.0
F,40-44,IT,2021,9.8
F,40-44,LT,2021,6.0
F,40-44,LU,2021,4.3
F,40-44,LV,2021,7.7
F,40-44,MK,2021,9.1
F,40-44,NL,2021,3.5
F,40-44,NO,2021,3.7
F,40-44,PL,2021,2.5
F,40-44,PT,2021,5.0
F,40-44,RO,2021,4.0
F,40-44,RS,2021,10.7
F,40-44,SE,2021,7.0
F,40-44,SI,2021,5.2
F,40-44,SK,2021,6.2
F,40-44,TR,2021,10.6
F,40-59,AT,2021,5.0
F,40-59,BA,2021,17.5
F,40-59,BE,2021,3.9
F,40-59,BG,2021,4.6
F,40-59,CH,2021,4.5
F,40-59,CY,2021,6.3
F,40-59,CZ,2021,2.6
F,40-59,DE,2021,2.5
F,40-59,DK,2021,3.3
F,40-59,EE,2021,4.9
F,40-59,GR,2021,14.9
F,40-59,ES,2021,14.7
F,40-59,FI,2021,5.1
F,40-59,FR,2021,5.5
F,40-59,HR,2021,5.1
F,40-59,HU,2021,2.9
F,40-59,IE,2021,4.9
F,40-59,IS,2021,4.8
F,40-59,IT,2021,8.0
F,40-59,LT,2021,6.5
F,40-59,LU,2021,4.5
F,40-59,LV,2021,6.3
F,40-59,MK,2021,10.2
F,40-59,MT,2021,3.5
F,40-59,NL,2021,3.0
F,40-59,NO,2021,2.4
F,40-59,PL,2021,2.4
F,40-59,PT,2021,4.9
F,40-59,RO,2021,3.8
F,40-59,RS,2021,10.4
F,40-59,SE,2021,6.1
F,40-59,SI,2021,3.8
F,40-59,SK,2021,6.2
F,40-59,TR,2021,8.9
F,40-64,AT,2021,4.9
F,40-64,BA,2021,17.0
F,40-64,BE,2021,4.0
F,40-64,BG,2021,4.4
F,40-64,CH,2021,4.4
F,40-64,CY,2021,6.2
F,40-64,CZ,2021,2.6
F,40-64,DE,2021,2.5
F,40-64,DK,2021,3.4
F,40-64,EE,2021,4.8
F,40-64,GR,2021,14.9
F,40-64,ES,2021,14.7
F,40-64,FI,2021,5.5
F,40-64,FR,2021,5.6
F,40-64,HR,2021,4.8
F,40-64,HU,2021,2.9
F,40-64,IE,2021,4.9
F,40-64,IS,2021,4.3
F,40-64,IT,2021,7.7
F,40-64,LT,2021,6.6
F,40-64,LU,2021,4.4
F,40-64,LV,2021,6.2
F,40-64,MK,2021,9.7
F,40-64,MT,2021,3.3
F,40-64,NL,2021,3.0
F,40-64,NO,2021,2.3
F,40-64,PL,2021,2.3
F,40-64,PT,2021,5.0
F,40-64,RO,2021,3.8
F,40-64,RS,2021,9.8
F,40-64,SE,2021,6.0
F,40-64,SI,2021,3.9
F,40-64,SK,2021,6.1
F,40-64,TR,2021,8.5
F,45-49,AT,2021,4.5
F,45-49,BA,2021,17.5
F,45-49,BE,2021,3.7
F,45-49,BG,2021,4.9
F,45-49,CH,2021,5.2
F,45-49,CY,2021,6.1
F,45-49,CZ,2021,2.2
F,45-49,DE,2021,2.3
F,45-49,DK,2021,3.1
F,45-49,EE,2021,4.7
F,45-49,GR,2021,15.4
F,45-49,ES,2021,14.7
F,45-49,FI,2021,4.6
F,45-49,FR,2021,5.7
F,45-49,HR,2021,4.9
F,45-49,HU,2021,3.0
F,45-49,IE,2021,4.2
F,45-49,IT,2021,8.7
F,45-49,LT,2021,6.0
F,45-49,LU,2021,4.9
F,45-49,LV,2021,5.8
F,45-49,MK,2021,9.6
F,45-49,NL,2021,2.6
F,45-49,PL,2021,2.3
F,45-49,PT,2021,5.0
F,45-49,RO,2021,3.8
F,45-49,RS,2021,12.0
F,45-49,SE,2021,6.0
F,45-49,SI,2021,2.8
F,45-49,SK,2021,6.9
F,45-49,TR,2021,9.0
F,50-54,AT,2021,4.7
F,50-54,BA,2021,19.4
F,50-54,BE,2021,3.3
F,50-54,BG,2021,4.4
F,50-54,CH,2021,4.1
F,50-54,CY,2021,6.8
F,50-54,CZ,2021,2.6
F,50-54,DE,2021,2.2
F,50-54,DK,2021,2.8
F,50-54,EE,2021,4.1
F,50-54,GR,2021,13.3
F,50-54,ES,2021,14.9
F,50-54,FI,2021,5.0
F,50-54,FR,2021,4.7
F,50-54,HR,2021,6.5
F,50-54,HU,2021,3.1
F,50-54,IE,2021,4.8
F,50-54,IT,2021,7.7
F,50-54,LT,2021,5.6
F,50-54,LU,2021,5.2
F,50-54,LV,2021,5.8
F,50-54,MK,2021,9.1
F,50-54,MT,2021,4.1
F,50-54,NL,2021,2.9
F,50-54,PL,2021,2.1
F,50-54,PT,2021,5.1
F,50-54,RO,2021,3.8
F,50-54,RS,2021,9.5
F,50-54,SE,2021,5.4
F,50-54,SI,2021,3.6
F,50-54,SK,2021,5.4
F,50-54,TR,2021,7.6
F,50-59,AT,2021,4.9
F,50-59,BA,2021,16.6
F,50-59,BE,2021,3.6
F,50-59,BG,2021,4.4
F,50-59,CH,2021,4.3
F,50-59,CY,2021,6.7
F,50-59,CZ,2021,2.9
F,50-59,DE,2021,2.4
F,50-59,DK,2021,3.3
F,50-59,EE,2021,5.1
F,50-59,GR,2021,13.7
F,50-59,ES,2021,15.4
F,50-59,FI,2021,5.5
F,50-59,FR,2021,5.3
F,50-59,HR,2021,5.8
F,50-59,HU,2021,2.8
F,50-59,IE,2021,5.0
F,50-59,IS,2021,4.4
F,50-59,IT,2021,6.7
F,50-59,LT,2021,6.8
F,50-59,LU,2021,4.3
F,50-59,LV,2021,5.8
F,50-59,MK,2021,11.2
F,50-59,MT,2021,4.9
F,50-59,NL,2021,2.9
F,50-59,PL,2021,2.3
F,50-59,PT,2021,4.8
F,50-59,RO,2021,3.8
F,50-59,RS,2021,9.1
F,50-59,SE,2021,5.6
F,50-59,SI,2021,3.7
F,50-59,SK,2021,5.7
F,50-59,TR,2021,6.8
F,50-64,AT,2021,4.7
F,50-64,BA,2021,15.7
F,50-64,BE,2021,3.8
F,50-64,BG,2021,4.2
F,50-64,CH,2021,4.2
F,50-64,CY,2021,6.5
F,50-64,CZ,2021,2.8
F,50-64,DE,2021,2.6
F,50-64,DK,2021,3.4
F,50-64,EE,2021,4.8
F,50-64,GR,2021,13.8
F,50-64,ES,2021,15.1
F,50-64,FI,2021,6.2
F,50-64,FR,2021,5.5
F,50-64,HR,2021,5.3
F,50-64,HU,2021,2.8
F,50-64,IE,2021,5.1
F,50-64,IS,2021,3.7
F,50-64,IT,2021,6.4
F,50-64,LT,2021,7.0
F,50-64,LU,2021,4.3
F,50-64,LV,2021,5.9
F,50-64,MK,2021,9.9
F,50-64,MT,2021,4.2
F,50-64,NL,2021,3.1
F,50-64,NO,2021,1.6
F,50-64,PL,2021,2.0
F,50-64,PT,2021,5.0
F,50-64,RO,2021,3.6
F,50-64,RS,2021,8.2
F,50-64,SE,2021,5.7
F,50-64,SI,2021,3.9
F,50-64,SK,2021,5.6
F,50-64,TR,2021,6.2
F,50-74,AT,2021,4.6
F,50-74,BA,2021,15.4
F,50-74,BE,2021,3.8
F,50-74,BG,2021,4.1
F,50-74,CH,2021,4.0
F,50-74,CY,2021,6.3
F,50-74,CZ,2021,2.6
F,50-74,DE,2021,2.5
F,50-74,DK,2021,3.4
F,50-74,EE,2021,4.3
F,50-74,GR,2021,13.5
F,50-74,ES,2021,14.8
F,50-74,FI,2021,6.0
F,50-74,FR,2021,5.5
F,50-74,HR,2021,5.4
F,50-74,HU,2021,2.9
F,50-74,IE,2021,5.0
F,50-74,IS,2021,3.3
F,50-74,IT,2021,6.2
F,50-74,LT,2021,6.3
F,50-74,LU,2021,4.2
F,50-74,LV,2021,5.3
F,50-74,MK,2021,9.7
F,50-74,MT,2021,4.5
F,50-74,NL,2021,3.2
F,50-74,NO,2021,1.5
F,50-74,PL,2021,2.0
F,50-74,PT,2021,4.9
F,50-74,RO,2021,3.6
F,50-74,RS,2021,7.6
F,50-74,SE,2021,5.6
F,50-74,SI,2021,3.8
F,50-74,SK,2021,5.3
F,50-74,TR,2021,5.5
F,55-59,AT,2021,5.1
F,55-59,BA,2021,13.2
F,55-59,BE,2021,3.8
F,55-59,BG,2021,4.4
F,55-59,CH,2021,4.4
F,55-59,CY,2021,6.6
F,55-59,CZ,2021,3.1
F,55-59,DE,2021,2.6
F,55-59,DK,2021,3.7
F,55-59,EE,2021,6.0
F,55-59,GR,2021,14.2
F,55-59,ES,2021,16.0
F,55-59,FI,2021,6.0
F,55-59,FR,2021,6.0
F,55-59,HR,2021,5.1
F,55-59,HU,2021,2.4
F,55-59,IE,2021,5.3
F,55-59,IT,2021,5.6
F,55-59,LT,2021,8.0
F,55-59,LV,2021,5.8
F,55-59,MK,2021,13.7
F,55-59,MT,2021,6.0
F,55-59,NL,2021,2.9
F,55-59,PL,2021,2.6
F,55-59,PT,2021,4.4
F,55-59,RO,2021,3.7
F,55-59,RS,2021,8.7
F,55-59,SE,2021,5.9
F,55-59,SI,2021,3.8
F,55-59,SK,2021,6.0
F,55-59,TR,2021,5.7
F,55-64,AT,2021,4.6
F,55-64,BA,2021,13.1
F,55-64,BE,2021,4.1
F,55-64,BG,2021,4.1
F,55-64,CH,2021,4.3
F,55-64,CY,2021,6.4
F,55-64,CZ,2021,2.9
F,55-64,DE,2021,2.7
F,55-64,DK,2021,3.8
F,55-64,EE,2021,5.3
F,55-64,GR,2021,14.4
F,55-64,ES,2021,15.3
F,55-64,FI,2021,6.8
F,55-64,FR,2021,6.1
F,55-64,HR,2021,4.4
F,55-64,HU,2021,2.6
F,55-64,IE,2021,5.3
F,55-64,IS,2021,3.7
F,55-64,IT,2021,5.4
F,55-64,LT,2021,7.7
F,55-64,LU,2021,3.3
F,55-64,LV,2021,6.0
F,55-64,MK,2021,10.6
F,55-64,MT,2021,4.3
F,55-64,NL,2021,3.2
F,55-64,PL,2021,2.0
F,55-64,PT,2021,4.9
F,55-64,RO,2021,3.4
F,55-64,RS,2021,7.3
F,55-64,SE,2021,5.9
F,55-64,SI,2021,4.2
F,55-64,SK,2021,5.7
F,55-64,TR,2021,4.9
F,60-64,BA,2021,12.8
F,60-64,BE,2021,5.0
F,60-64,BG,2021,3.6
F,60-64,CH,2021,4.0
F,60-64,CY,2021,6.0
F,60-64,CZ,2021,2.4
F,60-64,DE,2021,3.0
F,60-64,DK,2021,3.8
F,60-64,EE,2021,4.3
F,60-64,GR,2021,14.7
F,60-64,ES,2021,14.2
F,60-64,FI,2021,8.0
F,60-64,FR,2021,6.3
F,60-64,HR,2021,2.8
F,60-64,HU,2021,2.8
F,60-64,IT,2021,5.0
F,60-64,LT,2021,7.3
F,60-64,LV,2021,6.2
F,60-64,MK,2021,4.5
F,60-64,NL,2021,3.5
F,60-64,PT,2021,5.7
F,60-64,RS,2021,4.9
F,60-64,SE,2021,5.9
F,60-64,SI,2021,5.3
F,60-64,TR,2021,3.3
F,65-69,GR,2021,8.6
F,65-69,ES,2021,6.8
F,65-69,IT,2021,2.7
F,65-69,NL,2021,5.2
F,65-69,TR,2021,1.0
F,65-74,BA,2021,9.5
F,65-74,GR,2021,8.1
F,65-74,ES,2021,6.3
F,65-74,IT,2021,2.6
F,65-74,NL,2021,4.9
F,65-74,SE,2021,4.8
F,65-74,TR,2021,0.9
M,15-19,AT,2021,15.0
M,15-19,BA,2021,58.5
M,15-19,BE,2021,29.0
M,15-19,CH,2021,7.6
M,15-19,CY,2021,27.7
M,15-19,CZ,2021,29.4
M,15-19,DE,2021,8.5
M,15-19,DK,2021,14.2
M,15-19,EE,2021,36.6
M,15-19,GR,2021,46.0
M,15-19,ES,2021,49.6
M,15-19,FI,2021,25.7
M,15-19,FR,2021,21.6
M,15-19,HR,2021,34.7
M,15-19,HU,2021,29.6
M,15-19,IE,2021,18.4
M,15-19,IS,2021,15.6
M,15-19,IT,2021,47.6
M,15-19,LU,2021,36.8
M,15-19,MK,2021,39.2
M,15-19,MT,2021,21.1
M,15-19,NL,2021,12.2
M,15-19,NO,2021,19.6
M,15-19,PT,2021,30.7
M,15-19,RO,2021,42.7
M,15-19,RS,2021,30.3
M,15-19,SE,2021,41.5
M,15-19,TR,2021,16.7
M,15-24,AT,2021,10.7
M,15-24,BA,2021,34.5
M,15-24,BE,2021,19.9
M,15-24,BG,2021,16.2
M,15-24,CH,2021,8.4
M,15-24,CY,2021,18.4
M,15-24,CZ,2021,7.6
M,15-24,DE,2021,7.4
M,15-24,DK,2021,10.7
M,15-24,EE,2021,18.4
M,15-24,GR,2021,31.1
M,15-24,ES,2021,34.0
M,15-24,FI,2021,17.8
M,15-24,FR,2021,19.0
M,15-24,HR,2021,18.3
M,15-24,HU,2021,12.2
M,15-24,IE,2021,14.5
M,15-24,IS,2021,13.2
M,15-24,IT,2021,27.7
M,15-24,LT,2021,14.0
M,15-24,LU,2021,17.7
M,15-24,LV,2021,14.9
M,15-24,MK,2021,34.1
M,15-24,MT,2021,12.9
M,15-24,NL,2021,9.7
M,15-24,NO,2021,13.4
M,15-24,PL,2021,11.6
M,15-24,PT,2021,20.9
M,15-24,RO,2021,20.9
M,15-24,RS,2021,24.2
M,15-24,SE,2021,25.2
M,15-24,SI,2021,11.5
M,15-24,SK,2021,19.8
M,15-24,TR,2021,19.5
M,15-29,AT,2021,8.7
M,15-29,BA,2021,27.5
M,15-29,BE,2021,13.9
M,15-29,BG,2021,11.0
M,15-29,CH,2021,6.8
M,15-29,CY,2021,15.5
M,15-29,CZ,2021,4.5
M,15-29,DE,2021,6.5
M,15-29,DK,2021,9.5
M,15-29,EE,2021,11.4
M,15-29,GR,2021,24.8
M,15-29,ES,2021,26.9
M,15-29,FI,2021,14.0
M,15-29,FR,2021,14.9
M,15-29,HR,2021,14.4
M,15-29,HU,2021,8.0
M,15-29,IE,2021,11.8
M,15-29,IS,2021,10.0
M,15-29,IT,2021,21.4
M,15-29,LT,2021,9.7
M,15-29,LU,2021,9.5
M,15-29,LV,2021,12.7
M,15-29,MK,2021,27.4
M,15-29,MT,2021,8.5
M,15-29,NL,2021,7.4
M,15-29,NO,2021,9.8
M,15-29,PL,2021,7.3
M,15-29,PT,2021,14.1
M,15-29,RO,2021,13.6
M,15-29,RS,2021,19.1
M,15-29,SE,2021,17.7
M,15-29,SI,2021,8.3
M,15-29,SK,2021,11.9
M,15-29,TR,2021,17.1
M,15-39,AT,2021,7.5
M,15-39,BA,2021,18.7
M,15-39,BE,2021,9.4
M,15-39,BG,2021,7.0
M,15-39,CH,2021,5.6
M,15-39,CY,2021,10.4
M,15-39,CZ,2021,3.1
M,15-39,DE,2021,5.1
M,15-39,DK,2021,7.0
M,15-39,EE,2021,7.1
M,15-39,GR,2021,16.8
M,15-39,ES,2021,18.6
M,15-39,FI,2021,10.3
M,15-39,FR,2021,10.8
M,15-39,HR,2021,10.4
M,15-39,HU,2021,5.3
M,15-39,IE,2021,8.4
M,15-39,IS,2021,7.4
M,15-39,IT,2021,13.8
M,15-39,LT,2021,7.9
M,15-39,LU,2021,5.6
M,15-39,LV,2021,9.6
M,15-39,MK,2021,20.9
M,15-39,MT,2021,5.2
M,15-39,NL,2021,5.2
M,15-39,NO,2021,7.0
M,15-39,PL,2021,4.5
M,15-39,PT,2021,10.1
M,15-39,RO,2021,8.5
M,15-39,RS,2021,14.0
M,15-39,SE,2021,11.7
M,15-39,SI,2021,5.9
M,15-39,SK,2021,8.7
M,15-39,TR,2021,13.0
M,15-59,AT,2021,6.4
M,15-59,BA,2021,14.7
M,15-59,BE,2021,6.7
M,15-59,BG,2021,5.5
M,15-59,CH,2021,4.9
M,15-59,CY,2021,7.5
M,15-59,CZ,2021,2.4
M,15-59,DE,2021,4.1
M,15-59,DK,2021,5.1
M,15-59,EE,2021,7.1
M,15-59,GR,2021,11.7
M,15-59,ES,2021,13.4
M,15-59,FI,2021,8.4
M,15-59,FR,2021,8.1
M,15-59,HR,2021,7.3
M,15-59,HU,2021,4.0
M,15-59,IE,2021,6.5
M,15-59,IS,2021,6.1
M,15-59,IT,2021,9.1
M,15-59,LT,2021,7.8
M,15-59,LU,2021,4.9
M,15-59,LV,2021,9.1
M,15-59,MK,2021,17.2
M,15-59,MT,2021,4.0
M,15-59,NL,2021,4.0
M,15-59,NO,2021,5.0
M,15-59,PL,2021,3.5
M,15-59,PT,2021,6.6
M,15-59,RO,2021,6.1
M,15-59,RS,2021,10.9
M,15-59,SE,2021,9.0
M,15-59,SI,2021,4.3
M,15-59,SK,2021,6.9
M,15-59,TR,2021,11.0
M,15-64,AT,2021,6.3
M,15-64,BA,2021,14.5
M,15-64,BE,2021,6.7
M,15-64,BG,2021,5.5
M,15-64,CH,2021,5.0
M,15-64,CY,2021,7.3
M,15-64,CZ,2021,2.4
M,15-64,DE,2021,4.0
M,15-64,DK,2021,5.1
M,15-64,EE,2021,7.1
M,15-64,GR,2021,11.5
M,15-64,ES,2021,13.3
M,15-64,FI,2021,8.4
M,15-64,FR,2021,8.0
M,15-64,HR,2021,7.1
M,15-64,HU,2021,3.9
M,15-64,IE,2021,6.5
M,15-64,IS,2021,5.9
M,15-64,IT,2021,8.9
M,15-64,LT,2021,7.9
M,15-64,LU,2021,5.0
M,15-64,LV,2021,8.8
M,15-64,MK,2021,17.0
M,15-64,MT,2021,4.0
M,15-64,NL,2021,4.0
M,15-64,NO,2021,4.8
M,15-64,PL,2021,3.4
M,15-64,PT,2021,6.7
M,15-64,RO,2021,6.0
M,15-64,RS,2021,10.7
M,15-64,SE,2021,8.9
M,15-64,SI,2021,4.3
M,15-64,SK,2021,6.8
M,15-64,TR,2021,10.9
M,15-74,AT,2021,6.3
M,15-74,BA,2021,14.4
M,15-74,BE,2021,6.6
M,15-74,BG,2021,5.4
M,15-74,CH,2021,4.9
M,15-74,CY,2021,7.0
M,15-74,CZ,2021,2.3
M,15-74,DE,2021,3.9
M,15-74,DK,2021,5.0
M,15-74,EE,2021,6.8
M,15-74,GR,2021,11.4
M,15-74,ES,2021,13.2
M,15-74,FI,2021,8.2
M,15-74,FR,2021,8.0
M,15-74,HR,2021,7.1
M,15-74,HU,2021,3.9
M,15-74,IE,2021,6.3
M,15-74,IS,2021,5.8
M,15-74,IT,2021,8.7
M,15-74,LT,2021,7.6
M,15-74,LU,2021,4.9
M,15-74,LV,2021,8.5
M,15-74,MK,2021,16.7
M,15-74,MT,2021,3.9
M,15-74,NL,2021,4.0
M,15-74,NO,2021,4.6
M,15-74,PL,2021,3.4
M,15-74,PT,2021,6.5
M,15-74,RO,2021,6.0
M,15-74,RS,2021,10.3
M,15-74,SE,2021,8.6
M,15-74,SI,2021,4.3
M,15-74,SK,2021,6.7
M,15-74,TR,2021,10.7
M,20-24,AT,2021,8.7
M,20-24,BA,2021,31.7
M,20-24,BE,2021,17.4
M,20-24,BG,2021,14.0
M,20-24,CH,2021,8.8
M,20-24,CY,2021,17.1
M,20-24,CZ,2021,5.3
M,20-24,DE,2021,7.0
M,20-24,DK,2021,8.8
M,20-24,EE,2021,15.0
M,20-24,GR,2021,28.8
M,20-24,ES,2021,30.7
M,20-24,FI,2021,14.4
M,20-24,FR,2021,18.2
M,20-24,HR,2021,15.2
M,20-24,HU,2021,9.7
M,20-24,IE,2021,12.9
M,20-24,IS,2021,11.9
M,20-24,IT,2021,24.5
M,20-24,LT,2021,13.3
M,20-24,LU,2021,12.4
M,20-24,LV,2021,13.2
M,20-24,MK,2021,33.2
M,20-24,MT,2021,11.0
M,20-24,NL,2021,7.7
M,20-24,NO,2021,9.7
M,20-24,PL,2021,11.1
M,20-24,PT,2021,19.5
M,20-24,RO,2021,17.0
M,20-24,RS,2021,22.4
M,20-24,SE,2021,18.6
M,20-24,SI,2021,10.7
M,20-24,SK,2021,18.0
M,20-24,TR,2021,20.8
M,20-29,AT,2021,7.5
M,20-29,BA,2021,25.9
M,20-29,BE,2021,12.5
M,20-29,BG,2021,10.1
M,20-29,CH,2021,6.6
M,20-29,CY,2021,15.0
M,20-29,CZ,2021,3.6
M,20-29,DE,2021,6.2
M,20-29,DK,2021,8.3
M,20-29,EE,2021,9.7
M,20-29,GR,2021,23.9
M,20-29,ES,2021,25.1
M,20-29,FI,2021,11.9
M,20-29,FR,2021,13.9
M,20-29,HR,2021,12.8
M,20-29,HU,2021,6.9
M,20-29,IE,2021,10.5
M,20-29,IS,2021,8.7
M,20-29,IT,2021,19.8
M,20-29,LT,2021,9.2
M,20-29,LU,2021,7.0
M,20-29,LV,2021,11.9
M,20-29,MK,2021,26.6
M,20-29,MT,2021,7.4
M,20-29,NL,2021,5.5
M,20-29,NO,2021,7.4
M,20-29,PL,2021,6.9
M,20-29,PT,2021,13.2
M,20-29,RO,2021,11.6
M,20-29,RS,2021,17.8
M,20-29,SE,2021,13.7
M,20-29,SI,2021,7.8
M,20-29,SK,2021,11.1
M,20-29,TR,2021,17.2
M,20-64,AT,2021,6.0
M,20-64,BA,2021,14.0
M,20-64,BE,2021,6.3
M,20-64,BG,2021,5.3
M,20-64,CH,2021,4.9
M,20-64,CY,2021,7.1
M,20-64,CZ,2021,2.2
M,20-64,DE,2021,3.9
M,20-64,DK,2021,4.6
M,20-64,EE,2021,6.7
M,20-64,GR,2021,11.2
M,20-64,ES,2021,12.9
M,20-64,FI,2021,7.8
M,20-64,FR,2021,7.7
M,20-64,HR,2021,6.8
M,20-64,HU,2021,3.7
M,20-64,IE,2021,6.0
M,20-64,IS,2021,5.4
M,20-64,IT,2021,8.5
M,20-64,LT,2021,7.8
M,20-64,LU,2021,4.4
M,20-64,LV,2021,8.6
M,20-64,MK,2021,16.7
M,20-64,MT,2021,3.7
M,20-64,NL,2021,3.3
M,20-64,NO,2021,4.0
M,20-64,PL,2021,3.4
M,20-64,PT,2021,6.5
M,20-64,RO,2021,5.6
M,20-64,RS,2021,10.3
M,20-64,SE,2021,7.8
M,20-64,SI,2021,4.2
M,20-64,SK,2021,6.6
M,20-64,TR,2021,10.6
M,25-29,AT,2021,6.7
M,25-29,BA,2021,21.4
M,25-29,BE,2021,9.9
M,25-29,BG,2021,8.4
M,25-29,CH,2021,5.1
M,25-29,CY,2021,13.9
M,25-29,CZ,2021,2.7
M,25-29,DE,2021,5.6
M,25-29,DK,2021,7.9
M,25-29,EE,2021,6.6
M,25-29,GR,2021,21.9
M,25-29,ES,2021,21.6
M,25-29,FI,2021,10.1
M,25-29,FR,2021,10.6
M,25-29,HR,2021,11.2
M,25-29,HU,2021,5.4
M,25-29,IE,2021,8.4
M,25-29,IS,2021,6.2
M,25-29,IT,2021,16.7
M,25-29,LT,2021,6.3
M,25-29,LU,2021,4.3
M,25-29,LV,2021,11.1
M,25-29,MK,2021,22.4
M,25-29,MT,2021,5.5
M,25-29,NL,2021,3.6
M,25-29,NO,2021,5.6
M,25-29,PL,2021,4.6
M,25-29,PT,2021,9.3
M,25-29,RO,2021,8.1
M,25-29,RS,2021,14.9
M,25-29,SE,2021,10.0
M,25-29,SI,2021,5.6
M,25-29,SK,2021,7.6
M,25-29,TR,2021,14.5
M,25-49,AT,2021,6.0
M,25-49,BA,2021,12.9
M,25-49,BE,2021,6.0
M,25-49,BG,2021,5.2
M,25-49,CH,2021,4.3
M,25-49,CY,2021,7.1
M,25-49,CZ,2021,2.1
M,25-49,DE,2021,4.0
M,25-49,DK,2021,4.3
M,25-49,EE,2021,5.8
M,25-49,GR,2021,11.9
M,25-49,ES,2021,12.3
M,25-49,FI,2021,7.1
M,25-49,FR,2021,7.0
M,25-49,HR,2021,6.8
M,25-49,HU,2021,3.4
M,25-49,IE,2021,5.2
M,25-49,IS,2021,5.1
M,25-49,IT,2021,8.7
M,25-49,LT,2021,6.5
M,25-49,LU,2021,3.6
M,25-49,LV,2021,8.7
M,25-49,MK,2021,15.8
M,25-49,MT,2021,3.2
M,25-49,NL,2021,2.7
M,25-49,NO,2021,4.0
M,25-49,PL,2021,2.9
M,25-49,PT,2021,5.7
M,25-49,RO,2021,5.1
M,25-49,RS,2021,10.2
M,25-49,SE,2021,6.6
M,25-49,SI,2021,3.8
M,25-49,SK,2021,6.3
M,25-49,TR,2021,9.6
M,25-54,AT,2021,5.8
M,25-54,BA,2021,12.7
M,25-54,BE,2021,5.7
M,25-54,BG,2021,5.0
M,25-54,CH,2021,4.4
M,25-54,CY,2021,6.7
M,25-54,CZ,2021,2.1
M,25-54,DE,2021,3.8
M,25-54,DK,2021,4.2
M,25-54,EE,2021,5.8
M,25-54,GR,2021,10.9
M,25-54,ES,2021,11.9
M,25-54,FI,2021,7.0
M,25-54,FR,2021,6.8
M,25-54,HR,2021,6.6
M,25-54,HU,2021,3.3
M,25-54,IE,2021,5.3
M,25-54,IS,2021,4.9
M,25-54,IT,2021,8.1
M,25-54,LT,2021,7.0
M,25-54,LU,2021,3.7
M,25-54,LV,2021,8.8
M,25-54,MK,2021,15.7
M,25-54,MT,2021,3.0
M,25-54,NL,2021,2.7
M,25-54,NO,2021,3.8
M,25-54,PL,2021,2.9
M,25-54,PT,2021,5.3
M,25-54,RO,2021,5.0
M,25-54,RS,2021,9.9
M,25-54,SE,2021,6.5
M,25-54,SI,2021,3.7
M,25-54,SK,2021,6.1
M,25-54,TR,2021,9.5
M,25-59,AT,2021,5.8
M,25-59,BA,2021,12.4
M,25-59,BE,2021,5.5
M,25-59,BG,2021,5.0
M,25-59,CH,2021,4.4
M,25-59,CY,2021,6.6
M,25-59,CZ,2021,2.1
M,25-59,DE,2021,3.6
M,25-59,DK,2021,4.1
M,25-59,EE,2021,6.1
M,25-59,GR,2021,10.6
M,25-59,ES,2021,11.8
M,25-59,FI,2021,7.0
M,25-59,FR,2021,6.7
M,25-59,HR,2021,6.1
M,25-59,HU,2021,3.4
M,25-59,IE,2021,5.3
M,25-59,IS,2021,4.7
M,25-59,IT,2021,7.7
M,25-59,LT,2021,7.3
M,25-59,LU,2021,3.8
M,25-59,LV,2021,8.6
M,25-59,MK,2021,15.6
M,25-59,MT,2021,3.0
M,25-59,NL,2021,2.7
M,25-59,NO,2021,3.5
M,25-59,PL,2021,2.9
M,25-59,PT,2021,5.3
M,25-59,RO,2021,4.9
M,25-59,RS,2021,9.6
M,25-59,SE,2021,6.7
M,25-59,SI,2021,3.7
M,25-59,SK,2021,6.0
M,25-59,TR,2021,9.5
M,25-64,AT,2021,5.8
M,25-64,BA,2021,12.4
M,25-64,BE,2021,5.6
M,25-64,BG,2021,5.0
M,25-64,CH,2021,4.5
M,25-64,CY,2021,6.5
M,25-64,CZ,2021,2.1
M,25-64,DE,2021,3.6
M,25-64,DK,2021,4.2
M,25-64,EE,2021,6.2
M,25-64,GR,2021,10.5
M,25-64,ES,2021,11.8
M,25-64,FI,2021,7.2
M,25-64,FR,2021,6.7
M,25-64,HR,2021,6.1
M,25-64,HU,2021,3.3
M,25-64,IE,2021,5.3
M,25-64,IS,2021,4.7
M,25-64,IT,2021,7.6
M,25-64,LT,2021,7.4
M,25-64,LU,2021,3.9
M,25-64,LV,2021,8.3
M,25-64,MK,2021,15.4
M,25-64,MT,2021,3.1
M,25-64,NL,2021,2.8
M,25-64,NO,2021,3.4
M,25-64,PL,2021,2.8
M,25-64,PT,2021,5.5
M,25-64,RO,2021,4.9
M,25-64,RS,2021,9.4
M,25-64,SE,2021,6.7
M,25-64,SI,2021,3.7
M,25-64,SK,2021,5.9
M,25-64,TR,2021,9.4
M,25-74,AT,2021,5.7
M,25-74,BA,2021,12.3
M,25-74,BE,2021,5.5
M,25-74,BG,2021,4.9
M,25-74,CH,2021,4.4
M,25-74,CY,2021,6.2
M,25-74,CZ,2021,2.0
M,25-74,DE,2021,3.6
M,25-74,DK,2021,4.2
M,25-74,EE,2021,6.0
M,25-74,GR,2021,10.4
M,25-74,ES,2021,11.8
M,25-74,FI,2021,7.0
M,25-74,FR,2021,6.7
M,25-74,HR,2021,6.0
M,25-74,HU,2021,3.3
M,25-74,IE,2021,5.2
M,25-74,IS,2021,4.6
M,25-74,IT,2021,7.5
M,25-74,LT,2021,7.1
M,25-74,LU,2021,3.9
M,25-74,LV,2021,8.1
M,25-74,MK,2021,15.2
M,25-74,MT,2021,3.0
M,25-74,NL,2021,2.9
M,25-74,NO,2021,3.3
M,25-74,PL,2021,2.8
M,25-74,PT,2021,5.4
M,25-74,RO,2021,4.8
M,25-74,RS,2021,9.1
M,25-74,SE,2021,6.6
M,25-74,SI,2021,3.7
M,25-74,SK,2021,5.8
M,25-74,TR,2021,9.2
M,30-34,AT,2021,7.5
M,30-34,BA,2021,13.2
M,30-34,BE,2021,6.4
M,30-34,BG,2021,5.4
M,30-34,CH,2021,4.5
M,30-34,CY,2021,6.8
M,30-34,CZ,2021,2.1
M,30-34,DE,2021,4.2
M,30-34,DK,2021,4.3
M,30-34,EE,2021,4.2
M,30-34,GR,2021,10.4
M,30-34,ES,2021,14.6
M,30-34,FI,2021,7.8
M,30-34,FR,2021,8.1
M,30-34,HR,2021,9.1
M,30-34,HU,2021,3.3
M,30-34,IE,2021,5.7
M,30-34,IS,2021,5.6
M,30-34,IT,2021,10.0
M,30-34,LT,2021,7.5
M,30-34,LU,2021,2.8
M,30-34,LV,2021,7.5
M,30-34,MK,2021,17.1
M,30-34,MT,2021,3.2
M,30-34,NL,2021,2.8
M,30-34,NO,2021,4.3
M,30-34,PL,2021,2.7
M,30-34,PT,2021,9.4
M,30-34,RO,2021,5.9
M,30-34,RS,2021,9.9
M,30-34,SE,2021,7.0
M,30-34,SI,2021,4.9
M,30-34,SK,2021,7.9
M,30-34,TR,2021,10.0
M,30-54,AT,2021,5.7
M,30-54,BA,2021,11.2
M,30-54,BE,2021,4.9
M,30-54,BG,2021,4.6
M,30-54,CH,2021,4.3
M,30-54,CY,2021,5.2
M,30-54,CZ,2021,2.0
M,30-54,DE,2021,3.5
M,30-54,DK,2021,3.4
M,30-54,EE,2021,5.7
M,30-54,GR,2021,9.2
M,30-54,ES,2021,10.6
M,30-54,FI,2021,6.4
M,30-54,FR,2021,6.1
M,30-54,HR,2021,5.8
M,30-54,HU,2021,3.0
M,30-54,IE,2021,4.8
M,30-54,IS,2021,4.6
M,30-54,IT,2021,7.0
M,30-54,LT,2021,7.2
M,30-54,LU,2021,3.5
M,30-54,LV,2021,8.5
M,30-54,MK,2021,14.5
M,30-54,MT,2021,2.5
M,30-54,NL,2021,2.5
M,30-54,NO,2021,3.5
M,30-54,PL,2021,2.6
M,30-54,PT,2021,4.7
M,30-54,RO,2021,4.5
M,30-54,RS,2021,9.0
M,30-54,SE,2021,5.8
M,30-54,SI,2021,3.4
M,30-54,SK,2021,5.8
M,30-54,TR,2021,8.5
M,30-64,AT,2021,5.7
M,30-64,BA,2021,11.1
M,30-64,BE,2021,4.9
M,30-64,BG,2021,4.7
M,30-64,CH,2021,4.5
M,30-64,CY,2021,5.3
M,30-64,CZ,2021,2.0
M,30-64,DE,2021,3.4
M,30-64,DK,2021,3.6
M,30-64,EE,2021,6.1
M,30-64,GR,2021,9.1
M,30-64,ES,2021,10.8
M,30-64,FI,2021,6.8
M,30-64,FR,2021,6.2
M,30-64,HR,2021,5.4
M,30-64,HU,2021,3.0
M,30-64,IE,2021,4.9
M,30-64,IS,2021,4.5
M,30-64,IT,2021,6.7
M,30-64,LT,2021,7.5
M,30-64,LU,2021,3.9
M,30-64,LV,2021,8.0
M,30-64,MK,2021,14.5
M,30-64,MT,2021,2.6
M,30-64,NL,2021,2.7
M,30-64,NO,2021,3.1
M,30-64,PL,2021,2.6
M,30-64,PT,2021,5.1
M,30-64,RO,2021,4.5
M,30-64,RS,2021,8.7
M,30-64,SE,2021,6.3
M,30-64,SI,2021,3.5
M,30-64,SK,2021,5.7
M,30-64,TR,2021,8.4
M,30-74,AT,2021,5.5
M,30-74,BA,2021,11.1
M,30-74,BE,2021,4.9
M,30-74,BG,2021,4.6
M,30-74,CH,2021,4.3
M,30-74,CY,2021,5.0
M,30-74,CZ,2021,1.9
M,30-74,DE,2021,3.3
M,30-74,DK,2021,3.6
M,30-74,EE,2021,5.9
M,30-74,GR,2021,9.1
M,30-74,ES,2021,10.7
M,30-74,FI,2021,6.6
M,30-74,FR,2021,6.2
M,30-74,HR,2021,5.4
M,30-74,HU,2021,3.0
M,30-74,IE,2021,4.8
M,30-74,IS,2021,4.4
M,30-74,IT,2021,6.6
M,30-74,LT,2021,7.2
M,30-74,LU,2021,3.8
M,30-74,LV,2021,7.7
M,30-74,MK,2021,14.2
M,30-74,MT,2021,2.5
M,30-74,NL,2021,2.7
M,30-74,NO,2021,3.0
M,30-74,PL,2021,2.5
M,30-74,PT,2021,4.9
M,30-74,RO,2021,4.5
M,30-74,RS,2021,8.4
M,30-74,SE,2021,6.1
M,30-74,SI,2021,3.5
M,30-74,SK,2021,5.6
M,30-74,TR,2021,8.3
M,35-39,AT,2021,5.3
M,35-39,BA,2021,11.0
M,35-39,BE,2021,5.3
M,35-39,BG,2021,4.7
M,35-39,CH,2021,4.3
M,35-39,CY,2021,6.8
M,35-39,CZ,2021,2.3
M,35-39,DE,2021,3.7
M,35-39,DK,2021,3.6
M,35-39,EE,2021,4.7
M,35-39,GR,2021,12.0
M,35-39,ES,2021,11.2
M,35-39,FI,2021,6.1
M,35-39,FR,2021,6.4
M,35-39,HR,2021,5.8
M,35-39,HU,2021,3.4
M,35-39,IE,2021,4.9
M,35-39,IT,2021,7.3
M,35-39,LT,2021,5.9
M,35-39,LU,2021,2.7
M,35-39,LV,2021,7.9
M,35-39,MK,2021,14.8
M,35-39,MT,2021,2.0
M,35-39,NL,2021,2.0
M,35-39,NO,2021,3.9
M,35-39,PL,2021,2.8
M,35-39,PT,2021,4.6
M,35-39,RO,2021,4.5
M,35-39,RS,2021,10.3
M,35-39,SE,2021,5.0
M,35-39,SI,2021,4.1
M,35-39,SK,2021,5.8
M,35-39,TR,2021,7.8
M,40-44,AT,2021,5.6
M,40-44,BA,2021,9.8
M,40-44,BE,2021,4.8
M,40-44,BG,2021,4.9
M,40-44,CH,2021,3.8
M,40-44,CY,2021,3.9
M,40-44,CZ,2021,2.2
M,40-44,DE,2021,3.7
M,40-44,DK,2021,2.8
M,40-44,EE,2021,6.2
M,40-44,GR,2021,9.1
M,40-44,ES,2021,9.4
M,40-44,FI,2021,5.4
M,40-44,FR,2021,5.4
M,40-44,HR,2021,4.7
M,40-44,HU,2021,2.9
M,40-44,IE,2021,3.8
M,40-44,IS,2021,6.2
M,40-44,IT,2021,7.0
M,40-44,LT,2021,5.4
M,40-44,LU,2021,4.5
M,40-44,LV,2021,8.9
M,40-44,MK,2021,12.4
M,40-44,MT,2021,3.1
M,40-44,NL,2021,2.7
M,40-44,NO,2021,3.9
M,40-44,PL,2021,2.4
M,40-44,PT,2021,3.5
M,40-44,RO,2021,4.3
M,40-44,RS,2021,8.3
M,40-44,SE,2021,6.1
M,40-44,SI,2021,2.9
M,40-44,SK,2021,6.7
M,40-44,TR,2021,7.9
M,40-59,AT,2021,5.2
M,40-59,BA,2021,10.5
M,40-59,BE,2021,4.3
M,40-59,BG,2021,4.4
M,40-59,CH,2021,4.3
M,40-59,CY,2021,4.3
M,40-59,CZ,2021,1.9
M,40-59,DE,2021,3.1
M,40-59,DK,2021,3.2
M,40-59,EE,2021,7.0
M,40-59,GR,2021,8.3
M,40-59,ES,2021,9.8
M,40-59,FI,2021,6.3
M,40-59,FR,2021,5.6
M,40-59,HR,2021,4.4
M,40-59,HU,2021,3.0
M,40-59,IE,2021,4.6
M,40-59,IS,2021,4.4
M,40-59,IT,2021,6.0
M,40-59,LT,2021,7.8
M,40-59,LU,2021,4.3
M,40-59,LV,2021,8.7
M,40-59,MK,2021,13.8
M,40-59,MT,2021,2.4
M,40-59,NL,2021,2.6
M,40-59,NO,2021,2.7
M,40-59,PL,2021,2.5
M,40-59,PT,2021,4.1
M,40-59,RO,2021,4.1
M,40-59,RS,2021,8.2
M,40-59,SE,2021,6.1
M,40-59,SI,2021,2.9
M,40-59,SK,2021,5.3
M,40-59,TR,2021,8.3
M,40-64,AT,2021,5.3
M,40-64,BA,2021,10.6
M,40-64,BE,2021,4.5
M,40-64,BG,2021,4.5
M,40-64,CH,2021,4.5
M,40-64,CY,2021,4.4
M,40-64,CZ,2021,1.9
M,40-64,DE,2021,3.2
M,40-64,DK,2021,3.5
M,40-64,EE,2021,7.0
M,40-64,GR,2021,8.3
M,40-64,ES,2021,10.1
M,40-64,FI,2021,6.8
M,40-64,FR,2021,5.8
M,40-64,HR,2021,4.5
M,40-64,HU,2021,2.9
M,40-64,IE,2021,4.8
M,40-64,IS,2021,4.4
M,40-64,IT,2021,6.0
M,40-64,LT,2021,7.9
M,40-64,LU,2021,4.5
M,40-64,LV,2021,8.2
M,40-64,MK,2021,13.9
M,40-64,MT,2021,2.6
M,40-64,NL,2021,2.8
M,40-64,NO,2021,2.7
M,40-64,PL,2021,2.5
M,40-64,PT,2021,4.5
M,40-64,RO,2021,4.1
M,40-64,RS,2021,8.1
M,40-64,SE,2021,6.4
M,40-64,SI,2021,3.1
M,40-64,SK,2021,5.1
M,40-64,TR,2021,8.2
M,45-49,AT,2021,4.6
M,45-49,BA,2021,10.3
M,45-49,BE,2021,3.8
M,45-49,BG,2021,4.2
M,45-49,CH,2021,4.1
M,45-49,CY,2021,3.8
M,45-49,CZ,2021,1.3
M,45-49,DE,2021,3.0
M,45-49,DK,2021,2.8
M,45-49,EE,2021,7.5
M,45-49,GR,2021,8.4
M,45-49,ES,2021,8.9
M,45-49,FI,2021,6.1
M,45-49,FR,2021,5.2
M,45-49,HR,2021,4.5
M,45-49,HU,2021,2.5
M,45-49,IE,2021,4.1
M,45-49,IT,2021,5.9
M,45-49,LT,2021,7.2
M,45-49,LU,2021,3.9
M,45-49,LV,2021,8.9
M,45-49,MK,2021,13.5
M,45-49,NL,2021,2.2
M,45-49,PL,2021,2.2
M,45-49,PT,2021,3.7
M,45-49,RO,2021,3.8
M,45-49,RS,2021,8.4
M,45-49,SE,2021,4.9
M,45-49,SI,2021,2.5
M,45-49,SK,2021,3.9
M,45-49,TR,2021,8.1
M,50-54,AT,2021,5.3
M,50-54,BA,2021,11.7
M,50-54,BE,2021,4.2
M,50-54,BG,2021,4.1
M,50-54,CH,2021,4.5
M,50-54,CY,2021,4.1
M,50-54,CZ,2021,2.0
M,50-54,DE,2021,2.8
M,50-54,DK,2021,3.4
M,50-54,EE,2021,6.1
M,50-54,GR,2021,6.9
M,50-54,ES,2021,10.1
M,50-54,FI,2021,6.8
M,50-54,FR,2021,5.7
M,50-54,HR,2021,5.1
M,50-54,HU,2021,3.1
M,50-54,IE,2021,5.5
M,50-54,IT,2021,5.9
M,50-54,LT,2021,9.9
M,50-54,LU,2021,3.8
M,50-54,LV,2021,9.5
M,50-54,MK,2021,15.1
M,50-54,NL,2021,2.6
M,50-54,PL,2021,2.8
M,50-54,PT,2021,3.9
M,50-54,RO,2021,4.2
M,50-54,RS,2021,8.2
M,50-54,SE,2021,5.7
M,50-54,SI,2021,3.0
M,50-54,SK,2021,4.4
M,50-54,TR,2021,8.7
M,50-59,AT,2021,5.3
M,50-59,BA,2021,11.0
M,50-59,BE,2021,4.4
M,50-59,BG,2021,4.3
M,50-59,CH,2021,4.6
M,50-59,CY,2021,4.7
M,50-59,CZ,2021,2.0
M,50-59,DE,2021,2.9
M,50-59,DK,2021,3.5
M,50-59,EE,2021,7.2
M,50-59,GR,2021,7.7
M,50-59,ES,2021,10.6
M,50-59,FI,2021,7.0
M,50-59,FR,2021,5.9
M,50-59,HR,2021,4.2
M,50-59,HU,2021,3.4
M,50-59,IE,2021,5.5
M,50-59,IS,2021,3.6
M,50-59,IT,2021,5.7
M,50-59,LT,2021,9.4
M,50-59,LU,2021,4.3
M,50-59,LV,2021,8.4
M,50-59,MK,2021,14.8
M,50-59,MT,2021,2.0
M,50-59,NL,2021,2.8
M,50-59,NO,2021,2.2
M,50-59,PL,2021,2.8
M,50-59,PT,2021,4.6
M,50-59,RO,2021,4.2
M,50-59,RS,2021,7.9
M,50-59,SE,2021,6.8
M,50-59,SI,2021,3.2
M,50-59,SK,2021,5.1
M,50-59,TR,2021,8.8
M,50-64,AT,2021,5.5
M,50-64,BA,2021,11.1
M,50-64,BE,2021,4.7
M,50-64,BG,2021,4.6
M,50-64,CH,2021,4.9
M,50-64,CY,2021,4.9
M,50-64,CZ,2021,2.0
M,50-64,DE,2021,3.1
M,50-64,DK,2021,3.9
M,50-64,EE,2021,7.1
M,50-64,GR,2021,7.9
M,50-64,ES,2021,11.0
M,50-64,FI,2021,7.6
M,50-64,FR,2021,6.1
M,50-64,HR,2021,4.4
M,50-64,HU,2021,3.1
M,50-64,IE,2021,5.5
M,50-64,IS,2021,3.8
M,50-64,IT,2021,5.8
M,50-64,LT,2021,9.1
M,50-64,LU,2021,4.7
M,50-64,LV,2021,7.6
M,50-64,MK,2021,14.6
M,50-64,MT,2021,2.5
M,50-64,NL,2021,3.1
M,50-64,NO,2021,2.3
M,50-64,PL,2021,2.8
M,50-64,PT,2021,5.3
M,50-64,RO,2021,4.2
M,50-64,RS,2021,7.8
M,50-64,SE,2021,7.0
M,50-64,SI,2021,3.5
M,50-64,SK,2021,4.8
M,50-64,TR,2021,8.4
M,50-74,AT,2021,5.2
M,50-74,BA,2021,11.0
M,50-74,BE,2021,4.6
M,50-74,BG,2021,4.4
M,50-74,CH,2021,4.5
M,50-74,CY,2021,4.3
M,50-74,CZ,2021,1.9
M,50-74,DE,2021,3.0
M,50-74,DK,2021,3.9
M,50-74,EE,2021,6.3
M,50-74,GR,2021,7.9
M,50-74,ES,2021,10.8
M,50-74,FI,2021,6.9
M,50-74,FR,2021,6.1
M,50-74,HR,2021,4.4
M,50-74,HU,2021,3.1
M,50-74,IE,2021,5.1
M,50-74,IS,2021,3.7
M,50-74,IT,2021,5.5
M,50-74,LT,2021,8.2
M,50-74,LU,2021,4.5
M,50-74,LV,2021,6.8
M,50-74,MK,2021,14.0
M,50-74,MT,2021,2.2
M,50-74,NL,2021,3.1
M,50-74,NO,2021,2.2
M,50-74,PL,2021,2.6
M,50-74,PT,2021,4.9
M,50-74,RO,2021,4.2
M,50-74,RS,2021,7.0
M,50-74,SE,2021,6.5
M,50-74,SI,2021,3.5
M,50-74,SK,2021,4.6
M,50-74,TR,2021,7.9
M,55-59,AT,2021,5.4
M,55-59,BA,2021,10.1
M,55-59,BE,2021,4.6
M,55-59,BG,2021,4.6
M,55-59,CH,2021,4.7
M,55-59,CY,2021,5.3
M,55-59,CZ,2021,2.1
M,55-59,DE,2021,3.0
M,55-59,DK,2021,3.7
M,55-59,EE,2021,8.4
M,55-59,GR,2021,8.9
M,55-59,ES,2021,11.3
M,55-59,FI,2021,7.1
M,55-59,FR,2021,6.0
M,55-59,HR,2021,3.2
M,55-59,HU,2021,3.8
M,55-59,IE,2021,5.4
M,55-59,IT,2021,5.5
M,55-59,LT,2021,8.8
M,55-59,LU,2021,5.1
M,55-59,LV,2021,7.2
M,55-59,MK,2021,14.5
M,55-59,NL,2021,2.9
M,55-59,PL,2021,2.9
M,55-59,PT,2021,5.3
M,55-59,RO,2021,4.2
M,55-59,RS,2021,7.6
M,55-59,SE,2021,8.0
M,55-59,SI,2021,3.4
M,55-59,SK,2021,5.8
M,55-59,TR,2021,8.9
M,55-64,AT,2021,5.6
M,55-64,BA,2021,10.6
M,55-64,BE,2021,5.1
M,55-64,BG,2021,4.9
M,55-64,CH,2021,5.1
M,55-64,CY,2021,5.3
M,55-64,CZ,2021,2.0
M,55-64,DE,2021,3.3
M,55-64,DK,2021,4.3
M,55-64,EE,2021,7.8
M,55-64,GR,2021,8.8
M,55-64,ES,2021,11.7
M,55-64,FI,2021,8.0
M,55-64,FR,2021,6.5
M,55-64,HR,2021,3.9
M,55-64,HU,2021,3.2
M,55-64,IE,2021,5.6
M,55-64,IS,2021,4.1
M,55-64,IT,2021,5.6
M,55-64,LT,2021,8.7
M,55-64,LU,2021,5.6
M,55-64,LV,2021,6.4
M,55-64,MK,2021,14.3
M,55-64,MT,2021,3.2
M,55-64,NL,2021,3.3
M,55-64,NO,2021,2.0
M,55-64,PL,2021,2.8
M,55-64,PT,2021,6.2
M,55-64,RO,2021,4.2
M,55-64,RS,2021,7.5
M,55-64,SE,2021,7.8
M,55-64,SI,2021,3.8
M,55-64,SK,2021,5.1
M,55-64,TR,2021,8.1
M,60-64,AT,2021,6.0
M,60-64,BA,2021,11.6
M,60-64,BE,2021,6.0
M,60-64,BG,2021,5.2
M,60-64,CH,2021,5.6
M,60-64,CY,2021,5.2
M,60-64,CZ,2021,1.9
M,60-64,DE,2021,3.8
M,60-64,DK,2021,5.1
M,60-64,EE,2021,7.1
M,60-64,GR,2021,8.6
M,60-64,ES,2021,12.5
M,60-64,FI,2021,9.3
M,60-64,FR,2021,7.5
M,60-64,HR,2021,5.1
M,60-64,HU,2021,2.5
M,60-64,IT,2021,6.0
M,60-64,LT,2021,8.5
M,60-64,MK,2021,14.1
M,60-64,NL,2021,3.9
M,60-64,PL,2021,2.6
M,60-64,PT,2021,7.7
M,60-64,RO,2021,4.3
M,60-64,RS,2021,7.3
M,60-64,SE,2021,7.7
M,60-64,SI,2021,4.7
M,60-64,TR,2021,6.9
M,65-69,DK,2021,4.1
M,65-69,GR,2021,9.4
M,65-69,ES,2021,6.0
M,65-69,IT,2021,3.9
M,65-69,NL,2021,3.2
M,65-69,TR,2021,5.4
M,65-74,BA,2021,8.7
M,65-74,DK,2021,3.7
M,65-74,GR,2021,8.2
M,65-74,ES,2021,5.5
M,65-74,FR,2021,4.4
M,65-74,IT,2021,3.1
M,65-74,NL,2021,3.4
M,65-74,SE,2021,3.2
M,65-74,TR,2021,4.3
M,70-74,NL,2021,3.8
M,70-74,TR,2021,1.8
F,15-19,AT,2022,15.7
F,15-19,BA,2022,54.7
F,15-19,BE,2022,18.6
F,15-19,CH,2022,8.0
F,15-19,CY,2022,28.7
F,15-19,CZ,2022,22.2
F,15-19,DE,2022,8.6
F,15-19,DK,2022,11.4
F,15-19,EE,2022,24.9
F,15-19,GR,2022,54.7
F,15-19,ES,2022,44.5
F,15-19,FI,2022,21.6
F,15-19,FR,2022,24.4
F,15-19,HR,2022,52.6
F,15-19,HU,2022,26.6
F,15-19,IE,2022,13.6
F,15-19,IT,2022,45.5
F,15-19,LU,2022,36.4
F,15-19,MK,2022,48.8
F,15-19,NL,2022,11.1
F,15-19,NO,2022,12.9
F,15-19,PT,2022,42.0
F,15-19,RO,2022,50.0
F,15-19,RS,2022,43.7
F,15-19,SE,2022,34.2
F,15-19,TR,2022,20.5
F,15-24,AT,2022,9.5
F,15-24,BA,2022,42.1
F,15-24,BE,2022,14.4
F,15-24,BG,2022,10.4
F,15-24,CH,2022,6.8
F,15-24,CY,2022,18.0
F,15-24,CZ,2022,7.9
F,15-24,DE,2022,5.5
F,15-24,DK,2022,10.5
F,15-24,EE,2022,16.5
F,15-24,GR,2022,38.8
F,15-24,ES,2022,30.9
F,15-24,FI,2022,14.0
F,15-24,FR,2022,16.0
F,15-24,HR,2022,22.1
F,15-24,HU,2022,9.6
F,15-24,IE,2022,9.9
F,15-24,IS,2022,5.6
F,15-24,IT,2022,25.8
F,15-24,LT,2022,10.4
F,15-24,LU,2022,18.5
F,15-24,LV,2022,10.2
F,15-24,MK,2022,38.2
F,15-24,MT,2022,6.0
F,15-24,NL,2022,8.0
F,15-24,NO,2022,8.8
F,15-24,PL,2022,11.2
F,15-24,PT,2022,20.5
F,15-24,RO,2022,24.9
F,15-24,RS,2022,26.0
F,15-24,SE,2022,23.5
F,15-24,SI,2022,12.0
F,15-24,SK,2022,21.7
F,15-24,TR,2022,25.4
F,15-29,AT,2022,7.1
F,15-29,BA,2022,33.6
F,15-29,BE,2022,9.9
F,15-29,BG,2022,6.9
F,15-29,CH,2022,5.8
F,15-29,CY,2022,13.9
F,15-29,CZ,2022,5.3
F,15-29,DE,2022,4.5
F,15-29,DK,2022,8.6
F,15-29,EE,2022,10.0
F,15-29,GR,2022,29.2
F,15-29,ES,2022,23.2
F,15-29,FI,2022,11.1
F,15-29,FR,2022,12.7
F,15-29,HR,2022,18.5
F,15-29,HU,2022,6.2
F,15-29,IE,2022,8.0
F,15-29,IS,2022,6.4
F,15-29,IT,2022,19.6
F,15-29,LT,2022,8.0
F,15-29,LU,2022,9.8
F,15-29,LV,2022,8.3
F,15-29,MK,2022,24.9
F,15-29,MT,2022,5.4
F,15-29,NL,2022,6.3
F,15-29,NO,2022,6.4
F,15-29,PL,2022,6.9
F,15-29,PT,2022,13.8
F,15-29,RO,2022,13.7
F,15-29,RS,2022,18.3
F,15-29,SE,2022,16.5
F,15-29,SI,2022,9.8
F,15-29,SK,2022,11.5
F,15-29,TR,2022,22.5
F,15-39,AT,2022,5.9
F,15-39,BA,2022,25.0
F,15-39,BE,2022,7.5
F,15-39,BG,2022,5.2
F,15-39,CH,2022,5.3
F,15-39,CY,2022,9.1
F,15-39,CZ,2022,3.9
F,15-39,DE,2022,3.7
F,15-39,DK,2022,6.6
F,15-39,EE,2022,7.2
F,15-39,GR,2022,22.3
F,15-39,ES,2022,17.7
F,15-39,FI,2022,8.1
F,15-39,FR,2022,9.4
F,15-39,HR,2022,11.3
F,15-39,HU,2022,4.7
F,15-39,IE,2022,5.9
F,15-39,IS,2022,4.6
F,15-39,IT,2022,14.4
F,15-39,LT,2022,5.9
F,15-39,LU,2022,5.6
F,15-39,LV,2022,6.3
F,15-39,MK,2022,17.3
F,15-39,MT,2022,4.2
F,15-39,NL,2022,5.0
F,15-39,NO,2022,4.5
F,15-39,PL,2022,4.2
F,15-39,PT,2022,9.3
F,15-39,RO,2022,7.6
F,15-39,RS,2022,13.5
F,15-39,SE,2022,11.5
F,15-39,SI,2022,6.7
F,15-39,SK,2022,7.7
F,15-39,TR,2022,17.9
F,15-59,AT,2022,4.7
F,15-59,BA,2022,20.4
F,15-59,BE,2022,5.3
F,15-59,BG,2022,4.2
F,15-59,CH,2022,4.6
F,15-59,CY,2022,7.1
F,15-59,CZ,2022,2.9
F,15-59,DE,2022,2.9
F,15-59,DK,2022,4.6
F,15-59,EE,2022,5.5
F,15-59,GR,2022,16.9
F,15-59,ES,2022,15.1
F,15-59,FI,2022,6.5
F,15-59,FR,2022,7.2
F,15-59,HR,2022,8.2
F,15-59,HU,2022,3.5
F,15-59,IE,2022,4.7
F,15-59,IS,2022,3.6
F,15-59,IT,2022,9.8
F,15-59,LT,2022,5.7
F,15-59,LU,2022,4.6
F,15-59,LV,2022,5.9
F,15-59,MK,2022,13.1
F,15-59,MT,2022,3.2
F,15-59,NL,2022,3.8
F,15-59,NO,2022,3.3
F,15-59,PL,2022,3.0
F,15-59,PT,2022,6.7
F,15-59,RO,2022,5.2
F,15-59,RS,2022,10.7
F,15-59,SE,2022,8.3
F,15-59,SI,2022,4.2
F,15-59,SK,2022,6.7
F,15-59,TR,2022,14.0
F,15-64,AT,2022,4.6
F,15-64,BA,2022,19.9
F,15-64,BE,2022,5.3
F,15-64,BG,2022,4.0
F,15-64,CH,2022,4.5
F,15-64,CY,2022,6.9
F,15-64,CZ,2022,2.8
F,15-64,DE,2022,2.9
F,15-64,DK,2022,4.5
F,15-64,EE,2022,5.4
F,15-64,GR,2022,16.6
F,15-64,ES,2022,15.0
F,15-64,FI,2022,6.5
F,15-64,FR,2022,7.2
F,15-64,HR,2022,7.9
F,15-64,HU,2022,3.5
F,15-64,IE,2022,4.6
F,15-64,IS,2022,3.5
F,15-64,IT,2022,9.5
F,15-64,LT,2022,5.7
F,15-64,LU,2022,4.7
F,15-64,LV,2022,5.8
F,15-64,MK,2022,12.6
F,15-64,MT,2022,3.1
F,15-64,NL,2022,3.8
F,15-64,NO,2022,3.2
F,15-64,PL,2022,3.0
F,15-64,PT,2022,6.7
F,15-64,RO,2022,5.1
F,15-64,RS,2022,10.3
F,15-64,SE,2022,8.1
F,15-64,SI,2022,4.3
F,15-64,SK,2022,6.5
F,15-64,TR,2022,13.8
F,15-74,AT,2022,4.5
F,15-74,BA,2022,19.8
F,15-74,BE,2022,5.3
F,15-74,BG,2022,3.9
F,15-74,CH,2022,4.4
F,15-74,CY,2022,6.8
F,15-74,CZ,2022,2.8
F,15-74,DE,2022,2.9
F,15-74,DK,2022,4.5
F,15-74,EE,2022,5.1
F,15-74,GR,2022,16.4
F,15-74,ES,2022,14.9
F,15-74,FI,2022,6.4
F,15-74,FR,2022,7.1
F,15-74,HR,2022,7.9
F,15-74,HU,2022,3.5
F,15-74,IE,2022,4.6
F,15-74,IS,2022,3.4
F,15-74,IT,2022,9.4
F,15-74,LT,2022,5.5
F,15-74,LU,2022,4.7
F,15-74,LV,2022,5.6
F,15-74,MK,2022,12.5
F,15-74,MT,2022,3.1
F,15-74,NL,2022,3.8
F,15-74,NO,2022,3.1
F,15-74,PL,2022,2.9
F,15-74,PT,2022,6.6
F,15-74,RO,2022,5.1
F,15-74,RS,2022,10.1
F,15-74,SE,2022,7.9
F,15-74,SI,2022,4.3
F,15-74,SK,2022,6.4
F,15-74,TR,2022,13.5
F,20-24,AT,2022,7.0
F,20-24,BA,2022,41.3
F,20-24,BE,2022,13.1
F,20-24,BG,2022,8.9
F,20-24,CH,2022,6.1
F,20-24,CY,2022,16.6
F,20-24,CZ,2022,5.7
F,20-24,DE,2022,4.4
F,20-24,DK,2022,9.9
F,20-24,EE,2022,14.0
F,20-24,GR,2022,36.6
F,20-24,ES,2022,28.0
F,20-24,FI,2022,9.1
F,20-24,FR,2022,13.7
F,20-24,HR,2022,17.5
F,20-24,HU,2022,7.7
F,20-24,IE,2022,8.1
F,20-24,IT,2022,22.9
F,20-24,LT,2022,9.3
F,20-24,LU,2022,12.7
F,20-24,LV,2022,10.0
F,20-24,MK,2022,37.3
F,20-24,NL,2022,5.5
F,20-24,NO,2022,5.8
F,20-24,PL,2022,10.2
F,20-24,PT,2022,17.1
F,20-24,RO,2022,20.9
F,20-24,RS,2022,22.5
F,20-24,SE,2022,16.0
F,20-24,SI,2022,11.3
F,20-24,SK,2022,16.9
F,20-24,TR,2022,27.1
F,20-29,AT,2022,5.7
F,20-29,BA,2022,33.2
F,20-29,BE,2022,9.0
F,20-29,BG,2022,6.3
F,20-29,CH,2022,5.2
F,20-29,CY,2022,13.3
F,20-29,CZ,2022,4.4
F,20-29,DE,2022,3.8
F,20-29,DK,2022,7.8
F,20-29,EE,2022,8.1
F,20-29,GR,2022,28.0
F,20-29,ES,2022,21.5
F,20-29,FI,2022,8.3
F,20-29,FR,2022,11.2
F,20-29,HR,2022,16.6
F,20-29,HU,2022,5.4
F,20-29,IE,2022,6.7
F,20-29,IS,2022,6.1
F,20-29,IT,2022,18.3
F,20-29,LT,2022,7.4
F,20-29,LU,2022,7.2
F,20-29,LV,2022,8.1
F,20-29,MK,2022,24.2
F,20-29,MT,2022,4.5
F,20-29,NL,2022,4.4
F,20-29,NO,2022,4.3
F,20-29,PL,2022,6.4
F,20-29,PT,2022,12.2
F,20-29,RO,2022,11.8
F,20-29,RS,2022,16.6
F,20-29,SE,2022,11.5
F,20-29,SI,2022,9.3
F,20-29,SK,2022,9.9
F,20-29,TR,2022,22.8
F,20-64,AT,2022,4.2
F,20-64,BA,2022,19.7
F,20-64,BE,2022,5.0
F,20-64,BG,2022,3.9
F,20-64,CH,2022,4.3
F,20-64,CY,2022,6.7
F,20-64,CZ,2022,2.7
F,20-64,DE,2022,2.8
F,20-64,DK,2022,4.1
F,20-64,EE,2022,5.0
F,20-64,GR,2022,16.4
F,20-64,ES,2022,14.7
F,20-64,FI,2022,5.7
F,20-64,FR,2022,6.8
F,20-64,HR,2022,7.5
F,20-64,HU,2022,3.4
F,20-64,IE,2022,4.2
F,20-64,IS,2022,3.2
F,20-64,IT,2022,9.2
F,20-64,LT,2022,5.6
F,20-64,LU,2022,4.1
F,20-64,LV,2022,5.8
F,20-64,MK,2022,12.4
F,20-64,MT,2022,2.8
F,20-64,NL,2022,3.1
F,20-64,NO,2022,2.5
F,20-64,PL,2022,2.9
F,20-64,PT,2022,6.4
F,20-64,RO,2022,4.7
F,20-64,RS,2022,10.0
F,20-64,SE,2022,6.7
F,20-64,SI,2022,4.1
F,20-64,SK,2022,6.2
F,20-64,TR,2022,13.5
F,25-29,AT,2022,4.8
F,25-29,BA,2022,28.4
F,25-29,BE,2022,6.9
F,25-29,BG,2022,5.2
F,25-29,CH,2022,4.6
F,25-29,CY,2022,11.7
F,25-29,CZ,2022,3.6
F,25-29,DE,2022,3.4
F,25-29,DK,2022,6.0
F,25-29,EE,2022,3.6
F,25-29,GR,2022,23.9
F,25-29,ES,2022,17.6
F,25-29,FI,2022,7.8
F,25-29,FR,2022,9.3
F,25-29,HR,2022,16.0
F,25-29,HU,2022,4.3
F,25-29,IE,2022,5.4
F,25-29,IS,2022,7.7
F,25-29,IT,2022,15.6
F,25-29,LT,2022,6.1
F,25-29,LU,2022,4.7
F,25-29,LV,2022,6.7
F,25-29,MK,2022,17.8
F,25-29,MT,2022,5.0
F,25-29,NL,2022,3.3
F,25-29,PL,2022,4.4
F,25-29,PT,2022,9.5
F,25-29,RO,2022,7.2
F,25-29,RS,2022,13.6
F,25-29,SE,2022,8.5
F,25-29,SI,2022,7.9
F,25-29,SK,2022,7.2
F,25-29,TR,2022,19.3
F,25-49,AT,2022,4.3
F,25-49,BA,2022,19.3
F,25-49,BE,2022,5.1
F,25-49,BG,2022,4.0
F,25-49,CH,2022,4.5
F,25-49,CY,2022,6.5
F,25-49,CZ,2022,2.8
F,25-49,DE,2022,2.9
F,25-49,DK,2022,4.0
F,25-49,EE,2022,4.6
F,25-49,GR,2022,17.2
F,25-49,ES,2022,13.8
F,25-49,FI,2022,5.4
F,25-49,FR,2022,6.6
F,25-49,HR,2022,7.2
F,25-49,HU,2022,3.2
F,25-49,IE,2022,4.0
F,25-49,IS,2022,3.4
F,25-49,IT,2022,10.2
F,25-49,LT,2022,5.0
F,25-49,LU,2022,3.3
F,25-49,LV,2022,5.8
F,25-49,MK,2022,12.2
F,25-49,MT,2022,3.0
F,25-49,NL,2022,2.8
F,25-49,NO,2022,2.5
F,25-49,PL,2022,2.7
F,25-49,PT,2022,5.8
F,25-49,RO,2022,4.2
F,25-49,RS,2022,10.4
F,25-49,SE,2022,6.4
F,25-49,SI,2022,4.1
F,25-49,SK,2022,6.1
F,25-49,TR,2022,12.8
F,25-54,AT,2022,4.2
F,25-54,BA,2022,19.1
F,25-54,BE,2022,4.7
F,25-54,BG,2022,4.0
F,25-54,CH,2022,4.4
F,25-54,CY,2022,6.4
F,25-54,CZ,2022,2.6
F,25-54,DE,2022,2.7
F,25-54,DK,2022,3.7
F,25-54,EE,2022,4.3
F,25-54,GR,2022,16.1
F,25-54,ES,2022,13.9
F,25-54,FI,2022,5.4
F,25-54,FR,2022,6.3
F,25-54,HR,2022,7.3
F,25-54,HU,2022,3.2
F,25-54,IE,2022,3.9
F,25-54,IS,2022,3.3
F,25-54,IT,2022,9.5
F,25-54,LT,2022,5.0
F,25-54,LU,2022,3.4
F,25-54,LV,2022,5.8
F,25-54,MK,2022,11.6
F,25-54,MT,2022,3.0
F,25-54,NL,2022,2.7
F,25-54,NO,2022,2.4
F,25-54,PL,2022,2.6
F,25-54,PT,2022,5.8
F,25-54,RO,2022,4.1
F,25-54,RS,2022,9.7
F,25-54,SE,2022,6.1
F,25-54,SI,2022,3.8
F,25-54,SK,2022,6.1
F,25-54,TR,2022,12.2
F,25-59,AT,2022,4.1
F,25-59,BA,2022,18.6
F,25-59,BE,2022,4.5
F,25-59,BG,2022,3.9
F,25-59,CH,2022,4.2
F,25-59,CY,2022,6.3
F,25-59,CZ,2022,2.6
F,25-59,DE,2022,2.6
F,25-59,DK,2022,3.5
F,25-59,EE,2022,4.3
F,25-59,GR,2022,15.5
F,25-59,ES,2022,13.8
F,25-59,FI,2022,5.3
F,25-59,FR,2022,6.1
F,25-59,HR,2022,7.1
F,25-59,HU,2022,3.1
F,25-59,IE,2022,3.8
F,25-59,IS,2022,3.2
F,25-59,IT,2022,8.8
F,25-59,LT,2022,5.3
F,25-59,LU,2022,3.4
F,25-59,LV,2022,5.5
F,25-59,MK,2022,11.2
F,25-59,MT,2022,2.9
F,25-59,NL,2022,2.7
F,25-59,NO,2022,2.2
F,25-59,PL,2022,2.5
F,25-59,PT,2022,5.7
F,25-59,RO,2022,4.0
F,25-59,RS,2022,9.6
F,25-59,SE,2022,5.9
F,25-59,SI,2022,3.6
F,25-59,SK,2022,6.0
F,25-59,TR,2022,11.8
F,25-64,AT,2022,4.0
F,25-64,BA,2022,18.1
F,25-64,BE,2022,4.5
F,25-64,BG,2022,3.8
F,25-64,CH,2022,4.2
F,25-64,CY,2022,6.1
F,25-64,CZ,2022,2.6
F,25-64,DE,2022,2.6
F,25-64,DK,2022,3.5
F,25-64,EE,2022,4.3
F,25-64,GR,2022,15.3
F,25-64,ES,2022,13.9
F,25-64,FI,2022,5.5
F,25-64,FR,2022,6.1
F,25-64,HR,2022,6.9
F,25-64,HU,2022,3.1
F,25-64,IE,2022,3.8
F,25-64,IS,2022,3.1
F,25-64,IT,2022,8.5
F,25-64,LT,2022,5.4
F,25-64,LU,2022,3.6
F,25-64,LV,2022,5.5
F,25-64,MK,2022,10.8
F,25-64,MT,2022,2.8
F,25-64,NL,2022,2.8
F,25-64,NO,2022,2.1
F,25-64,PL,2022,2.4
F,25-64,PT,2022,5.8
F,25-64,RO,2022,3.9
F,25-64,RS,2022,9.3
F,25-64,SE,2022,5.9
F,25-64,SI,2022,3.7
F,25-64,SK,2022,5.8
F,25-64,TR,2022,11.5
F,25-74,AT,2022,3.9
F,25-74,BA,2022,18.0
F,25-74,BE,2022,4.5
F,25-74,BG,2022,3.7
F,25-74,CH,2022,4.1
F,25-74,CY,2022,6.0
F,25-74,CZ,2022,2.5
F,25-74,DE,2022,2.6
F,25-74,DK,2022,3.5
F,25-74,EE,2022,4.0
F,25-74,GR,2022,15.2
F,25-74,ES,2022,13.8
F,25-74,FI,2022,5.4
F,25-74,FR,2022,6.1
F,25-74,HR,2022,6.8
F,25-74,HU,2022,3.1
F,25-74,IE,2022,3.8
F,25-74,IS,2022,3.0
F,25-74,IT,2022,8.4
F,25-74,LT,2022,5.2
F,25-74,LU,2022,3.6
F,25-74,LV,2022,5.3
F,25-74,MK,2022,10.7
F,25-74,MT,2022,2.8
F,25-74,NL,2022,2.9
F,25-74,NO,2022,2.1
F,25-74,PL,2022,2.4
F,25-74,PT,2022,5.7
F,25-74,RO,2022,3.9
F,25-74,RS,2022,9.1
F,25-74,SE,2022,5.8
F,25-74,SI,2022,3.8
F,25-74,SK,2022,5.7
F,25-74,TR,2022,11.2
F,30-34,AT,2022,5.1
F,30-34,BA,2022,21.9
F,30-34,BE,2022,5.7
F,30-34,BG,2022,5.0
F,30-34,CH,2022,4.7
F,30-34,CY,2022,6.9
F,30-34,CZ,2022,3.2
F,30-34,DE,2022,3.1
F,30-34,DK,2022,4.7
F,30-34,EE,2022,4.9
F,30-34,GR,2022,17.0
F,30-34,ES,2022,13.8
F,30-34,FI,2022,5.0
F,30-34,FR,2022,6.6
F,30-34,HR,2022,7.8
F,30-34,HU,2022,3.5
F,30-34,IE,2022,3.9
F,30-34,IT,2022,11.9
F,30-34,LT,2022,3.6
F,30-34,LU,2022,2.9
F,30-34,LV,2022,5.3
F,30-34,MK,2022,15.9
F,30-34,MT,2022,2.6
F,30-34,NL,2022,3.2
F,30-34,PL,2022,3.0
F,30-34,PT,2022,6.4
F,30-34,RO,2022,4.3
F,30-34,RS,2022,10.2
F,30-34,SE,2022,6.2
F,30-34,SI,2022,5.1
F,30-34,SK,2022,6.2
F,30-34,TR,2022,13.7
F,30-54,AT,2022,4.1
F,30-54,BA,2022,17.4
F,30-54,BE,2022,4.3
F,30-54,BG,2022,3.8
F,30-54,CH,2022,4.3
F,30-54,CY,2022,5.4
F,30-54,CZ,2022,2.5
F,30-54,DE,2022,2.6
F,30-54,DK,2022,3.2
F,30-54,EE,2022,4.5
F,30-54,GR,2022,14.9
F,30-54,ES,2022,13.4
F,30-54,FI,2022,5.0
F,30-54,FR,2022,5.8
F,30-54,HR,2022,5.9
F,30-54,HU,2022,3.0
F,30-54,IE,2022,3.6
F,30-54,IS,2022,2.4
F,30-54,IT,2022,8.6
F,30-54,LT,2022,4.8
F,30-54,LU,2022,3.2
F,30-54,LV,2022,5.6
F,30-54,MK,2022,10.5
F,30-54,MT,2022,2.6
F,30-54,NL,2022,2.6
F,30-54,NO,2022,2.2
F,30-54,PL,2022,2.3
F,30-54,PT,2022,5.3
F,30-54,RO,2022,3.7
F,30-54,RS,2022,9.2
F,30-54,SE,2022,5.7
F,30-54,SI,2022,3.3
F,30-54,SK,2022,5.9
F,30-54,TR,2022,10.5
F,30-64,AT,2022,3.9
F,30-64,BA,2022,16.5
F,30-64,BE,2022,4.1
F,30-64,BG,2022,3.7
F,30-64,CH,2022,4.1
F,30-64,CY,2022,5.2
F,30-64,CZ,2022,2.5
F,30-64,DE,2022,2.5
F,30-64,DK,2022,3.1
F,30-64,EE,2022,4.4
F,30-64,GR,2022,14.3
F,30-64,ES,2022,13.5
F,30-64,FI,2022,5.2
F,30-64,FR,2022,5.7
F,30-64,HR,2022,5.7
F,30-64,HU,2022,3.0
F,30-64,IE,2022,3.6
F,30-64,IS,2022,2.4
F,30-64,IT,2022,7.7
F,30-64,LT,2022,5.3
F,30-64,LU,2022,3.4
F,30-64,LV,2022,5.4
F,30-64,MK,2022,9.8
F,30-64,MT,2022,2.3
F,30-64,NL,2022,2.7
F,30-64,NO,2022,2.0
F,30-64,PL,2022,2.2
F,30-64,PT,2022,5.4
F,30-64,RO,2022,3.6
F,30-64,RS,2022,8.8
F,30-64,SE,2022,5.6
F,30-64,SI,2022,3.3
F,30-64,SK,2022,5.7
F,30-64,TR,2022,9.8
F,30-74,AT,2022,3.8
F,30-74,BA,2022,16.4
F,30-74,BE,2022,4.1
F,30-74,BG,2022,3.6
F,30-74,CH,2022,4.0
F,30-74,CY,2022,5.1
F,30-74,CZ,2022,2.4
F,30-74,DE,2022,2.5
F,30-74,DK,2022,3.1
F,30-74,EE,2022,4.1
F,30-74,GR,2022,14.1
F,30-74,ES,2022,13.3
F,30-74,FI,2022,5.1
F,30-74,FR,2022,5.7
F,30-74,HR,2022,5.7
F,30-74,HU,2022,3.0
F,30-74,IE,2022,3.5
F,30-74,IS,2022,2.3
F,30-74,IT,2022,7.7
F,30-74,LT,2022,5.1
F,30-74,LU,2022,3.4
F,30-74,LV,2022,5.1
F,30-74,MK,2022,9.7
F,30-74,MT,2022,2.4
F,30-74,NL,2022,2.8
F,30-74,NO,2022,1.9
F,30-74,PL,2022,2.2
F,30-74,PT,2022,5.3
F,30-74,RO,2022,3.6
F,30-74,RS,2022,8.5
F,30-74,SE,2022,5.5
F,30-74,SI,2022,3.4
F,30-74,SK,2022,5.6
F,30-74,TR,2022,9.6
F,35-39,AT,2022,4.3
F,35-39,BA,2022,16.8
F,35-39,BE,2022,5.8
F,35-39,BG,2022,3.9
F,35-39,CH,2022,5.1
F,35-39,CY,2022,5.1
F,35-39,CZ,2022,2.9
F,35-39,DE,2022,3.0
F,35-39,DK,2022,3.5
F,35-39,EE,2022,5.3
F,35-39,GR,2022,18.4
F,35-39,ES,2022,13.9
F,35-39,FI,2022,5.1
F,35-39,FR,2022,6.6
F,35-39,HR,2022,5.3
F,35-39,HU,2022,4.0
F,35-39,IE,2022,3.9
F,35-39,IT,2022,9.7
F,35-39,LT,2022,5.9
F,35-39,LU,2022,2.4
F,35-39,LV,2022,4.9
F,35-39,MK,2022,9.0
F,35-39,MT,2022,3.9
F,35-39,NL,2022,3.1
F,35-39,PL,2022,2.3
F,35-39,PT,2022,5.9
F,35-39,RO,2022,3.7
F,35-39,RS,2022,10.8
F,35-39,SE,2022,7.3
F,35-39,SI,2022,4.6
F,35-39,SK,2022,5.3
F,35-39,TR,2022,11.9
F,40-44,AT,2022,4.2
F,40-44,BA,2022,14.4
F,40-44,BE,2022,3.6
F,40-44,BG,2022,3.2
F,40-44,CH,2022,4.0
F,40-44,CY,2022,4.6
F,40-44,CZ,2022,3.0
F,40-44,DE,2022,2.8
F,40-44,DK,2022,3.1
F,40-44,EE,2022,5.3
F,40-44,GR,2022,15.7
F,40-44,ES,2022,12.7
F,40-44,FI,2022,4.0
F,40-44,FR,2022,5.8
F,40-44,HR,2022,4.2
F,40-44,HU,2022,2.6
F,40-44,IE,2022,3.8
F,40-44,IT,2022,8.6
F,40-44,LT,2022,3.6
F,40-44,LU,2022,3.8
F,40-44,LV,2022,7.2
F,40-44,MK,2022,8.3
F,40-44,NL,2022,2.3
F,40-44,PL,2022,2.0
F,40-44,PT,2022,4.6
F,40-44,RO,2022,3.8
F,40-44,RS,2022,8.3
F,40-44,SE,2022,5.3
F,40-44,SI,2022,2.8
F,40-44,SK,2022,7.0
F,40-44,TR,2022,10.2
F,40-59,AT,2022,3.7
F,40-59,BA,2022,15.5
F,40-59,BE,2022,3.2
F,40-59,BG,2022,3.6
F,40-59,CH,2022,3.8
F,40-59,CY,2022,5.0
F,40-59,CZ,2022,2.3
F,40-59,DE,2022,2.3
F,40-59,DK,2022,2.5
F,40-59,EE,2022,4.0
F,40-59,GR,2022,13.1
F,40-59,ES,2022,13.2
F,40-59,FI,2022,4.9
F,40-59,FR,2022,5.3
F,40-59,HR,2022,5.7
F,40-59,HU,2022,2.6
F,40-59,IE,2022,3.5
F,40-59,IS,2022,2.5
F,40-59,IT,2022,7.0
F,40-59,LT,2022,5.5
F,40-59,LU,2022,3.6
F,40-59,LV,2022,5.5
F,40-59,MK,2022,9.1
F,40-59,MT,2022,1.9
F,40-59,NL,2022,2.3
F,40-59,NO,2022,1.9
F,40-59,PL,2022,2.1
F,40-59,PT,2022,4.9
F,40-59,RO,2022,3.5
F,40-59,RS,2022,8.4
F,40-59,SE,2022,5.0
F,40-59,SI,2022,2.5
F,40-59,SK,2022,5.9
F,40-59,TR,2022,8.1
F,40-64,AT,2022,3.5
F,40-64,BA,2022,15.0
F,40-64,BE,2022,3.4
F,40-64,BG,2022,3.4
F,40-64,CH,2022,3.8
F,40-64,CY,2022,4.8
F,40-64,CZ,2022,2.3
F,40-64,DE,2022,2.4
F,40-64,DK,2022,2.6
F,40-64,EE,2022,4.0
F,40-64,GR,2022,13.1
F,40-64,ES,2022,13.3
F,40-64,FI,2022,5.2
F,40-64,FR,2022,5.4
F,40-64,HR,2022,5.4
F,40-64,HU,2022,2.7
F,40-64,IE,2022,3.4
F,40-64,IS,2022,2.4
F,40-64,IT,2022,6.8
F,40-64,LT,2022,5.6
F,40-64,LU,2022,3.8
F,40-64,LV,2022,5.5
F,40-64,MK,2022,8.6
F,40-64,MT,2022,1.7
F,40-64,NL,2022,2.6
F,40-64,NO,2022,1.8
F,40-64,PL,2022,2.0
F,40-64,PT,2022,5.1
F,40-64,RO,2022,3.4
F,40-64,RS,2022,8.0
F,40-64,SE,2022,5.1
F,40-64,SI,2022,2.7
F,40-64,SK,2022,5.6
F,40-64,TR,2022,7.8
F,45-49,AT,2022,3.3
F,45-49,BA,2022,16.5
F,45-49,BE,2022,3.5
F,45-49,BG,2022,3.5
F,45-49,CH,2022,4.2
F,45-49,CY,2022,4.4
F,45-49,CZ,2022,1.8
F,45-49,DE,2022,2.3
F,45-49,DK,2022,2.5
F,45-49,EE,2022,3.6
F,45-49,GR,2022,13.5
F,45-49,ES,2022,12.6
F,45-49,FI,2022,5.4
F,45-49,FR,2022,5.1
F,45-49,HR,2022,5.2
F,45-49,HU,2022,2.3
F,45-49,IT,2022,7.6
F,45-49,LT,2022,6.2
F,45-49,LU,2022,2.8
F,45-49,LV,2022,5.5
F,45-49,MK,2022,11.6
F,45-49,NL,2022,2.1
F,45-49,PL,2022,2.3
F,45-49,PT,2022,4.0
F,45-49,RO,2022,3.2
F,45-49,RS,2022,10.0
F,45-49,SE,2022,4.7
F,45-49,SI,2022,2.3
F,45-49,SK,2022,5.2
F,45-49,TR,2022,7.9
F,50-54,AT,2022,3.6
F,50-54,BA,2022,17.8
F,50-54,BE,2022,2.9
F,50-54,BG,2022,3.8
F,50-54,CH,2022,3.6
F,50-54,CY,2022,5.9
F,50-54,CZ,2022,2.1
F,50-54,DE,2022,1.9
F,50-54,DK,2022,2.4
F,50-54,EE,2022,3.2
F,50-54,GR,2022,11.2
F,50-54,ES,2022,14.5
F,50-54,FI,2022,5.5
F,50-54,FR,2022,5.0
F,50-54,HR,2022,7.4
F,50-54,HU,2022,3.0
F,50-54,IT,2022,6.9
F,50-54,LT,2022,5.0
F,50-54,LU,2022,4.5
F,50-54,LV,2022,5.4
F,50-54,MK,2022,8.0
F,50-54,NL,2022,2.2
F,50-54,PL,2022,2.0
F,50-54,PT,2022,6.0
F,50-54,RO,2022,3.5
F,50-54,RS,2022,6.4
F,50-54,SE,2022,5.0
F,50-54,SI,2022,2.3
F,50-54,SK,2022,5.7
F,50-54,TR,2022,6.7
F,50-59,AT,2022,3.5
F,50-59,BA,2022,15.7
F,50-59,BE,2022,2.8
F,50-59,BG,2022,3.7
F,50-59,CH,2022,3.6
F,50-59,CY,2022,5.8
F,50-59,CZ,2022,2.2
F,50-59,DE,2022,2.0
F,50-59,DK,2022,2.3
F,50-59,EE,2022,3.6
F,50-59,GR,2022,11.5
F,50-59,ES,2022,13.9
F,50-59,FI,2022,5.1
F,50-59,FR,2022,5.0
F,50-59,HR,2022,6.8
F,50-59,HU,2022,2.7
F,50-59,IE,2022,3.4
F,50-59,IT,2022,5.9
F,50-59,LT,2022,6.1
F,50-59,LU,2022,4.0
F,50-59,LV,2022,4.8
F,50-59,MK,2022,8.2
F,50-59,NL,2022,2.4
F,50-59,PL,2022,1.9
F,50-59,PT,2022,5.6
F,50-59,RO,2022,3.5
F,50-59,RS,2022,7.4
F,50-59,SE,2022,4.9
F,50-59,SI,2022,2.5
F,50-59,SK,2022,5.7
F,50-59,TR,2022,5.9
F,50-64,AT,2022,3.3
F,50-64,BA,2022,14.4
F,50-64,BE,2022,3.2
F,50-64,BG,2022,3.4
F,50-64,CH,2022,3.5
F,50-64,CY,2022,5.0
F,50-64,CZ,2022,2.2
F,50-64,DE,2022,2.3
F,50-64,DK,2022,2.6
F,50-64,EE,2022,3.8
F,50-64,GR,2022,11.6
F,50-64,ES,2022,13.9
F,50-64,FI,2022,5.6
F,50-64,FR,2022,5.3
F,50-64,HR,2022,6.1
F,50-64,HU,2022,2.9
F,50-64,IE,2022,3.4
F,50-64,IS,2022,2.4
F,50-64,IT,2022,5.7
F,50-64,LT,2022,6.0
F,50-64,LU,2022,4.5
F,50-64,LV,2022,5.0
F,50-64,MK,2022,7.2
F,50-64,NL,2022,2.8
F,50-64,NO,2022,1.4
F,50-64,PL,2022,1.8
F,50-64,PT,2022,5.9
F,50-64,RO,2022,3.3
F,50-64,RS,2022,6.9
F,50-64,SE,2022,5.1
F,50-64,SI,2022,2.9
F,50-64,SK,2022,5.2
F,50-64,TR,2022,5.5
F,50-74,AT,2022,3.2
F,50-74,BA,2022,14.1
F,50-74,BE,2022,3.2
F,50-74,BG,2022,3.3
F,50-74,CH,2022,3.3
F,50-74,CY,2022,4.8
F,50-74,CZ,2022,2.1
F,50-74,DE,2022,2.2
F,50-74,DK,2022,2.7
F,50-74,EE,2022,3.2
F,50-74,GR,2022,11.3
F,50-74,ES,2022,13.6
F,50-74,FI,2022,5.3
F,50-74,FR,2022,5.3
F,50-74,HR,2022,6.0
F,50-74,HU,2022,2.9
F,50-74,IE,2022,3.3
F,50-74,IS,2022,2.2
F,50-74,IT,2022,5.6
F,50-74,LT,2022,5.5
F,50-74,LU,2022,4.5
F,50-74,LV,2022,4.5
F,50-74,MK,2022,7.0
F,50-74,NL,2022,3.0
F,50-74,NO,2022,1.3
F,50-74,PL,2022,1.7
F,50-74,PT,2022,5.6
F,50-74,RO,2022,3.3
F,50-74,RS,2022,6.4
F,50-74,SE,2022,5.0
F,50-74,SI,2022,3.1
F,50-74,SK,2022,4.9
F,50-74,TR,2022,5.0
F,55-59,AT,2022,3.4
F,55-59,BA,2022,13.2
F,55-59,BE,2022,2.7
F,55-59,BG,2022,3.7
F,55-59,CH,2022,3.5
F,55-59,CY,2022,5.6
F,55-59,CZ,2022,2.3
F,55-59,DE,2022,2.2
F,55-59,DK,2022,2.2
F,55-59,EE,2022,3.9
F,55-59,GR,2022,11.9
F,55-59,ES,2022,13.1
F,55-59,FI,2022,4.7
F,55-59,FR,2022,5.1
F,55-59,HR,2022,6.3
F,55-59,HU,2022,2.4
F,55-59,IT,2022,4.8
F,55-59,LT,2022,7.2
F,55-59,LV,2022,4.2
F,55-59,MK,2022,8.4
F,55-59,NL,2022,2.7
F,55-59,PL,2022,1.8
F,55-59,PT,2022,5.2
F,55-59,RO,2022,3.5
F,55-59,RS,2022,8.6
F,55-59,SE,2022,4.7
F,55-59,SI,2022,2.7
F,55-59,SK,2022,5.7
F,55-59,TR,2022,4.7
F,55-64,AT,2022,2.9
F,55-64,BA,2022,11.9
F,55-64,BE,2022,3.5
F,55-64,BG,2022,3.2
F,55-64,CH,2022,3.5
F,55-64,CY,2022,4.4
F,55-64,CZ,2022,2.2
F,55-64,DE,2022,2.5
F,55-64,DK,2022,2.7
F,55-64,EE,2022,4.1
F,55-64,GR,2022,12.0
F,55-64,ES,2022,13.5
F,55-64,FI,2022,5.6
F,55-64,FR,2022,5.6
F,55-64,HR,2022,5.2
F,55-64,HU,2022,2.9
F,55-64,IE,2022,3.3
F,55-64,IT,2022,4.9
F,55-64,LT,2022,6.6
F,55-64,LU,2022,4.5
F,55-64,LV,2022,4.7
F,55-64,MK,2022,6.6
F,55-64,NL,2022,3.3
F,55-64,PL,2022,1.6
F,55-64,PT,2022,5.8
F,55-64,RO,2022,3.0
F,55-64,RS,2022,7.3
F,55-64,SE,2022,5.1
F,55-64,SI,2022,3.3
F,55-64,SK,2022,4.8
F,55-64,TR,2022,4.4
F,60-64,BA,2022,9.6
F,60-64,BE,2022,5.0
F,60-64,BG,2022,2.5
F,60-64,CH,2022,3.5
F,60-64,CZ,2022,2.0
F,60-64,DE,2022,2.9
F,60-64,DK,2022,3.4
F,60-64,EE,2022,4.3
F,60-64,GR,2022,12.2
F,60-64,ES,2022,14.1
F,60-64,FI,2022,6.8
F,60-64,FR,2022,6.7
F,60-64,HR,2022,3.1
F,60-64,HU,2022,3.9
F,60-64,IT,2022,4.9
F,60-64,LT,2022,5.9
F,60-64,LV,2022,5.3
F,60-64,NL,2022,4.1
F,60-64,PT,2022,6.7
F,60-64,RS,2022,5.0
F,60-64,SE,2022,5.7
F,60-64,SI,2022,5.0
F,60-64,TR,2022,3.6
F,65-69,GR,2022,6.7
F,65-69,ES,2022,6.9
F,65-69,IT,2022,4.1
F,65-69,NL,2022,4.9
F,65-69,TR,2022,1.2
F,65-74,CZ,2022,0.9
F,65-74,GR,2022,6.4
F,65-74,ES,2022,6.5
F,65-74,FR,2022,4.8
F,65-74,IT,2022,3.7
F,65-74,NL,2022,5.0
F,65-74,TR,2022,1.1
F,70-74,TR,2022,0.8
M,15-19,AT,2022,10.1
M,15-19,BA,2022,55.8
M,15-19,BE,2022,25.4
M,15-19,CH,2022,6.9
M,15-19,CY,2022,38.8
M,15-19,CZ,2022,19.7
M,15-19,DE,2022,8.6
M,15-19,DK,2022,13.8
M,15-19,EE,2022,37.8
M,15-19,GR,2022,42.4
M,15-19,ES,2022,45.4
M,15-19,FI,2022,18.1
M,15-19,FR,2022,23.3
M,15-19,HR,2022,24.5
M,15-19,HU,2022,21.3
M,15-19,IE,2022,14.7
M,15-19,IS,2022,18.2
M,15-19,IT,2022,37.0
M,15-19,LT,2022,24.4
M,15-19,LU,2022,27.4
M,15-19,MK,2022,48.3
M,15-19,MT,2022,18.5
M,15-19,NL,2022,8.9
M,15-19,NO,2022,16.3
M,15-19,PL,2022,18.0
M,15-19,PT,2022,30.6
M,15-19,RO,2022,45.1
M,15-19,RS,2022,33.4
M,15-19,SE,2022,36.2
M,15-19,TR,2022,13.8
M,15-24,AT,2022,9.5
M,15-24,BA,2022,31.2
M,15-24,BE,2022,18.1
M,15-24,BG,2022,10.8
M,15-24,CH,2022,6.9
M,15-24,CY,2022,18.3
M,15-24,CZ,2022,6.0
M,15-24,DE,2022,6.4
M,15-24,DK,2022,10.6
M,15-24,EE,2022,21.0
M,15-24,GR,2022,25.1
M,15-24,ES,2022,28.7
M,15-24,FI,2022,14.4
M,15-24,FR,2022,18.5
M,15-24,HR,2022,14.7
M,15-24,HU,2022,11.4
M,15-24,IE,2022,10.2
M,15-24,IS,2022,11.6
M,15-24,IT,2022,22.3
M,15-24,LT,2022,13.4
M,15-24,LU,2022,16.7
M,15-24,LV,2022,19.4
M,15-24,MK,2022,29.7
M,15-24,MT,2022,11.6
M,15-24,NL,2022,7.3
M,15-24,NO,2022,11.2
M,15-24,PL,2022,10.5
M,15-24,PT,2022,18.1
M,15-24,RO,2022,21.6
M,15-24,RS,2022,23.3
M,15-24,SE,2022,20.2
M,15-24,SI,2022,8.6
M,15-24,SK,2022,18.8
M,15-24,TR,2022,16.3
M,15-29,AT,2022,7.8
M,15-29,BA,2022,24.2
M,15-29,BE,2022,12.7
M,15-29,BG,2022,8.6
M,15-29,CH,2022,6.1
M,15-29,CY,2022,13.2
M,15-29,CZ,2022,3.5
M,15-29,DE,2022,5.5
M,15-29,DK,2022,8.6
M,15-29,EE,2022,11.9
M,15-29,GR,2022,20.3
M,15-29,ES,2022,21.6
M,15-29,FI,2022,11.3
M,15-29,FR,2022,14.5
M,15-29,HR,2022,9.7
M,15-29,HU,2022,7.2
M,15-29,IE,2022,8.7
M,15-29,IS,2022,7.6
M,15-29,IT,2022,16.8
M,15-29,LT,2022,8.5
M,15-29,LU,2022,8.3
M,15-29,LV,2022,13.5
M,15-29,MK,2022,25.6
M,15-29,MT,2022,7.8
M,15-29,NL,2022,6.3
M,15-29,NO,2022,8.1
M,15-29,PL,2022,6.6
M,15-29,PT,2022,13.3
M,15-29,RO,2022,14.4
M,15-29,RS,2022,16.4
M,15-29,SE,2022,14.2
M,15-29,SI,2022,6.9
M,15-29,SK,2022,11.3
M,15-29,TR,2022,14.9
M,15-39,AT,2022,6.2
M,15-39,BA,2022,16.3
M,15-39,BE,2022,8.3
M,15-39,BG,2022,5.7
M,15-39,CH,2022,4.7
M,15-39,CY,2022,8.7
M,15-39,CZ,2022,2.2
M,15-39,DE,2022,4.4
M,15-39,DK,2022,6.5
M,15-39,EE,2022,8.0
M,15-39,GR,2022,13.8
M,15-39,ES,2022,15.3
M,15-39,FI,2022,7.7
M,15-39,FR,2022,10.3
M,15-39,HR,2022,8.5
M,15-39,HU,2022,4.8
M,15-39,IE,2022,6.2
M,15-39,IS,2022,6.1
M,15-39,IT,2022,11.0
M,15-39,LT,2022,6.6
M,15-39,LU,2022,5.8
M,15-39,LV,2022,9.8
M,15-39,MK,2022,19.8
M,15-39,MT,2022,4.8
M,15-39,NL,2022,4.5
M,15-39,NO,2022,5.4
M,15-39,PL,2022,3.9
M,15-39,PT,2022,9.3
M,15-39,RO,2022,8.7
M,15-39,RS,2022,12.3
M,15-39,SE,2022,9.2
M,15-39,SI,2022,4.8
M,15-39,SK,2022,8.2
M,15-39,TR,2022,11.2
M,15-59,AT,2022,5.0
M,15-59,BA,2022,12.8
M,15-59,BE,2022,6.0
M,15-59,BG,2022,4.4
M,15-59,CH,2022,4.0
M,15-59,CY,2022,6.0
M,15-59,CZ,2022,1.8
M,15-59,DE,2022,3.5
M,15-59,DK,2022,4.7
M,15-59,EE,2022,6.4
M,15-59,GR,2022,9.4
M,15-59,ES,2022,11.5
M,15-59,FI,2022,6.9
M,15-59,FR,2022,7.6
M,15-59,HR,2022,5.9
M,15-59,HU,2022,3.8
M,15-59,IE,2022,4.6
M,15-59,IS,2022,4.5
M,15-59,IT,2022,7.5
M,15-59,LT,2022,6.7
M,15-59,LU,2022,4.3
M,15-59,LV,2022,8.6
M,15-59,MK,2022,16.1
M,15-59,MT,2022,3.9
M,15-59,NL,2022,3.2
M,15-59,NO,2022,3.7
M,15-59,PL,2022,3.0
M,15-59,PT,2022,6.0
M,15-59,RO,2022,6.2
M,15-59,RS,2022,9.6
M,15-59,SE,2022,7.3
M,15-59,SI,2022,3.7
M,15-59,SK,2022,6.1
M,15-59,TR,2022,9.2
M,15-64,AT,2022,5.0
M,15-64,BA,2022,12.7
M,15-64,BE,2022,5.9
M,15-64,BG,2022,4.4
M,15-64,CH,2022,4.0
M,15-64,CY,2022,6.0
M,15-64,CZ,2022,1.8
M,15-64,DE,2022,3.5
M,15-64,DK,2022,4.5
M,15-64,EE,2022,6.3
M,15-64,GR,2022,9.3
M,15-64,ES,2022,11.5
M,15-64,FI,2022,7.3
M,15-64,FR,2022,7.6
M,15-64,HR,2022,6.0
M,15-64,HU,2022,3.7
M,15-64,IE,2022,4.5
M,15-64,IS,2022,4.3
M,15-64,IT,2022,7.3
M,15-64,LT,2022,6.7
M,15-64,LU,2022,4.4
M,15-64,LV,2022,8.4
M,15-64,MK,2022,16.0
M,15-64,MT,2022,3.8
M,15-64,NL,2022,3.2
M,15-64,NO,2022,3.5
M,15-64,PL,2022,2.9
M,15-64,PT,2022,5.9
M,15-64,RO,2022,6.1
M,15-64,RS,2022,9.4
M,15-64,SE,2022,7.2
M,15-64,SI,2022,3.8
M,15-64,SK,2022,6.0
M,15-64,TR,2022,9.1
M,15-74,AT,2022,4.9
M,15-74,BA,2022,12.6
M,15-74,BE,2022,5.8
M,15-74,BG,2022,4.3
M,15-74,CH,2022,3.9
M,15-74,CY,2022,5.8
M,15-74,CZ,2022,1.8
M,15-74,DE,2022,3.4
M,15-74,DK,2022,4.4
M,15-74,EE,2022,6.1
M,15-74,GR,2022,9.3
M,15-74,ES,2022,11.4
M,15-74,FI,2022,7.1
M,15-74,FR,2022,7.5
M,15-74,HR,2022,5.9
M,15-74,HU,2022,3.7
M,15-74,IE,2022,4.4
M,15-74,IS,2022,4.2
M,15-74,IT,2022,7.1
M,15-74,LT,2022,6.5
M,15-74,LU,2022,4.5
M,15-74,LV,2022,8.1
M,15-74,MK,2022,15.7
M,15-74,MT,2022,3.7
M,15-74,NL,2022,3.3
M,15-74,NO,2022,3.4
M,15-74,PL,2022,2.8
M,15-74,PT,2022,5.8
M,15-74,RO,2022,6.0
M,15-74,RS,2022,9.1
M,15-74,SE,2022,7.1
M,15-74,SI,2022,3.8
M,15-74,SK,2022,5.9
M,15-74,TR,2022,9.0
M,20-24,AT,2022,9.2
M,20-24,BA,2022,28.5
M,20-24,BE,2022,16.2
M,20-24,BG,2022,9.1
M,20-24,CH,2022,6.9
M,20-24,CY,2022,15.7
M,20-24,CZ,2022,4.4
M,20-24,DE,2022,5.6
M,20-24,DK,2022,8.8
M,20-24,EE,2022,17.5
M,20-24,GR,2022,22.8
M,20-24,ES,2022,24.9
M,20-24,FI,2022,12.6
M,20-24,FR,2022,16.8
M,20-24,HR,2022,12.5
M,20-24,HU,2022,9.9
M,20-24,IE,2022,8.2
M,20-24,IS,2022,7.3
M,20-24,IT,2022,20.1
M,20-24,LT,2022,12.0
M,20-24,LU,2022,12.8
M,20-24,LV,2022,16.9
M,20-24,MK,2022,27.2
M,20-24,MT,2022,9.9
M,20-24,NL,2022,6.0
M,20-24,NO,2022,7.9
M,20-24,PL,2022,9.7
M,20-24,PT,2022,16.2
M,20-24,RO,2022,17.1
M,20-24,RS,2022,20.5
M,20-24,SE,2022,12.3
M,20-24,SI,2022,7.4
M,20-24,SK,2022,15.6
M,20-24,TR,2022,17.6
M,20-29,AT,2022,7.3
M,20-29,BA,2022,22.8
M,20-29,BE,2022,11.5
M,20-29,BG,2022,7.9
M,20-29,CH,2022,5.9
M,20-29,CY,2022,12.2
M,20-29,CZ,2022,2.8
M,20-29,DE,2022,5.0
M,20-29,DK,2022,7.2
M,20-29,EE,2022,9.8
M,20-29,GR,2022,19.3
M,20-29,ES,2022,19.5
M,20-29,FI,2022,9.9
M,20-29,FR,2022,13.2
M,20-29,HR,2022,8.4
M,20-29,HU,2022,6.5
M,20-29,IE,2022,7.4
M,20-29,IS,2022,4.6
M,20-29,IT,2022,15.6
M,20-29,LT,2022,7.7
M,20-29,LU,2022,6.3
M,20-29,LV,2022,12.0
M,20-29,MK,2022,24.3
M,20-29,MT,2022,6.9
M,20-29,NL,2022,5.3
M,20-29,NO,2022,5.8
M,20-29,PL,2022,6.2
M,20-29,PT,2022,12.3
M,20-29,RO,2022,12.1
M,20-29,RS,2022,14.6
M,20-29,SE,2022,9.5
M,20-29,SI,2022,6.2
M,20-29,SK,2022,9.9
M,20-29,TR,2022,15.1
M,20-64,AT,2022,4.8
M,20-64,BA,2022,12.3
M,20-64,BE,2022,5.6
M,20-64,BG,2022,4.3
M,20-64,CH,2022,3.9
M,20-64,CY,2022,5.7
M,20-64,CZ,2022,1.7
M,20-64,DE,2022,3.3
M,20-64,DK,2022,4.0
M,20-64,EE,2022,5.9
M,20-64,GR,2022,9.1
M,20-64,ES,2022,11.0
M,20-64,FI,2022,6.9
M,20-64,FR,2022,7.1
M,20-64,HR,2022,5.7
M,20-64,HU,2022,3.6
M,20-64,IE,2022,4.1
M,20-64,IS,2022,3.4
M,20-64,IT,2022,7.0
M,20-64,LT,2022,6.6
M,20-64,LU,2022,4.0
M,20-64,LV,2022,8.1
M,20-64,MK,2022,15.6
M,20-64,MT,2022,3.5
M,20-64,NL,2022,2.7
M,20-64,NO,2022,2.8
M,20-64,PL,2022,2.8
M,20-64,PT,2022,5.7
M,20-64,RO,2022,5.6
M,20-64,RS,2022,9.0
M,20-64,SE,2022,6.0
M,20-64,SI,2022,3.6
M,20-64,SK,2022,5.7
M,20-64,TR,2022,8.9
M,25-29,AT,2022,6.0
M,25-29,BA,2022,19.0
M,25-29,BE,2022,9.0
M,25-29,BG,2022,7.3
M,25-29,CH,2022,5.3
M,25-29,CY,2022,10.4
M,25-29,CZ,2022,2.0
M,25-29,DE,2022,4.5
M,25-29,DK,2022,5.9
M,25-29,EE,2022,5.2
M,25-29,GR,2022,17.7
M,25-29,ES,2022,16.0
M,25-29,FI,2022,7.9
M,25-29,FR,2022,10.2
M,25-29,HR,2022,5.7
M,25-29,HU,2022,4.6
M,25-29,IE,2022,6.7
M,25-29,IT,2022,12.6
M,25-29,LT,2022,4.7
M,25-29,LU,2022,3.6
M,25-29,LV,2022,8.4
M,25-29,MK,2022,22.4
M,25-29,MT,2022,5.3
M,25-29,NL,2022,4.7
M,25-29,NO,2022,4.2
M,25-29,PL,2022,4.1
M,25-29,PT,2022,9.7
M,25-29,RO,2022,8.9
M,25-29,RS,2022,10.9
M,25-29,SE,2022,7.4
M,25-29,SI,2022,5.3
M,25-29,SK,2022,6.8
M,25-29,TR,2022,13.1
M,25-49,AT,2022,4.6
M,25-49,BA,2022,11.4
M,25-49,BE,2022,5.3
M,25-49,BG,2022,4.2
M,25-49,CH,2022,3.6
M,25-49,CY,2022,5.5
M,25-49,CZ,2022,1.6
M,25-49,DE,2022,3.4
M,25-49,DK,2022,3.9
M,25-49,EE,2022,4.9
M,25-49,GR,2022,9.6
M,25-49,ES,2022,10.1
M,25-49,FI,2022,5.5
M,25-49,FR,2022,6.6
M,25-49,HR,2022,5.5
M,25-49,HU,2022,3.2
M,25-49,IE,2022,3.9
M,25-49,IS,2022,3.6
M,25-49,IT,2022,7.1
M,25-49,LT,2022,5.5
M,25-49,LU,2022,3.3
M,25-49,LV,2022,7.5
M,25-49,MK,2022,15.7
M,25-49,MT,2022,3.1
M,25-49,NL,2022,2.5
M,25-49,NO,2022,2.6
M,25-49,PL,2022,2.4
M,25-49,PT,2022,5.4
M,25-49,RO,2022,5.3
M,25-49,RS,2022,8.6
M,25-49,SE,2022,5.4
M,25-49,SI,2022,3.4
M,25-49,SK,2022,5.6
M,25-49,TR,2022,8.0
M,25-54,AT,2022,4.4
M,25-54,BA,2022,11.2
M,25-54,BE,2022,5.1
M,25-54,BG,2022,4.1
M,25-54,CH,2022,3.5
M,25-54,CY,2022,5.1
M,25-54,CZ,2022,1.5
M,25-54,DE,2022,3.2
M,25-54,DK,2022,3.6
M,25-54,EE,2022,5.1
M,25-54,GR,2022,8.8
M,25-54,ES,2022,10.1
M,25-54,FI,2022,5.6
M,25-54,FR,2022,6.2
M,25-54,HR,2022,5.3
M,25-54,HU,2022,3.2
M,25-54,IE,2022,3.7
M,25-54,IS,2022,3.2
M,25-54,IT,2022,6.6
M,25-54,LT,2022,5.9
M,25-54,LU,2022,3.4
M,25-54,LV,2022,7.6
M,25-54,MK,2022,15.0
M,25-54,MT,2022,3.0
M,25-54,NL,2022,2.3
M,25-54,NO,2022,2.5
M,25-54,PL,2022,2.4
M,25-54,PT,2022,5.1
M,25-54,RO,2022,5.0
M,25-54,RS,2022,8.4
M,25-54,SE,2022,5.3
M,25-54,SI,2022,3.2
M,25-54,SK,2022,5.3
M,25-54,TR,2022,7.9
M,25-59,AT,2022,4.4
M,25-59,BA,2022,11.0
M,25-59,BE,2022,4.9
M,25-59,BG,2022,4.1
M,25-59,CH,2022,3.6
M,25-59,CY,2022,5.0
M,25-59,CZ,2022,1.6
M,25-59,DE,2022,3.1
M,25-59,DK,2022,3.6
M,25-59,EE,2022,5.1
M,25-59,GR,2022,8.5
M,25-59,ES,2022,10.1
M,25-59,FI,2022,5.8
M,25-59,FR,2022,6.1
M,25-59,HR,2022,5.0
M,25-59,HU,2022,3.2
M,25-59,IE,2022,3.7
M,25-59,IS,2022,3.1
M,25-59,IT,2022,6.4
M,25-59,LT,2022,6.1
M,25-59,LU,2022,3.4
M,25-59,LV,2022,7.6
M,25-59,MK,2022,14.8
M,25-59,MT,2022,3.1
M,25-59,NL,2022,2.2
M,25-59,NO,2022,2.3
M,25-59,PL,2022,2.4
M,25-59,PT,2022,5.0
M,25-59,RO,2022,5.0
M,25-59,RS,2022,8.3
M,25-59,SE,2022,5.3
M,25-59,SI,2022,3.2
M,25-59,SK,2022,5.2
M,25-59,TR,2022,7.9
M,25-64,AT,2022,4.4
M,25-64,BA,2022,11.0
M,25-64,BE,2022,4.9
M,25-64,BG,2022,4.1
M,25-64,CH,2022,3.6
M,25-64,CY,2022,5.1
M,25-64,CZ,2022,1.6
M,25-64,DE,2022,3.1
M,25-64,DK,2022,3.5
M,25-64,EE,2022,5.1
M,25-64,GR,2022,8.4
M,25-64,ES,2022,10.2
M,25-64,FI,2022,6.4
M,25-64,FR,2022,6.1
M,25-64,HR,2022,5.1
M,25-64,HU,2022,3.2
M,25-64,IE,2022,3.6
M,25-64,IS,2022,3.0
M,25-64,IT,2022,6.2
M,25-64,LT,2022,6.2
M,25-64,LU,2022,3.5
M,25-64,LV,2022,7.4
M,25-64,MK,2022,14.7
M,25-64,MT,2022,3.0
M,25-64,NL,2022,2.4
M,25-64,NO,2022,2.3
M,25-64,PL,2022,2.3
M,25-64,PT,2022,5.0
M,25-64,RO,2022,4.9
M,25-64,RS,2022,8.2
M,25-64,SE,2022,5.4
M,25-64,SI,2022,3.4
M,25-64,SK,2022,5.1
M,25-64,TR,2022,7.8
M,25-74,AT,2022,4.4
M,25-74,BA,2022,10.9
M,25-74,BE,2022,4.8
M,25-74,BG,2022,4.0
M,25-74,CH,2022,3.5
M,25-74,CY,2022,4.9
M,25-74,CZ,2022,1.6
M,25-74,DE,2022,3.0
M,25-74,DK,2022,3.4
M,25-74,EE,2022,5.0
M,25-74,GR,2022,8.5
M,25-74,ES,2022,10.1
M,25-74,FI,2022,6.2
M,25-74,FR,2022,6.1
M,25-74,HR,2022,5.1
M,25-74,HU,2022,3.2
M,25-74,IE,2022,3.6
M,25-74,IS,2022,2.9
M,25-74,IT,2022,6.1
M,25-74,LT,2022,6.0
M,25-74,LU,2022,3.6
M,25-74,LV,2022,7.2
M,25-74,MK,2022,14.5
M,25-74,MT,2022,2.9
M,25-74,NL,2022,2.5
M,25-74,NO,2022,2.2
M,25-74,PL,2022,2.3
M,25-74,PT,2022,4.8
M,25-74,RO,2022,4.9
M,25-74,RS,2022,7.9
M,25-74,SE,2022,5.3
M,25-74,SI,2022,3.4
M,25-74,SK,2022,5.1
M,25-74,TR,2022,7.7
M,30-34,AT,2022,4.9
M,30-34,BA,2022,10.7
M,30-34,BE,2022,4.9
M,30-34,BG,2022,4.6
M,30-34,CH,2022,3.1
M,30-34,CY,2022,6.8
M,30-34,CZ,2022,1.4
M,30-34,DE,2022,3.7
M,30-34,DK,2022,4.8
M,30-34,EE,2022,4.0
M,30-34,GR,2022,9.8
M,30-34,ES,2022,11.6
M,30-34,FI,2022,4.9
M,30-34,FR,2022,7.1
M,30-34,HR,2022,8.5
M,30-34,HU,2022,3.0
M,30-34,IE,2022,4.1
M,30-34,IS,2022,6.0
M,30-34,IT,2022,7.4
M,30-34,LT,2022,5.0
M,30-34,LU,2022,3.7
M,30-34,LV,2022,9.0
M,30-34,MK,2022,18.4
M,30-34,MT,2022,3.3
M,30-34,NL,2022,2.3
M,30-34,NO,2022,2.9
M,30-34,PL,2022,2.0
M,30-34,PT,2022,7.5
M,30-34,RO,2022,5.5
M,30-34,RS,2022,10.4
M,30-34,SE,2022,4.9
M,30-34,SI,2022,4.3
M,30-34,SK,2022,7.1
M,30-34,TR,2022,8.4
M,30-54,AT,2022,4.1
M,30-54,BA,2022,9.8
M,30-54,BE,2022,4.4
M,30-54,BG,2022,3.7
M,30-54,CH,2022,3.2
M,30-54,CY,2022,4.0
M,30-54,CZ,2022,1.5
M,30-54,DE,2022,3.0
M,30-54,DK,2022,3.1
M,30-54,EE,2022,5.0
M,30-54,GR,2022,7.4
M,30-54,ES,2022,9.3
M,30-54,FI,2022,5.2
M,30-54,FR,2022,5.5
M,30-54,HR,2022,5.2
M,30-54,HU,2022,3.0
M,30-54,IE,2022,3.2
M,30-54,IS,2022,3.4
M,30-54,IT,2022,5.9
M,30-54,LT,2022,6.1
M,30-54,LU,2022,3.4
M,30-54,LV,2022,7.5
M,30-54,MK,2022,13.7
M,30-54,MT,2022,2.5
M,30-54,NL,2022,1.8
M,30-54,NO,2022,2.2
M,30-54,PL,2022,2.2
M,30-54,PT,2022,4.4
M,30-54,RO,2022,4.5
M,30-54,RS,2022,8.0
M,30-54,SE,2022,4.9
M,30-54,SI,2022,2.9
M,30-54,SK,2022,5.1
M,30-54,TR,2022,6.8
M,30-64,AT,2022,4.2
M,30-64,BA,2022,9.9
M,30-64,BE,2022,4.3
M,30-64,BG,2022,3.8
M,30-64,CH,2022,3.4
M,30-64,CY,2022,4.2
M,30-64,CZ,2022,1.5
M,30-64,DE,2022,2.9
M,30-64,DK,2022,3.1
M,30-64,EE,2022,5.1
M,30-64,GR,2022,7.3
M,30-64,ES,2022,9.5
M,30-64,FI,2022,6.2
M,30-64,FR,2022,5.6
M,30-64,HR,2022,5.0
M,30-64,HU,2022,3.0
M,30-64,IE,2022,3.3
M,30-64,IS,2022,3.1
M,30-64,IT,2022,5.6
M,30-64,LT,2022,6.4
M,30-64,LU,2022,3.5
M,30-64,LV,2022,7.3
M,30-64,MK,2022,13.7
M,30-64,MT,2022,2.5
M,30-64,NL,2022,2.0
M,30-64,NO,2022,2.0
M,30-64,PL,2022,2.1
M,30-64,PT,2022,4.4
M,30-64,RO,2022,4.5
M,30-64,RS,2022,7.8
M,30-64,SE,2022,5.1
M,30-64,SI,2022,3.2
M,30-64,SK,2022,4.9
M,30-64,TR,2022,6.8
M,30-74,AT,2022,4.1
M,30-74,BA,2022,9.8
M,30-74,BE,2022,4.2
M,30-74,BG,2022,3.8
M,30-74,CH,2022,3.3
M,30-74,CY,2022,4.1
M,30-74,CZ,2022,1.5
M,30-74,DE,2022,2.9
M,30-74,DK,2022,3.1
M,30-74,EE,2022,4.9
M,30-74,GR,2022,7.4
M,30-74,ES,2022,9.5
M,30-74,FI,2022,6.0
M,30-74,FR,2022,5.5
M,30-74,HR,2022,5.0
M,30-74,HU,2022,3.0
M,30-74,IE,2022,3.2
M,30-74,IS,2022,3.0
M,30-74,IT,2022,5.5
M,30-74,LT,2022,6.1
M,30-74,LU,2022,3.6
M,30-74,LV,2022,7.1
M,30-74,MK,2022,13.5
M,30-74,MT,2022,2.5
M,30-74,NL,2022,2.1
M,30-74,NO,2022,1.9
M,30-74,PL,2022,2.1
M,30-74,PT,2022,4.3
M,30-74,RO,2022,4.4
M,30-74,RS,2022,7.6
M,30-74,SE,2022,5.1
M,30-74,SI,2022,3.2
M,30-74,SK,2022,4.9
M,30-74,TR,2022,6.8
M,35-39,AT,2022,4.5
M,35-39,BA,2022,10.7
M,35-39,BE,2022,4.8
M,35-39,BG,2022,3.9
M,35-39,CH,2022,3.5
M,35-39,CY,2022,4.4
M,35-39,CZ,2022,1.4
M,35-39,DE,2022,3.3
M,35-39,DK,2022,3.3
M,35-39,EE,2022,7.1
M,35-39,GR,2022,8.9
M,35-39,ES,2022,9.9
M,35-39,FI,2022,4.2
M,35-39,FR,2022,5.5
M,35-39,HR,2022,6.8
M,35-39,HU,2022,3.3
M,35-39,IE,2022,3.6
M,35-39,IT,2022,6.7
M,35-39,LT,2022,6.1
M,35-39,LU,2022,4.6
M,35-39,LV,2022,6.2
M,35-39,MK,2022,12.5
M,35-39,NL,2022,1.9
M,35-39,PL,2022,2.3
M,35-39,PT,2022,5.0
M,35-39,RO,2022,4.8
M,35-39,RS,2022,8.0
M,35-39,SE,2022,4.4
M,35-39,SI,2022,2.8
M,35-39,SK,2022,5.7
M,35-39,TR,2022,6.4
M,40-44,AT,2022,3.8
M,40-44,BA,2022,9.1
M,40-44,BE,2022,4.3
M,40-44,BG,2022,3.0
M,40-44,CH,2022,3.2
M,40-44,CY,2022,2.1
M,40-44,CZ,2022,1.7
M,40-44,DE,2022,2.9
M,40-44,DK,2022,3.0
M,40-44,EE,2022,3.9
M,40-44,GR,2022,6.9
M,40-44,ES,2022,8.1
M,40-44,FI,2022,5.3
M,40-44,FR,2022,6.0
M,40-44,HR,2022,3.2
M,40-44,HU,2022,2.7
M,40-44,IE,2022,2.9
M,40-44,IT,2022,5.8
M,40-44,LT,2022,6.3
M,40-44,LV,2022,6.8
M,40-44,MK,2022,11.6
M,40-44,MT,2022,3.8
M,40-44,NL,2022,2.1
M,40-44,PL,2022,1.8
M,40-44,PT,2022,3.7
M,40-44,RO,2022,4.5
M,40-44,RS,2022,7.1
M,40-44,SE,2022,5.8
M,40-44,SI,2022,3.2
M,40-44,SK,2022,5.2
M,40-44,TR,2022,5.9
M,40-59,AT,2022,3.8
M,40-59,BA,2022,9.3
M,40-59,BE,2022,3.9
M,40-59,BG,2022,3.5
M,40-59,CH,2022,3.3
M,40-59,CY,2022,3.1
M,40-59,CZ,2022,1.6
M,40-59,DE,2022,2.6
M,40-59,DK,2022,2.7
M,40-59,EE,2022,4.8
M,40-59,GR,2022,6.4
M,40-59,ES,2022,8.9
M,40-59,FI,2022,6.0
M,40-59,FR,2022,5.1
M,40-59,HR,2022,3.5
M,40-59,HU,2022,2.9
M,40-59,IE,2022,2.9
M,40-59,IS,2022,2.5
M,40-59,IT,2022,5.2
M,40-59,LT,2022,6.7
M,40-59,LU,2022,3.0
M,40-59,LV,2022,7.5
M,40-59,MK,2022,12.7
M,40-59,MT,2022,2.7
M,40-59,NL,2022,1.7
M,40-59,NO,2022,1.7
M,40-59,PL,2022,2.1
M,40-59,PT,2022,3.6
M,40-59,RO,2022,4.2
M,40-59,RS,2022,7.2
M,40-59,SE,2022,5.2
M,40-59,SI,2022,2.8
M,40-59,SK,2022,4.2
M,40-59,TR,2022,6.5
M,40-64,AT,2022,3.9
M,40-64,BA,2022,9.4
M,40-64,BE,2022,4.0
M,40-64,BG,2022,3.6
M,40-64,CH,2022,3.5
M,40-64,CY,2022,3.5
M,40-64,CZ,2022,1.6
M,40-64,DE,2022,2.7
M,40-64,DK,2022,2.7
M,40-64,EE,2022,4.9
M,40-64,GR,2022,6.6
M,40-64,ES,2022,9.1
M,40-64,FI,2022,6.9
M,40-64,FR,2022,5.3
M,40-64,HR,2022,3.9
M,40-64,HU,2022,3.0
M,40-64,IE,2022,3.0
M,40-64,IS,2022,2.4
M,40-64,IT,2022,5.1
M,40-64,LT,2022,6.8
M,40-64,LU,2022,3.2
M,40-64,LV,2022,7.2
M,40-64,MK,2022,13.0
M,40-64,MT,2022,2.6
M,40-64,NL,2022,2.0
M,40-64,NO,2022,1.7
M,40-64,PL,2022,2.1
M,40-64,PT,2022,3.8
M,40-64,RO,2022,4.1
M,40-64,RS,2022,7.3
M,40-64,SE,2022,5.4
M,40-64,SI,2022,3.0
M,40-64,SK,2022,4.2
M,40-64,TR,2022,6.5
M,45-49,AT,2022,3.7
M,45-49,BA,2022,8.4
M,45-49,BE,2022,3.9
M,45-49,BG,2022,3.7
M,45-49,CH,2022,2.9
M,45-49,CY,2022,3.3
M,45-49,CZ,2022,1.5
M,45-49,DE,2022,2.6
M,45-49,DK,2022,2.3
M,45-49,EE,2022,4.5
M,45-49,GR,2022,7.2
M,45-49,ES,2022,7.7
M,45-49,FI,2022,5.5
M,45-49,FR,2022,4.6
M,45-49,HR,2022,3.5
M,45-49,HU,2022,2.8
M,45-49,IT,2022,5.0
M,45-49,LT,2022,4.9
M,45-49,LU,2022,2.5
M,45-49,LV,2022,7.3
M,45-49,MK,2022,14.7
M,45-49,NL,2022,1.2
M,45-49,PL,2022,2.3
M,45-49,PT,2022,3.0
M,45-49,RO,2022,3.9
M,45-49,RS,2022,7.2
M,45-49,SE,2022,4.6
M,45-49,SI,2022,2.3
M,45-49,SK,2022,3.8
M,45-49,TR,2022,6.1
M,50-54,AT,2022,3.8
M,50-54,BA,2022,10.0
M,50-54,BE,2022,3.9
M,50-54,BG,2022,3.7
M,50-54,CH,2022,3.5
M,50-54,CY,2022,2.8
M,50-54,CZ,2022,1.4
M,50-54,DE,2022,2.2
M,50-54,DK,2022,2.2
M,50-54,EE,2022,5.8
M,50-54,GR,2022,5.4
M,50-54,ES,2022,10.0
M,50-54,FI,2022,6.3
M,50-54,FR,2022,4.5
M,50-54,HR,2022,4.4
M,50-54,HU,2022,3.3
M,50-54,IT,2022,5.1
M,50-54,LT,2022,8.4
M,50-54,LU,2022,4.0
M,50-54,LV,2022,8.1
M,50-54,MK,2022,11.5
M,50-54,NL,2022,1.7
M,50-54,PL,2022,2.6
M,50-54,PT,2022,3.7
M,50-54,RO,2022,4.0
M,50-54,RS,2022,7.5
M,50-54,SE,2022,5.1
M,50-54,SI,2022,2.2
M,50-54,TR,2022,7.2
M,50-59,AT,2022,3.8
M,50-59,BA,2022,9.8
M,50-59,BE,2022,3.7
M,50-59,BG,2022,3.7
M,50-59,CH,2022,3.6
M,50-59,CY,2022,3.5
M,50-59,CZ,2022,1.5
M,50-59,DE,2022,2.4
M,50-59,DK,2022,2.8
M,50-59,EE,2022,5.5
M,50-59,GR,2022,5.8
M,50-59,ES,2022,10.0
M,50-59,FI,2022,6.7
M,50-59,FR,2022,4.8
M,50-59,HR,2022,3.7
M,50-59,HU,2022,3.2
M,50-59,IE,2022,3.0
M,50-59,IT,2022,5.0
M,50-59,LT,2022,7.9
M,50-59,LU,2022,3.7
M,50-59,LV,2022,7.9
M,50-59,MK,2022,12.3
M,50-59,MT,2022,3.1
M,50-59,NL,2022,1.7
M,50-59,PL,2022,2.3
M,50-59,PT,2022,3.9
M,50-59,RO,2022,4.1
M,50-59,RS,2022,7.3
M,50-59,SE,2022,5.2
M,50-59,SI,2022,2.8
M,50-59,SK,2022,3.8
M,50-59,TR,2022,7.3
M,50-64,AT,2022,4.1
M,50-64,BA,2022,10.0
M,50-64,BE,2022,3.9
M,50-64,BG,2022,3.8
M,50-64,CH,2022,3.8
M,50-64,CY,2022,4.2
M,50-64,CZ,2022,1.6
M,50-64,DE,2022,2.7
M,50-64,DK,2022,2.8
M,50-64,EE,2022,5.6
M,50-64,GR,2022,6.3
M,50-64,ES,2022,10.2
M,50-64,FI,2022,8.1
M,50-64,FR,2022,5.3
M,50-64,HR,2022,4.4
M,50-64,HU,2022,3.2
M,50-64,IE,2022,3.1
M,50-64,IS,2022,1.8
M,50-64,IT,2022,4.9
M,50-64,LT,2022,7.6
M,50-64,LU,2022,4.2
M,50-64,LV,2022,7.4
M,50-64,MK,2022,12.9
M,50-64,MT,2022,2.7
M,50-64,NL,2022,2.2
M,50-64,NO,2022,1.5
M,50-64,PL,2022,2.2
M,50-64,PT,2022,4.1
M,50-64,RO,2022,4.0
M,50-64,RS,2022,7.3
M,50-64,SE,2022,5.5
M,50-64,SI,2022,3.3
M,50-64,SK,2022,3.9
M,50-64,TR,2022,7.2
M,50-74,AT,2022,3.9
M,50-74,BA,2022,9.8
M,50-74,BE,2022,3.7
M,50-74,BG,2022,3.7
M,50-74,CH,2022,3.5
M,50-74,CY,2022,3.9
M,50-74,CZ,2022,1.5
M,50-74,DE,2022,2.5
M,50-74,DK,2022,2.7
M,50-74,EE,2022,5.0
M,50-74,GR,2022,6.5
M,50-74,ES,2022,10.0
M,50-74,FI,2022,7.5
M,50-74,FR,2022,5.1
M,50-74,HR,2022,4.2
M,50-74,HU,2022,3.1
M,50-74,IE,2022,2.9
M,50-74,IS,2022,1.8
M,50-74,IT,2022,4.8
M,50-74,LT,2022,6.8
M,50-74,LU,2022,4.3
M,50-74,LV,2022,6.8
M,50-74,MK,2022,12.3
M,50-74,MT,2022,2.5
M,50-74,NL,2022,2.5
M,50-74,NO,2022,1.4
M,50-74,PL,2022,2.1
M,50-74,PT,2022,3.9
M,50-74,RO,2022,4.0
M,50-74,RS,2022,6.8
M,50-74,SE,2022,5.3
M,50-74,SI,2022,3.3
M,50-74,SK,2022,3.9
M,50-74,TR,2022,6.9
M,55-59,AT,2022,3.8
M,55-59,BA,2022,9.7
M,55-59,BE,2022,3.6
M,55-59,BG,2022,3.7
M,55-59,CH,2022,3.7
M,55-59,CY,2022,4.3
M,55-59,CZ,2022,1.7
M,55-59,DE,2022,2.6
M,55-59,DK,2022,3.4
M,55-59,EE,2022,5.2
M,55-59,GR,2022,6.3
M,55-59,ES,2022,10.0
M,55-59,FI,2022,7.0
M,55-59,FR,2022,5.2
M,55-59,HR,2022,3.1
M,55-59,HU,2022,3.1
M,55-59,IT,2022,4.8
M,55-59,LT,2022,7.3
M,55-59,LU,2022,3.4
M,55-59,LV,2022,7.8
M,55-59,MK,2022,13.1
M,55-59,NL,2022,1.7
M,55-59,PL,2022,1.9
M,55-59,PT,2022,4.1
M,55-59,RO,2022,4.3
M,55-59,RS,2022,7.2
M,55-59,SE,2022,5.4
M,55-59,SI,2022,3.5
M,55-59,SK,2022,4.2
M,55-59,TR,2022,7.5
M,55-64,AT,2022,4.3
M,55-64,BA,2022,10.1
M,55-64,BE,2022,3.9
M,55-64,BG,2022,3.8
M,55-64,CH,2022,3.9
M,55-64,CY,2022,4.9
M,55-64,CZ,2022,1.7
M,55-64,DE,2022,2.9
M,55-64,DK,2022,3.2
M,55-64,EE,2022,5.5
M,55-64,GR,2022,7.0
M,55-64,ES,2022,10.4
M,55-64,FI,2022,9.0
M,55-64,FR,2022,5.8
M,55-64,HR,2022,4.3
M,55-64,HU,2022,3.2
M,55-64,IE,2022,3.3
M,55-64,IT,2022,4.8
M,55-64,LT,2022,7.2
M,55-64,LU,2022,4.3
M,55-64,LV,2022,6.9
M,55-64,MK,2022,13.7
M,55-64,MT,2022,2.6
M,55-64,NL,2022,2.5
M,55-64,PL,2022,2.0
M,55-64,PT,2022,4.4
M,55-64,RO,2022,4.1
M,55-64,RS,2022,7.3
M,55-64,SE,2022,5.7
M,55-64,SI,2022,4.1
M,55-64,SK,2022,4.2
M,55-64,TR,2022,7.2
M,60-64,AT,2022,5.4
M,60-64,BA,2022,10.7
M,60-64,BE,2022,4.4
M,60-64,BG,2022,3.9
M,60-64,CH,2022,4.3
M,60-64,CY,2022,5.7
M,60-64,CZ,2022,1.8
M,60-64,DE,2022,3.4
M,60-64,DK,2022,2.9
M,60-64,EE,2022,5.8
M,60-64,GR,2022,8.1
M,60-64,ES,2022,11.0
M,60-64,FI,2022,11.7
M,60-64,FR,2022,7.3
M,60-64,HR,2022,6.4
M,60-64,HU,2022,3.3
M,60-64,IT,2022,4.9
M,60-64,LT,2022,7.0
M,60-64,LV,2022,5.9
M,60-64,MK,2022,14.5
M,60-64,NL,2022,3.5
M,60-64,PL,2022,2.1
M,60-64,PT,2022,4.9
M,60-64,RO,2022,3.7
M,60-64,RS,2022,7.4
M,60-64,SE,2022,6.2
M,60-64,SI,2022,5.5
M,60-64,TR,2022,6.7
M,65-69,GR,2022,10.4
M,65-69,ES,2022,5.8
M,65-69,IT,2022,3.1
M,65-69,NL,2022,5.1
M,65-69,RS,2022,3.1
M,65-69,SE,2022,4.3
M,65-69,TR,2022,4.8
M,65-74,CH,2022,1.2
M,65-74,CZ,2022,0.8
M,65-74,GR,2022,9.2
M,65-74,ES,2022,5.6
M,65-74,IT,2022,2.5
M,65-74,NL,2022,4.3
M,65-74,RS,2022,2.3
M,65-74,SE,2022,4.3
M,65-74,TR,2022,4.5
M,70-74,TR,2022,3.8
F,15-19,AT,2023,14.9
F,15-19,BE,2023,19.7
F,15-19,CH,2023,9.4
F,15-19,CZ,2023,19.9
F,15-19,DE,2023,7.7
F,15-19,DK,2023,14.6
F,15-19,EE,2023,29.5
F,15-19,GR,2023,46.1
F,15-19,ES,2023,42.8
F,15-19,FI,2023,21.4
F,15-19,FR,2023,26.2
F,15-19,HR,2023,45.6
F,15-19,HU,2023,35.7
F,15-19,IE,2023,15.6
F,15-19,IS,2023,10.5
F,15-19,IT,2023,38.7
F,15-19,LT,2023,23.0
F,15-19,MK,2023,54.5
F,15-19,NL,2023,11.0
F,15-19,NO,2023,14.9
F,15-19,PL,2023,26.8
F,15-19,PT,2023,34.3
F,15-19,RO,2023,40.4
F,15-19,RS,2023,31.1
F,15-19,SE,2023,33.0
F,15-19,SI,2023,23.5
F,15-19,TR,2023,19.2
F,15-24,AT,2023,10.7
F,15-24,BA,2023,33.2
F,15-24,BE,2023,14.4
F,15-24,BG,2023,11.1
F,15-24,CH,2023,7.6
F,15-24,CY,2023,14.7
F,15-24,CZ,2023,8.8
F,15-24,DE,2023,5.3
F,15-24,DK,2023,11.3
F,15-24,EE,2023,16.4
F,15-24,GR,2023,29.4
F,15-24,ES,2023,28.5
F,15-24,FI,2023,15.4
F,15-24,FR,2023,16.1
F,15-24,HR,2023,21.9
F,15-24,HU,2023,12.3
F,15-24,IE,2023,10.6
F,15-24,IS,2023,7.2
F,15-24,IT,2023,25.2
F,15-24,LT,2023,10.2
F,15-24,LU,2023,22.7
F,15-24,LV,2023,10.0
F,15-24,MK,2023,30.6
F,15-24,NL,2023,8.2
F,15-24,NO,2023,10.6
F,15-24,PL,2023,11.1
F,15-24,PT,2023,20.1
F,15-24,RO,2023,22.2
F,15-24,RS,2023,27.0
F,15-24,SE,2023,21.6
F,15-24,SI,2023,8.7
F,15-24,SK,2023,16.0
F,15-24,TR,2023,23.4
F,15-29,AT,2023,8.2
F,15-29,BA,2023,27.2
F,15-29,BE,2023,10.1
F,15-29,BG,2023,7.3
F,15-29,CH,2023,6.2
F,15-29,CY,2023,10.4
F,15-29,CZ,2023,6.2
F,15-29,DE,2023,4.6
F,15-29,DK,2023,10.4
F,15-29,EE,2023,12.0
F,15-29,GR,2023,24.9
F,15-29,ES,2023,21.5
F,15-29,FI,2023,12.1
F,15-29,FR,2023,13.2
F,15-29,HR,2023,15.0
F,15-29,HU,2023,7.8
F,15-29,IE,2023,7.8
F,15-29,IS,2023,6.5
F,15-29,IT,2023,18.3
F,15-29,LT,2023,8.4
F,15-29,LU,2023,11.2
F,15-29,LV,2023,7.7
F,15-29,MK,2023,23.6
F,15-29,MT,2023,5.0
F,15-29,NL,2023,6.6
F,15-29,NO,2023,7.7
F,15-29,PL,2023,7.4
F,15-29,PT,2023,14.1
F,15-29,RO,2023,12.4
F,15-29,RS,2023,18.8
F,15-29,SE,2023,16.1
F,15-29,SI,2023,7.1
F,15-29,SK,2023,10.3
F,15-29,TR,2023,20.8
F,15-39,AT,2023,6.5
F,15-39,BA,2023,21.6
F,15-39,BE,2023,7.1
F,15-39,BG,2023,5.9
F,15-39,CH,2023,5.3
F,15-39,CY,2023,7.3
F,15-39,CZ,2023,5.1
F,15-39,DE,2023,3.9
F,15-39,DK,2023,8.1
F,15-39,EE,2023,9.1
F,15-39,GR,2023,19.7
F,15-39,ES,2023,16.7
F,15-39,FI,2023,8.6
F,15-39,FR,2023,9.6
F,15-39,HR,2023,9.4
F,15-39,HU,2023,5.8
F,15-39,IE,2023,5.9
F,15-39,IS,2023,4.5
F,15-39,IT,2023,13.1
F,15-39,LT,2023,7.4
F,15-39,LU,2023,7.4
F,15-39,LV,2023,6.7
F,15-39,MK,2023,16.5
F,15-39,MT,2023,3.8
F,15-39,NL,2023,5.1
F,15-39,NO,2023,5.3
F,15-39,PL,2023,4.3
F,15-39,PT,2023,9.7
F,15-39,RO,2023,7.5
F,15-39,RS,2023,13.6
F,15-39,SE,2023,11.2
F,15-39,SI,2023,4.8
F,15-39,SK,2023,7.9
F,15-39,TR,2023,16.9
F,15-59,AT,2023,5.0
F,15-59,BA,2023,17.5
F,15-59,BE,2023,5.2
F,15-59,BG,2023,4.4
F,15-59,CH,2023,4.5
F,15-59,CY,2023,6.2
F,15-59,CZ,2023,3.2
F,15-59,DE,2023,2.9
F,15-59,DK,2023,5.6
F,15-59,EE,2023,7.2
F,15-59,GR,2023,14.8
F,15-59,ES,2023,14.1
F,15-59,FI,2023,6.5
F,15-59,FR,2023,7.4
F,15-59,HR,2023,6.8
F,15-59,HU,2023,4.2
F,15-59,IE,2023,4.4
F,15-59,IS,2023,3.2
F,15-59,IT,2023,9.2
F,15-59,LT,2023,6.7
F,15-59,LU,2023,5.4
F,15-59,LV,2023,5.6
F,15-59,MK,2023,12.1
F,15-59,MT,2023,3.3
F,15-59,NL,2023,3.8
F,15-59,NO,2023,3.8
F,15-59,PL,2023,3.0
F,15-59,PT,2023,7.0
F,15-59,RO,2023,5.3
F,15-59,RS,2023,10.6
F,15-59,SE,2023,8.2
F,15-59,SI,2023,3.6
F,15-59,SK,2023,6.2
F,15-59,TR,2023,13.3
F,15-64,AT,2023,4.9
F,15-64,BA,2023,16.9
F,15-64,BE,2023,5.1
F,15-64,BG,2023,4.3
F,15-64,CH,2023,4.4
F,15-64,CY,2023,6.0
F,15-64,CZ,2023,3.1
F,15-64,DE,2023,2.9
F,15-64,DK,2023,5.4
F,15-64,EE,2023,7.0
F,15-64,GR,2023,14.5
F,15-64,ES,2023,14.0
F,15-64,FI,2023,6.5
F,15-64,FR,2023,7.3
F,15-64,HR,2023,6.7
F,15-64,HU,2023,4.2
F,15-64,IE,2023,4.3
F,15-64,IS,2023,3.1
F,15-64,IT,2023,8.9
F,15-64,LT,2023,6.7
F,15-64,LU,2023,5.5
F,15-64,LV,2023,5.6
F,15-64,MK,2023,11.5
F,15-64,MT,2023,3.2
F,15-64,NL,2023,3.7
F,15-64,NO,2023,3.6
F,15-64,PL,2023,2.9
F,15-64,PT,2023,7.0
F,15-64,RO,2023,5.1
F,15-64,RS,2023,10.2
F,15-64,SE,2023,8.0
F,15-64,SI,2023,3.6
F,15-64,SK,2023,6.0
F,15-64,TR,2023,13.0
F,15-74,AT,2023,4.9
F,15-74,BA,2023,16.7
F,15-74,BE,2023,5.1
F,15-74,BG,2023,4.2
F,15-74,CH,2023,4.3
F,15-74,CY,2023,5.9
F,15-74,CZ,2023,3.1
F,15-74,DE,2023,2.8
F,15-74,DK,2023,5.3
F,15-74,EE,2023,6.7
F,15-74,GR,2023,14.3
F,15-74,ES,2023,13.9
F,15-74,FI,2023,6.5
F,15-74,FR,2023,7.2
F,15-74,HR,2023,6.7
F,15-74,HU,2023,4.2
F,15-74,IE,2023,4.2
F,15-74,IS,2023,3.1
F,15-74,IT,2023,8.8
F,15-74,LT,2023,6.4
F,15-74,LU,2023,5.4
F,15-74,LV,2023,5.4
F,15-74,MK,2023,11.4
F,15-74,MT,2023,3.2
F,15-74,NL,2023,3.8
F,15-74,NO,2023,3.5
F,15-74,PL,2023,2.9
F,15-74,PT,2023,6.9
F,15-74,RO,2023,5.1
F,15-74,RS,2023,9.9
F,15-74,SE,2023,7.9
F,15-74,SI,2023,3.7
F,15-74,SK,2023,5.9
F,15-74,TR,2023,12.7
F,20-24,AT,2023,8.7
F,20-24,BA,2023,32.7
F,20-24,BE,2023,12.7
F,20-24,BG,2023,9.9
F,20-24,CH,2023,6.5
F,20-24,CY,2023,14.7
F,20-24,CZ,2023,7.2
F,20-24,DE,2023,4.4
F,20-24,DK,2023,9.1
F,20-24,EE,2023,12.8
F,20-24,GR,2023,27.3
F,20-24,ES,2023,25.7
F,20-24,FI,2023,11.5
F,20-24,FR,2023,13.3
F,20-24,HR,2023,17.2
F,20-24,HU,2023,9.6
F,20-24,IE,2023,8.2
F,20-24,IT,2023,23.4
F,20-24,LT,2023,8.6
F,20-24,LV,2023,9.7
F,20-24,MK,2023,28.0
F,20-24,NL,2023,6.0
F,20-24,NO,2023,7.2
F,20-24,PL,2023,9.7
F,20-24,PT,2023,17.8
F,20-24,RO,2023,18.8
F,20-24,RS,2023,26.2
F,20-24,SE,2023,13.8
F,20-24,SI,2023,5.2
F,20-24,SK,2023,13.0
F,20-24,TR,2023,24.9
F,20-29,AT,2023,6.9
F,20-29,BA,2023,26.9
F,20-29,BE,2023,9.1
F,20-29,BG,2023,6.8
F,20-29,CH,2023,5.4
F,20-29,CY,2023,10.2
F,20-29,CZ,2023,5.6
F,20-29,DE,2023,4.1
F,20-29,DK,2023,9.1
F,20-29,EE,2023,9.9
F,20-29,GR,2023,24.0
F,20-29,ES,2023,19.9
F,20-29,FI,2023,9.4
F,20-29,FR,2023,11.6
F,20-29,HR,2023,13.0
F,20-29,HU,2023,6.7
F,20-29,IE,2023,5.9
F,20-29,IS,2023,5.0
F,20-29,IT,2023,17.2
F,20-29,LT,2023,7.6
F,20-29,LU,2023,7.4
F,20-29,LV,2023,7.4
F,20-29,MK,2023,22.6
F,20-29,MT,2023,4.1
F,20-29,NL,2023,4.9
F,20-29,NO,2023,5.2
F,20-29,PL,2023,6.8
F,20-29,PT,2023,12.9
F,20-29,RO,2023,10.7
F,20-29,RS,2023,18.0
F,20-29,SE,2023,11.3
F,20-29,SI,2023,5.5
F,20-29,SK,2023,9.2
F,20-29,TR,2023,21.0
F,20-64,AT,2023,4.5
F,20-64,BA,2023,16.8
F,20-64,BE,2023,4.8
F,20-64,BG,2023,4.2
F,20-64,CH,2023,4.2
F,20-64,CY,2023,5.9
F,20-64,CZ,2023,3.0
F,20-64,DE,2023,2.8
F,20-64,DK,2023,4.8
F,20-64,EE,2023,6.5
F,20-64,GR,2023,14.3
F,20-64,ES,2023,13.6
F,20-64,FI,2023,5.7
F,20-64,FR,2023,6.8
F,20-64,HR,2023,6.3
F,20-64,HU,2023,4.0
F,20-64,IE,2023,3.7
F,20-64,IS,2023,2.5
F,20-64,IT,2023,8.7
F,20-64,LT,2023,6.6
F,20-64,LU,2023,4.6
F,20-64,LV,2023,5.6
F,20-64,MK,2023,11.3
F,20-64,MT,2023,3.0
F,20-64,NL,2023,3.1
F,20-64,NO,2023,2.7
F,20-64,PL,2023,2.8
F,20-64,PT,2023,6.7
F,20-64,RO,2023,4.9
F,20-64,RS,2023,10.0
F,20-64,SE,2023,6.7
F,20-64,SI,2023,3.4
F,20-64,SK,2023,5.9
F,20-64,TR,2023,12.7
F,25-29,AT,2023,5.6
F,25-29,BA,2023,24.4
F,25-29,BE,2023,7.2
F,25-29,BG,2023,5.4
F,25-29,CH,2023,4.6
F,25-29,CY,2023,8.0
F,25-29,CZ,2023,4.6
F,25-29,DE,2023,3.9
F,25-29,DK,2023,9.1
F,25-29,EE,2023,7.5
F,25-29,GR,2023,22.3
F,25-29,ES,2023,16.3
F,25-29,FI,2023,7.8
F,25-29,FR,2023,10.3
F,25-29,HR,2023,11.1
F,25-29,HU,2023,5.2
F,25-29,IS,2023,5.3
F,25-29,IT,2023,13.6
F,25-29,LT,2023,6.8
F,25-29,MK,2023,20.1
F,25-29,NL,2023,3.9
F,25-29,NO,2023,3.7
F,25-29,PL,2023,5.2
F,25-29,PT,2023,9.7
F,25-29,RO,2023,6.7
F,25-29,RS,2023,13.7
F,25-29,SE,2023,9.6
F,25-29,SI,2023,5.8
F,25-29,SK,2023,7.6
F,25-29,TR,2023,17.9
F,25-49,AT,2023,4.7
F,25-49,BA,2023,17.4
F,25-49,BE,2023,4.8
F,25-49,BG,2023,4.3
F,25-49,CH,2023,4.2
F,25-49,CY,2023,5.5
F,25-49,CZ,2023,3.1
F,25-49,DE,2023,3.0
F,25-49,DK,2023,5.1
F,25-49,EE,2023,6.2
F,25-49,GR,2023,15.3
F,25-49,ES,2023,12.9
F,25-49,FI,2023,5.3
F,25-49,FR,2023,6.8
F,25-49,HR,2023,6.0
F,25-49,HU,2023,4.0
F,25-49,IE,2023,3.4
F,25-49,IS,2023,2.7
F,25-49,IT,2023,9.4
F,25-49,LT,2023,6.2
F,25-49,LU,2023,4.4
F,25-49,LV,2023,5.4
F,25-49,MK,2023,11.8
F,25-49,MT,2023,3.1
F,25-49,NL,2023,2.9
F,25-49,NO,2023,2.7
F,25-49,PL,2023,2.6
F,25-49,PT,2023,6.2
F,25-49,RO,2023,4.5
F,25-49,RS,2023,10.3
F,25-49,SE,2023,6.7
F,25-49,SI,2023,3.6
F,25-49,SK,2023,6.3
F,25-49,TR,2023,12.2
F,25-54,AT,2023,4.4
F,25-54,BA,2023,16.9
F,25-54,BE,2023,4.5
F,25-54,BG,2023,4.2
F,25-54,CH,2023,4.1
F,25-54,CY,2023,5.6
F,25-54,CZ,2023,2.9
F,25-54,DE,2023,2.8
F,25-54,DK,2023,4.6
F,25-54,EE,2023,6.0
F,25-54,GR,2023,14.5
F,25-54,ES,2023,12.8
F,25-54,FI,2023,5.1
F,25-54,FR,2023,6.5
F,25-54,HR,2023,6.0
F,25-54,HU,2023,3.8
F,25-54,IE,2023,3.3
F,25-54,IS,2023,2.5
F,25-54,IT,2023,8.8
F,25-54,LT,2023,6.2
F,25-54,LU,2023,4.2
F,25-54,LV,2023,5.4
F,25-54,MK,2023,11.2
F,25-54,MT,2023,3.1
F,25-54,NL,2023,2.7
F,25-54,NO,2023,2.5
F,25-54,PL,2023,2.5
F,25-54,PT,2023,6.1
F,25-54,RO,2023,4.3
F,25-54,RS,2023,9.8
F,25-54,SE,2023,6.4
F,25-54,SI,2023,3.2
F,25-54,SK,2023,5.9
F,25-54,TR,2023,11.6
F,25-59,AT,2023,4.2
F,25-59,BA,2023,16.4
F,25-59,BE,2023,4.3
F,25-59,BG,2023,4.2
F,25-59,CH,2023,4.0
F,25-59,CY,2023,5.6
F,25-59,CZ,2023,2.9
F,25-59,DE,2023,2.6
F,25-59,DK,2023,4.4
F,25-59,EE,2023,6.2
F,25-59,GR,2023,13.8
F,25-59,ES,2023,12.9
F,25-59,FI,2023,5.0
F,25-59,FR,2023,6.3
F,25-59,HR,2023,5.8
F,25-59,HU,2023,3.6
F,25-59,IE,2023,3.3
F,25-59,IS,2023,2.3
F,25-59,IT,2023,8.2
F,25-59,LT,2023,6.4
F,25-59,LU,2023,4.0
F,25-59,LV,2023,5.3
F,25-59,MK,2023,10.9
F,25-59,MT,2023,3.0
F,25-59,NL,2023,2.6
F,25-59,NO,2023,2.4
F,25-59,PL,2023,2.4
F,25-59,PT,2023,6.0
F,25-59,RO,2023,4.3
F,25-59,RS,2023,9.5
F,25-59,SE,2023,6.1
F,25-59,SI,2023,3.2
F,25-59,SK,2023,5.8
F,25-59,TR,2023,11.2
F,25-64,AT,2023,4.1
F,25-64,BA,2023,15.9
F,25-64,BE,2023,4.3
F,25-64,BG,2023,4.0
F,25-64,CH,2023,4.0
F,25-64,CY,2023,5.3
F,25-64,CZ,2023,2.8
F,25-64,DE,2023,2.6
F,25-64,DK,2023,4.3
F,25-64,EE,2023,6.0
F,25-64,GR,2023,13.5
F,25-64,ES,2023,12.9
F,25-64,FI,2023,5.2
F,25-64,FR,2023,6.3
F,25-64,HR,2023,5.8
F,25-64,HU,2023,3.7
F,25-64,IE,2023,3.3
F,25-64,IS,2023,2.3
F,25-64,IT,2023,7.9
F,25-64,LT,2023,6.4
F,25-64,LU,2023,4.1
F,25-64,LV,2023,5.3
F,25-64,MK,2023,10.3
F,25-64,MT,2023,2.9
F,25-64,NL,2023,2.7
F,25-64,NO,2023,2.3
F,25-64,PL,2023,2.4
F,25-64,PT,2023,6.0
F,25-64,RO,2023,4.2
F,25-64,RS,2023,9.1
F,25-64,SE,2023,6.1
F,25-64,SI,2023,3.3
F,25-64,SK,2023,5.6
F,25-64,TR,2023,10.9
F,25-74,AT,2023,4.1
F,25-74,BA,2023,15.7
F,25-74,BE,2023,4.2
F,25-74,BG,2023,4.0
F,25-74,CH,2023,3.9
F,25-74,CY,2023,5.3
F,25-74,CZ,2023,2.7
F,25-74,DE,2023,2.6
F,25-74,DK,2023,4.2
F,25-74,EE,2023,5.8
F,25-74,GR,2023,13.4
F,25-74,ES,2023,12.8
F,25-74,FI,2023,5.2
F,25-74,FR,2023,6.2
F,25-74,HR,2023,5.7
F,25-74,HU,2023,3.7
F,25-74,IE,2023,3.2
F,25-74,IS,2023,2.3
F,25-74,IT,2023,7.8
F,25-74,LT,2023,6.2
F,25-74,LU,2023,4.1
F,25-74,LV,2023,5.1
F,25-74,MK,2023,10.3
F,25-74,MT,2023,2.9
F,25-74,NL,2023,2.7
F,25-74,NO,2023,2.2
F,25-74,PL,2023,2.3
F,25-74,PT,2023,5.9
F,25-74,RO,2023,4.2
F,25-74,RS,2023,8.9
F,25-74,SE,2023,6.1
F,25-74,SI,2023,3.4
F,25-74,SK,2023,5.5
F,25-74,TR,2023,10.7
F,30-34,AT,2023,4.8
F,30-34,BA,2023,20.2
F,30-34,BE,2023,4.7
F,30-34,BG,2023,5.0
F,30-34,CH,2023,4.4
F,30-34,CY,2023,6.2
F,30-34,CZ,2023,4.8
F,30-34,DE,2023,3.3
F,30-34,DK,2023,5.8
F,30-34,EE,2023,7.1
F,30-34,GR,2023,16.3
F,30-34,ES,2023,13.7
F,30-34,FI,2023,5.3
F,30-34,FR,2023,7.2
F,30-34,HR,2023,7.6
F,30-34,HU,2023,4.3
F,30-34,IE,2023,4.4
F,30-34,IT,2023,9.6
F,30-34,LT,2023,6.4
F,30-34,LV,2023,6.6
F,30-34,MK,2023,15.3
F,30-34,NL,2023,3.1
F,30-34,PL,2023,2.5
F,30-34,PT,2023,6.7
F,30-34,RO,2023,5.4
F,30-34,RS,2023,11.5
F,30-34,SE,2023,6.4
F,30-34,SI,2023,4.5
F,30-34,SK,2023,6.3
F,30-34,TR,2023,13.5
F,30-54,AT,2023,4.2
F,30-54,BA,2023,15.6
F,30-54,BE,2023,4.0
F,30-54,BG,2023,4.1
F,30-54,CH,2023,4.1
F,30-54,CY,2023,5.2
F,30-54,CZ,2023,2.7
F,30-54,DE,2023,2.6
F,30-54,DK,2023,3.7
F,30-54,EE,2023,5.8
F,30-54,GR,2023,13.3
F,30-54,ES,2023,12.3
F,30-54,FI,2023,4.6
F,30-54,FR,2023,5.9
F,30-54,HR,2023,5.1
F,30-54,HU,2023,3.6
F,30-54,IE,2023,3.2
F,30-54,IS,2023,2.0
F,30-54,IT,2023,8.2
F,30-54,LT,2023,6.1
F,30-54,LU,2023,4.1
F,30-54,LV,2023,5.4
F,30-54,MK,2023,9.7
F,30-54,MT,2023,2.9
F,30-54,NL,2023,2.5
F,30-54,NO,2023,2.3
F,30-54,PL,2023,2.1
F,30-54,PT,2023,5.5
F,30-54,RO,2023,4.1
F,30-54,RS,2023,9.3
F,30-54,SE,2023,5.8
F,30-54,SI,2023,2.9
F,30-54,SK,2023,5.7
F,30-54,TR,2023,10.1
F,30-64,AT,2023,3.9
F,30-64,BA,2023,14.6
F,30-64,BE,2023,3.8
F,30-64,BG,2023,3.9
F,30-64,CH,2023,3.9
F,30-64,CY,2023,5.0
F,30-64,CZ,2023,2.6
F,30-64,DE,2023,2.5
F,30-64,DK,2023,3.5
F,30-64,EE,2023,5.9
F,30-64,GR,2023,12.5
F,30-64,ES,2023,12.5
F,30-64,FI,2023,4.9
F,30-64,FR,2023,5.7
F,30-64,HR,2023,5.1
F,30-64,HU,2023,3.5
F,30-64,IE,2023,3.2
F,30-64,IS,2023,1.8
F,30-64,IT,2023,7.4
F,30-64,LT,2023,6.4
F,30-64,LU,2023,3.9
F,30-64,LV,2023,5.3
F,30-64,MK,2023,9.0
F,30-64,MT,2023,2.7
F,30-64,NL,2023,2.5
F,30-64,NO,2023,2.0
F,30-64,PL,2023,2.0
F,30-64,PT,2023,5.6
F,30-64,RO,2023,4.0
F,30-64,RS,2023,8.6
F,30-64,SE,2023,5.6
F,30-64,SI,2023,3.0
F,30-64,SK,2023,5.4
F,30-64,TR,2023,9.4
F,30-74,AT,2023,3.9
F,30-74,BA,2023,14.5
F,30-74,BE,2023,3.8
F,30-74,BG,2023,3.9
F,30-74,CH,2023,3.8
F,30-74,CY,2023,4.9
F,30-74,CZ,2023,2.5
F,30-74,DE,2023,2.4
F,30-74,DK,2023,3.5
F,30-74,EE,2023,5.6
F,30-74,GR,2023,12.4
F,30-74,ES,2023,12.4
F,30-74,FI,2023,4.9
F,30-74,FR,2023,5.7
F,30-74,HR,2023,5.1
F,30-74,HU,2023,3.5
F,30-74,IE,2023,3.2
F,30-74,IS,2023,1.9
F,30-74,IT,2023,7.2
F,30-74,LT,2023,6.1
F,30-74,LU,2023,3.9
F,30-74,LV,2023,5.0
F,30-74,MK,2023,8.9
F,30-74,MT,2023,2.6
F,30-74,NL,2023,2.6
F,30-74,NO,2023,2.0
F,30-74,PL,2023,2.0
F,30-74,PT,2023,5.5
F,30-74,RO,2023,4.0
F,30-74,RS,2023,8.4
F,30-74,SE,2023,5.6
F,30-74,SI,2023,3.2
F,30-74,SK,2023,5.3
F,30-74,TR,2023,9.2
F,35-39,AT,2023,5.1
F,35-39,BA,2023,16.1
F,35-39,BE,2023,4.6
F,35-39,BG,2023,5.4
F,35-39,CH,2023,4.5
F,35-39,CY,2023,4.5
F,35-39,CZ,2023,3.9
F,35-39,DE,2023,3.1
F,35-39,DK,2023,4.4
F,35-39,EE,2023,7.0
F,35-39,GR,2023,15.7
F,35-39,ES,2023,12.9
F,35-39,FI,2023,5.2
F,35-39,FR,2023,5.7
F,35-39,HR,2023,4.1
F,35-39,HU,2023,4.5
F,35-39,IE,2023,3.7
F,35-39,IT,2023,9.7
F,35-39,LT,2023,7.4
F,35-39,LV,2023,5.7
F,35-39,MK,2023,8.9
F,35-39,NL,2023,3.0
F,35-39,PL,2023,2.3
F,35-39,PT,2023,6.0
F,35-39,RO,2023,4.3
F,35-39,RS,2023,9.4
F,35-39,SE,2023,6.7
F,35-39,SI,2023,2.7
F,35-39,SK,2023,7.0
F,35-39,TR,2023,11.6
F,40-44,AT,2023,4.0
F,40-44,BA,2023,13.0
F,40-44,BE,2023,4.1
F,40-44,BG,2023,3.9
F,40-44,CH,2023,3.2
F,40-44,CY,2023,5.3
F,40-44,CZ,2023,2.3
F,40-44,DE,2023,2.8
F,40-44,DK,2023,3.8
F,40-44,EE,2023,4.8
F,40-44,GR,2023,13.0
F,40-44,ES,2023,11.3
F,40-44,FI,2023,4.4
F,40-44,FR,2023,6.7
F,40-44,HR,2023,4.2
F,40-44,HU,2023,3.6
F,40-44,IE,2023,2.9
F,40-44,IT,2023,8.1
F,40-44,LT,2023,5.4
F,40-44,LV,2023,5.0
F,40-44,MK,2023,8.3
F,40-44,NL,2023,2.6
F,40-44,PL,2023,2.1
F,40-44,PT,2023,5.0
F,40-44,RO,2023,3.6
F,40-44,RS,2023,9.2
F,40-44,SE,2023,5.8
F,40-44,SI,2023,2.9
F,40-44,SK,2023,6.1
F,40-44,TR,2023,9.0
F,40-59,AT,2023,3.6
F,40-59,BA,2023,13.3
F,40-59,BE,2023,3.4
F,40-59,BG,2023,3.6
F,40-59,CH,2023,3.7
F,40-59,CY,2023,5.1
F,40-59,CZ,2023,2.1
F,40-59,DE,2023,2.1
F,40-59,DK,2023,2.9
F,40-59,EE,2023,5.5
F,40-59,GR,2023,11.4
F,40-59,ES,2023,12.1
F,40-59,FI,2023,4.4
F,40-59,FR,2023,5.4
F,40-59,HR,2023,4.8
F,40-59,HU,2023,3.0
F,40-59,IE,2023,2.8
F,40-59,IS,2023,1.4
F,40-59,IT,2023,6.8
F,40-59,LT,2023,6.1
F,40-59,LU,2023,3.3
F,40-59,LV,2023,4.8
F,40-59,MK,2023,8.2
F,40-59,MT,2023,2.6
F,40-59,NL,2023,2.1
F,40-59,NO,2023,1.8
F,40-59,PL,2023,1.9
F,40-59,PT,2023,5.1
F,40-59,RO,2023,3.8
F,40-59,RS,2023,8.3
F,40-59,SE,2023,5.0
F,40-59,SI,2023,2.7
F,40-59,SK,2023,5.0
F,40-59,TR,2023,7.8
F,40-64,AT,2023,3.5
F,40-64,BA,2023,12.7
F,40-64,BE,2023,3.5
F,40-64,BG,2023,3.5
F,40-64,CH,2023,3.6
F,40-64,CY,2023,4.7
F,40-64,CZ,2023,2.1
F,40-64,DE,2023,2.2
F,40-64,DK,2023,2.9
F,40-64,EE,2023,5.4
F,40-64,GR,2023,11.2
F,40-64,ES,2023,12.2
F,40-64,FI,2023,4.7
F,40-64,FR,2023,5.4
F,40-64,HR,2023,4.8
F,40-64,HU,2023,3.1
F,40-64,IE,2023,2.8
F,40-64,IS,2023,1.6
F,40-64,IT,2023,6.6
F,40-64,LT,2023,6.2
F,40-64,LU,2023,3.4
F,40-64,LV,2023,5.0
F,40-64,MK,2023,7.6
F,40-64,MT,2023,2.4
F,40-64,NL,2023,2.3
F,40-64,NO,2023,1.7
F,40-64,PL,2023,1.9
F,40-64,PT,2023,5.3
F,40-64,RO,2023,3.7
F,40-64,RS,2023,7.9
F,40-64,SE,2023,5.2
F,40-64,SI,2023,2.9
F,40-64,SK,2023,4.8
F,40-64,TR,2023,7.4
F,45-49,AT,2023,4.0
F,45-49,BA,2023,14.2
F,45-49,BE,2023,3.3
F,45-49,BG,2023,3.0
F,45-49,CH,2023,4.6
F,45-49,CY,2023,3.4
F,45-49,CZ,2023,1.6
F,45-49,DE,2023,2.0
F,45-49,DK,2023,2.2
F,45-49,EE,2023,4.9
F,45-49,GR,2023,11.4
F,45-49,ES,2023,11.8
F,45-49,FI,2023,4.0
F,45-49,FR,2023,4.8
F,45-49,HR,2023,4.4
F,45-49,HU,2023,2.9
F,45-49,IT,2023,7.8
F,45-49,LT,2023,5.0
F,45-49,LV,2023,4.4
F,45-49,MK,2023,8.5
F,45-49,NL,2023,2.2
F,45-49,PL,2023,1.8
F,45-49,PT,2023,4.9
F,45-49,RO,2023,3.5
F,45-49,RS,2023,8.8
F,45-49,SE,2023,5.4
F,45-49,SI,2023,3.4
F,45-49,SK,2023,5.1
F,45-49,TR,2023,8.2
F,50-54,AT,2023,3.1
F,50-54,BA,2023,13.7
F,50-54,BE,2023,3.2
F,50-54,BG,2023,3.6
F,50-54,CH,2023,3.7
F,50-54,CY,2023,6.6
F,50-54,CZ,2023,2.1
F,50-54,DE,2023,1.9
F,50-54,DK,2023,2.3
F,50-54,EE,2023,5.3
F,50-54,GR,2023,11.1
F,50-54,ES,2023,12.2
F,50-54,FI,2023,3.9
F,50-54,FR,2023,5.2
F,50-54,HR,2023,5.7
F,50-54,HU,2023,3.1
F,50-54,IT,2023,6.6
F,50-54,LT,2023,6.1
F,50-54,LV,2023,5.3
F,50-54,MK,2023,7.8
F,50-54,NL,2023,1.6
F,50-54,PL,2023,1.9
F,50-54,PT,2023,5.3
F,50-54,RO,2023,3.9
F,50-54,RS,2023,7.6
F,50-54,SE,2023,4.5
F,50-54,SK,2023,3.7
F,50-54,TR,2023,6.4
F,50-59,AT,2023,3.2
F,50-59,BA,2023,13.0
F,50-59,BE,2023,3.2
F,50-59,BG,2023,3.8
F,50-59,CH,2023,3.5
F,50-59,CY,2023,6.1
F,50-59,CZ,2023,2.3
F,50-59,DE,2023,1.9
F,50-59,DK,2023,2.8
F,50-59,EE,2023,6.2
F,50-59,GR,2023,10.4
F,50-59,ES,2023,12.8
F,50-59,FI,2023,4.5
F,50-59,FR,2023,5.1
F,50-59,HR,2023,5.4
F,50-59,HU,2023,2.8
F,50-59,IE,2023,3.0
F,50-59,IT,2023,5.7
F,50-59,LT,2023,7.0
F,50-59,LV,2023,5.0
F,50-59,MK,2023,8.0
F,50-59,NL,2023,1.9
F,50-59,PL,2023,1.9
F,50-59,PT,2023,5.3
F,50-59,RO,2023,4.0
F,50-59,RS,2023,7.5
F,50-59,SE,2023,4.5
F,50-59,SI,2023,2.2
F,50-59,SK,2023,4.3
F,50-59,TR,2023,6.0
F,50-64,AT,2023,3.0
F,50-64,BA,2023,11.7
F,50-64,BE,2023,3.3
F,50-64,BG,2023,3.5
F,50-64,CH,2023,3.5
F,50-64,CY,2023,5.1
F,50-64,CZ,2023,2.2
F,50-64,DE,2023,2.0
F,50-64,DK,2023,2.9
F,50-64,EE,2023,5.8
F,50-64,GR,2023,10.2
F,50-64,ES,2023,12.8
F,50-64,FI,2023,5.1
F,50-64,FR,2023,5.2
F,50-64,HR,2023,5.3
F,50-64,HU,2023,3.0
F,50-64,IE,2023,3.0
F,50-64,IT,2023,5.6
F,50-64,LT,2023,6.8
F,50-64,LV,2023,5.2
F,50-64,MK,2023,6.8
F,50-64,NL,2023,2.3
F,50-64,NO,2023,1.4
F,50-64,PL,2023,1.7
F,50-64,PT,2023,5.6
F,50-64,RO,2023,3.8
F,50-64,RS,2023,6.8
F,50-64,SE,2023,4.8
F,50-64,SI,2023,2.6
F,50-64,SK,2023,4.0
F,50-64,TR,2023,5.4
F,50-74,AT,2023,3.0
F,50-74,BA,2023,11.3
F,50-74,BE,2023,3.2
F,50-74,BG,2023,3.4
F,50-74,CH,2023,3.2
F,50-74,CY,2023,4.8
F,50-74,CZ,2023,2.1
F,50-74,DE,2023,1.9
F,50-74,DK,2023,2.8
F,50-74,EE,2023,5.2
F,50-74,GR,2023,10.1
F,50-74,ES,2023,12.6
F,50-74,FI,2023,5.1
F,50-74,FR,2023,5.1
F,50-74,HR,2023,5.2
F,50-74,HU,2023,3.1
F,50-74,IE,2023,2.9
F,50-74,IT,2023,5.4
F,50-74,LT,2023,6.1
F,50-74,LV,2023,4.7
F,50-74,MK,2023,6.6
F,50-74,NL,2023,2.4
F,50-74,NO,2023,1.4
F,50-74,PL,2023,1.7
F,50-74,PT,2023,5.5
F,50-74,RO,2023,3.8
F,50-74,RS,2023,6.3
F,50-74,SE,2023,4.9
F,50-74,SI,2023,2.9
F,50-74,SK,2023,3.8
F,50-74,TR,2023,5.0
F,55-59,AT,2023,3.3
F,55-59,BA,2023,12.1
F,55-59,BE,2023,3.1
F,55-59,BG,2023,4.0
F,55-59,CH,2023,3.3
F,55-59,CY,2023,5.5
F,55-59,CZ,2023,2.5
F,55-59,DE,2023,1.9
F,55-59,DK,2023,3.3
F,55-59,EE,2023,7.1
F,55-59,GR,2023,9.7
F,55-59,ES,2023,13.6
F,55-59,FI,2023,5.0
F,55-59,FR,2023,5.0
F,55-59,HR,2023,5.1
F,55-59,HU,2023,2.4
F,55-59,IT,2023,4.8
F,55-59,LT,2023,7.9
F,55-59,LV,2023,4.6
F,55-59,MK,2023,8.3
F,55-59,NL,2023,2.2
F,55-59,PL,2023,1.9
F,55-59,PT,2023,5.4
F,55-59,RO,2023,4.2
F,55-59,RS,2023,7.3
F,55-59,SE,2023,4.4
F,55-59,SI,2023,2.9
F,55-59,SK,2023,5.0
F,55-59,TR,2023,5.4
F,55-64,AT,2023,2.9
F,55-64,BA,2023,10.2
F,55-64,BE,2023,3.3
F,55-64,BG,2023,3.5
F,55-64,CH,2023,3.3
F,55-64,CY,2023,4.0
F,55-64,CZ,2023,2.3
F,55-64,DE,2023,2.1
F,55-64,DK,2023,3.2
F,55-64,EE,2023,6.0
F,55-64,GR,2023,9.5
F,55-64,ES,2023,13.2
F,55-64,FI,2023,5.7
F,55-64,FR,2023,5.2
F,55-64,HR,2023,5.1
F,55-64,HU,2023,3.0
F,55-64,IE,2023,3.0
F,55-64,IT,2023,4.9
F,55-64,LT,2023,7.2
F,55-64,LV,2023,5.2
F,55-64,MK,2023,6.0
F,55-64,NL,2023,2.7
F,55-64,PL,2023,1.6
F,55-64,PT,2023,5.8
F,55-64,RO,2023,3.7
F,55-64,RS,2023,6.2
F,55-64,SE,2023,5.0
F,55-64,SI,2023,3.4
F,55-64,SK,2023,4.3
F,55-64,TR,2023,4.5
F,60-64,BA,2023,7.4
F,60-64,BE,2023,3.7
F,60-64,BG,2023,2.9
F,60-64,CH,2023,3.4
F,60-64,CZ,2023,1.9
F,60-64,DE,2023,2.4
F,60-64,DK,2023,3.1
F,60-64,GR,2023,9.2
F,60-64,ES,2023,12.7
F,60-64,FI,2023,6.6
F,60-64,FR,2023,5.6
F,60-64,HR,2023,5.0
F,60-64,HU,2023,4.3
F,60-64,IT,2023,4.9
F,60-64,LT,2023,6.4
F,60-64,LV,2023,5.7
F,60-64,NL,2023,3.2
F,60-64,PT,2023,6.5
F,60-64,RS,2023,4.5
F,60-64,SE,2023,5.9
F,60-64,SI,2023,4.8
F,60-64,TR,2023,3.0
F,65-69,CZ,2023,1.0
F,65-69,GR,2023,7.8
F,65-69,ES,2023,9.0
F,65-69,IT,2023,3.0
F,65-69,NL,2023,4.1
F,65-69,SE,2023,5.9
F,65-69,TR,2023,2.1
F,65-74,CZ,2023,0.9
F,65-74,GR,2023,8.3
F,65-74,ES,2023,8.7
F,65-74,IT,2023,3.0
F,65-74,NL,2023,3.9
F,65-74,PT,2023,4.2
F,65-74,RS,2023,2.6
F,65-74,SE,2023,5.4
F,65-74,TR,2023,1.8
F,70-74,TR,2023,1.0
M,15-19,AT,2023,12.2
M,15-19,BA,2023,53.2
M,15-19,BE,2023,23.7
M,15-19,CH,2023,7.8
M,15-19,CY,2023,20.6
M,15-19,CZ,2023,29.1
M,15-19,DE,2023,8.5
M,15-19,DK,2023,14.3
M,15-19,EE,2023,42.0
M,15-19,GR,2023,30.5
M,15-19,ES,2023,43.3
M,15-19,FI,2023,23.8
M,15-19,FR,2023,21.9
M,15-19,HR,2023,33.0
M,15-19,HU,2023,25.2
M,15-19,IE,2023,14.2
M,15-19,IS,2023,16.1
M,15-19,IT,2023,32.9
M,15-19,LT,2023,29.3
M,15-19,MK,2023,36.9
M,15-19,NL,2023,10.3
M,15-19,NO,2023,17.9
M,15-19,PL,2023,17.6
M,15-19,PT,2023,38.7
M,15-19,RO,2023,44.3
M,15-19,RS,2023,35.1
M,15-19,SE,2023,38.6
M,15-19,SI,2023,16.3
M,15-19,TR,2023,12.8
M,15-24,AT,2023,10.2
M,15-24,BA,2023,28.5
M,15-24,BE,2023,17.6
M,15-24,BG,2023,12.8
M,15-24,CH,2023,8.1
M,15-24,CY,2023,18.3
M,15-24,CZ,2023,7.9
M,15-24,DE,2023,6.5
M,15-24,DK,2023,11.8
M,15-24,EE,2023,18.4
M,15-24,GR,2023,24.4
M,15-24,ES,2023,28.8
M,15-24,FI,2023,16.9
M,15-24,FR,2023,18.2
M,15-24,HR,2023,17.1
M,15-24,HU,2023,13.2
M,15-24,IE,2023,10.7
M,15-24,IS,2023,10.2
M,15-24,IT,2023,21.1
M,15-24,LT,2023,17.2
M,15-24,LU,2023,15.6
M,15-24,LV,2023,14.3
M,15-24,MK,2023,28.8
M,15-24,MT,2023,11.6
M,15-24,NL,2023,8.3
M,15-24,NO,2023,11.4
M,15-24,PL,2023,11.6
M,15-24,PT,2023,20.8
M,15-24,RO,2023,21.5
M,15-24,RS,2023,23.8
M,15-24,SE,2023,22.5
M,15-24,SI,2023,10.6
M,15-24,SK,2023,22.1
M,15-24,TR,2023,14.3
M,15-29,AT,2023,8.2
M,15-29,BA,2023,20.6
M,15-29,BE,2023,12.9
M,15-29,BG,2023,8.5
M,15-29,CH,2023,6.3
M,15-29,CY,2023,13.1
M,15-29,CZ,2023,4.5
M,15-29,DE,2023,5.3
M,15-29,DK,2023,9.9
M,15-29,EE,2023,11.3
M,15-29,GR,2023,19.3
M,15-29,ES,2023,21.3
M,15-29,FI,2023,13.3
M,15-29,FR,2023,14.0
M,15-29,HR,2023,11.4
M,15-29,HU,2023,8.2
M,15-29,IE,2023,9.3
M,15-29,IS,2023,8.1
M,15-29,IT,2023,15.6
M,15-29,LT,2023,11.1
M,15-29,LU,2023,9.7
M,15-29,LV,2023,11.1
M,15-29,MK,2023,25.9
M,15-29,MT,2023,7.4
M,15-29,NL,2023,6.8
M,15-29,NO,2023,8.5
M,15-29,PL,2023,6.2
M,15-29,PT,2023,14.2
M,15-29,RO,2023,13.3
M,15-29,RS,2023,18.3
M,15-29,SE,2023,15.8
M,15-29,SI,2023,7.8
M,15-29,SK,2023,12.6
M,15-29,TR,2023,12.8
M,15-39,AT,2023,6.6
M,15-39,BA,2023,13.7
M,15-39,BE,2023,8.7
M,15-39,BG,2023,6.1
M,15-39,CH,2023,4.6
M,15-39,CY,2023,8.4
M,15-39,CZ,2023,3.0
M,15-39,DE,2023,4.3
M,15-39,DK,2023,7.6
M,15-39,EE,2023,7.1
M,15-39,GR,2023,13.7
M,15-39,ES,2023,14.6
M,15-39,FI,2023,9.4
M,15-39,FR,2023,10.2
M,15-39,HR,2023,8.2
M,15-39,HU,2023,5.5
M,15-39,IE,2023,6.7
M,15-39,IS,2023,5.5
M,15-39,IT,2023,10.7
M,15-39,LT,2023,7.3
M,15-39,LU,2023,6.2
M,15-39,LV,2023,9.2
M,15-39,MK,2023,19.9
M,15-39,MT,2023,5.0
M,15-39,NL,2023,4.9
M,15-39,NO,2023,6.0
M,15-39,PL,2023,3.8
M,15-39,PT,2023,9.5
M,15-39,RO,2023,8.7
M,15-39,RS,2023,12.1
M,15-39,SE,2023,10.3
M,15-39,SI,2023,4.8
M,15-39,SK,2023,8.4
M,15-39,TR,2023,9.7
M,15-59,AT,2023,5.4
M,15-59,BA,2023,11.1
M,15-59,BE,2023,6.2
M,15-59,BG,2023,4.6
M,15-59,CH,2023,3.9
M,15-59,CY,2023,6.1
M,15-59,CZ,2023,2.3
M,15-59,DE,2023,3.4
M,15-59,DK,2023,5.3
M,15-59,EE,2023,6.3
M,15-59,GR,2023,8.8
M,15-59,ES,2023,10.8
M,15-59,FI,2023,7.8
M,15-59,FR,2023,7.5
M,15-59,HR,2023,5.8
M,15-59,HU,2023,4.2
M,15-59,IE,2023,4.6
M,15-59,IS,2023,4.4
M,15-59,IT,2023,7.2
M,15-59,LT,2023,7.4
M,15-59,LU,2023,4.8
M,15-59,LV,2023,8.0
M,15-59,MK,2023,14.9
M,15-59,MT,2023,3.8
M,15-59,NL,2023,3.5
M,15-59,NO,2023,4.1
M,15-59,PL,2023,2.9
M,15-59,PT,2023,6.4
M,15-59,RO,2023,6.1
M,15-59,RS,2023,9.5
M,15-59,SE,2023,7.8
M,15-59,SI,2023,3.5
M,15-59,SK,2023,6.1
M,15-59,TR,2023,7.9
M,15-64,AT,2023,5.4
M,15-64,BA,2023,11.0
M,15-64,BE,2023,6.0
M,15-64,BG,2023,4.5
M,15-64,CH,2023,3.9
M,15-64,CY,2023,6.0
M,15-64,CZ,2023,2.3
M,15-64,DE,2023,3.4
M,15-64,DK,2023,5.1
M,15-64,EE,2023,6.3
M,15-64,GR,2023,8.5
M,15-64,ES,2023,10.7
M,15-64,FI,2023,8.1
M,15-64,FR,2023,7.5
M,15-64,HR,2023,5.8
M,15-64,HU,2023,4.1
M,15-64,IE,2023,4.6
M,15-64,IS,2023,4.1
M,15-64,IT,2023,7.0
M,15-64,LT,2023,7.6
M,15-64,LU,2023,5.0
M,15-64,LV,2023,7.9
M,15-64,MK,2023,14.5
M,15-64,MT,2023,3.7
M,15-64,NL,2023,3.4
M,15-64,NO,2023,3.9
M,15-64,PL,2023,2.8
M,15-64,PT,2023,6.4
M,15-64,RO,2023,6.0
M,15-64,RS,2023,9.3
M,15-64,SE,2023,7.7
M,15-64,SI,2023,3.6
M,15-64,SK,2023,5.9
M,15-64,TR,2023,7.8
M,15-74,AT,2023,5.3
M,15-74,BA,2023,10.9
M,15-74,BE,2023,6.0
M,15-74,BG,2023,4.4
M,15-74,CH,2023,3.9
M,15-74,CY,2023,5.8
M,15-74,CZ,2023,2.2
M,15-74,DE,2023,3.3
M,15-74,DK,2023,5.0
M,15-74,EE,2023,6.2
M,15-74,GR,2023,8.5
M,15-74,ES,2023,10.7
M,15-74,FI,2023,7.9
M,15-74,FR,2023,7.5
M,15-74,HR,2023,5.7
M,15-74,HU,2023,4.1
M,15-74,IE,2023,4.4
M,15-74,IS,2023,3.9
M,15-74,IT,2023,6.8
M,15-74,LT,2023,7.3
M,15-74,LU,2023,5.0
M,15-74,LV,2023,7.6
M,15-74,MK,2023,14.3
M,15-74,MT,2023,3.7
M,15-74,NL,2023,3.4
M,15-74,NO,2023,3.7
M,15-74,PL,2023,2.8
M,15-74,PT,2023,6.2
M,15-74,RO,2023,5.9
M,15-74,RS,2023,9.1
M,15-74,SE,2023,7.5
M,15-74,SI,2023,3.6
M,15-74,SK,2023,5.8
M,15-74,TR,2023,7.7
M,20-24,AT,2023,9.2
M,20-24,BA,2023,25.2
M,20-24,BE,2023,15.9
M,20-24,BG,2023,9.9
M,20-24,CH,2023,8.3
M,20-24,CY,2023,17.9
M,20-24,CZ,2023,5.2
M,20-24,DE,2023,5.7
M,20-24,DK,2023,10.3
M,20-24,EE,2023,13.8
M,20-24,GR,2023,23.5
M,20-24,ES,2023,25.6
M,20-24,FI,2023,13.6
M,20-24,FR,2023,16.9
M,20-24,HR,2023,13.3
M,20-24,HU,2023,11.3
M,20-24,IE,2023,9.0
M,20-24,IS,2023,6.6
M,20-24,IT,2023,19.1
M,20-24,LT,2023,15.7
M,20-24,LV,2023,12.9
M,20-24,MK,2023,27.7
M,20-24,MT,2023,8.1
M,20-24,NL,2023,6.7
M,20-24,NO,2023,6.7
M,20-24,PL,2023,10.8
M,20-24,PT,2023,18.0
M,20-24,RO,2023,16.9
M,20-24,RS,2023,20.6
M,20-24,SE,2023,14.9
M,20-24,SI,2023,9.6
M,20-24,SK,2023,18.5
M,20-24,TR,2023,15.2
M,20-29,AT,2023,7.4
M,20-29,BA,2023,19.1
M,20-29,BE,2023,11.9
M,20-29,BG,2023,7.3
M,20-29,CH,2023,5.9
M,20-29,CY,2023,12.7
M,20-29,CZ,2023,3.4
M,20-29,DE,2023,4.8
M,20-29,DK,2023,8.7
M,20-29,EE,2023,8.9
M,20-29,GR,2023,18.7
M,20-29,ES,2023,19.3
M,20-29,FI,2023,11.2
M,20-29,FR,2023,12.8
M,20-29,HR,2023,9.4
M,20-29,HU,2023,7.2
M,20-29,IE,2023,8.3
M,20-29,IS,2023,5.9
M,20-29,IT,2023,14.5
M,20-29,LT,2023,10.2
M,20-29,LU,2023,8.6
M,20-29,LV,2023,10.3
M,20-29,MK,2023,25.2
M,20-29,MT,2023,5.9
M,20-29,NL,2023,5.4
M,20-29,NO,2023,5.6
M,20-29,PL,2023,5.6
M,20-29,PT,2023,12.6
M,20-29,RO,2023,11.0
M,20-29,RS,2023,16.4
M,20-29,SE,2023,11.0
M,20-29,SI,2023,7.0
M,20-29,SK,2023,10.9
M,20-29,TR,2023,12.8
M,20-64,AT,2023,5.1
M,20-64,BA,2023,10.6
M,20-64,BE,2023,5.7
M,20-64,BG,2023,4.3
M,20-64,CH,2023,3.7
M,20-64,CY,2023,5.8
M,20-64,CZ,2023,2.1
M,20-64,DE,2023,3.2
M,20-64,DK,2023,4.6
M,20-64,EE,2023,5.8
M,20-64,GR,2023,8.3
M,20-64,ES,2023,10.3
M,20-64,FI,2023,7.5
M,20-64,FR,2023,7.1
M,20-64,HR,2023,5.3
M,20-64,HU,2023,3.9
M,20-64,IE,2023,4.1
M,20-64,IS,2023,3.4
M,20-64,IT,2023,6.7
M,20-64,LT,2023,7.4
M,20-64,LU,2023,4.6
M,20-64,LV,2023,7.7
M,20-64,MK,2023,14.3
M,20-64,MT,2023,3.3
M,20-64,NL,2023,2.7
M,20-64,NO,2023,3.0
M,20-64,PL,2023,2.7
M,20-64,PT,2023,6.0
M,20-64,RO,2023,5.5
M,20-64,RS,2023,8.8
M,20-64,SE,2023,6.4
M,20-64,SI,2023,3.4
M,20-64,SK,2023,5.6
M,20-64,TR,2023,7.5
M,25-29,AT,2023,6.1
M,25-29,BA,2023,15.8
M,25-29,BE,2023,9.6
M,25-29,BG,2023,6.0
M,25-29,CH,2023,4.3
M,25-29,CY,2023,10.2
M,25-29,CZ,2023,2.3
M,25-29,DE,2023,4.1
M,25-29,DK,2023,7.5
M,25-29,EE,2023,5.7
M,25-29,GR,2023,16.5
M,25-29,ES,2023,15.1
M,25-29,FI,2023,9.4
M,25-29,FR,2023,9.4
M,25-29,HR,2023,7.0
M,25-29,HU,2023,4.8
M,25-29,IE,2023,7.6
M,25-29,IS,2023,5.5
M,25-29,IT,2023,11.4
M,25-29,LT,2023,6.2
M,25-29,LV,2023,8.3
M,25-29,MK,2023,23.7
M,25-29,MT,2023,4.8
M,25-29,NL,2023,4.1
M,25-29,NO,2023,4.7
M,25-29,PL,2023,2.6
M,25-29,PT,2023,8.9
M,25-29,RO,2023,7.4
M,25-29,RS,2023,13.8
M,25-29,SE,2023,7.7
M,25-29,SI,2023,5.1
M,25-29,SK,2023,6.8
M,25-29,TR,2023,11.0
M,25-49,AT,2023,4.9
M,25-49,BA,2023,9.8
M,25-49,BE,2023,5.7
M,25-49,BG,2023,4.3
M,25-49,CH,2023,3.3
M,25-49,CY,2023,5.3
M,25-49,CZ,2023,1.9
M,25-49,DE,2023,3.3
M,25-49,DK,2023,4.6
M,25-49,EE,2023,4.8
M,25-49,GR,2023,9.0
M,25-49,ES,2023,9.4
M,25-49,FI,2023,6.4
M,25-49,FR,2023,6.6
M,25-49,HR,2023,4.9
M,25-49,HU,2023,3.5
M,25-49,IE,2023,3.9
M,25-49,IS,2023,3.8
M,25-49,IT,2023,6.9
M,25-49,LT,2023,5.8
M,25-49,LU,2023,3.6
M,25-49,LV,2023,7.4
M,25-49,MK,2023,14.7
M,25-49,MT,2023,3.0
M,25-49,NL,2023,2.5
M,25-49,NO,2023,3.1
M,25-49,PL,2023,2.2
M,25-49,PT,2023,5.4
M,25-49,RO,2023,5.4
M,25-49,RS,2023,8.2
M,25-49,SE,2023,5.6
M,25-49,SI,2023,3.0
M,25-49,SK,2023,5.2
M,25-49,TR,2023,6.9
M,25-54,AT,2023,4.7
M,25-54,BA,2023,9.7
M,25-54,BE,2023,5.3
M,25-54,BG,2023,4.2
M,25-54,CH,2023,3.3
M,25-54,CY,2023,5.1
M,25-54,CZ,2023,1.9
M,25-54,DE,2023,3.1
M,25-54,DK,2023,4.2
M,25-54,EE,2023,5.2
M,25-54,GR,2023,8.3
M,25-54,ES,2023,9.2
M,25-54,FI,2023,6.4
M,25-54,FR,2023,6.3
M,25-54,HR,2023,4.9
M,25-54,HU,2023,3.5
M,25-54,IE,2023,3.7
M,25-54,IS,2023,3.5
M,25-54,IT,2023,6.4
M,25-54,LT,2023,6.2
M,25-54,LU,2023,3.9
M,25-54,LV,2023,7.4
M,25-54,MK,2023,14.1
M,25-54,MT,2023,2.9
M,25-54,NL,2023,2.4
M,25-54,NO,2023,2.9
M,25-54,PL,2023,2.2
M,25-54,PT,2023,5.1
M,25-54,RO,2023,5.0
M,25-54,RS,2023,8.2
M,25-54,SE,2023,5.6
M,25-54,SI,2023,2.8
M,25-54,SK,2023,5.1
M,25-54,TR,2023,6.7
M,25-59,AT,2023,4.7
M,25-59,BA,2023,9.6
M,25-59,BE,2023,5.1
M,25-59,BG,2023,4.2
M,25-59,CH,2023,3.3
M,25-59,CY,2023,5.0
M,25-59,CZ,2023,1.9
M,25-59,DE,2023,3.0
M,25-59,DK,2023,4.1
M,25-59,EE,2023,5.2
M,25-59,GR,2023,7.8
M,25-59,ES,2023,9.2
M,25-59,FI,2023,6.5
M,25-59,FR,2023,6.0
M,25-59,HR,2023,4.7
M,25-59,HU,2023,3.4
M,25-59,IE,2023,3.6
M,25-59,IS,2023,3.3
M,25-59,IT,2023,6.1
M,25-59,LT,2023,6.6
M,25-59,LU,2023,3.9
M,25-59,LV,2023,7.5
M,25-59,MK,2023,13.6
M,25-59,MT,2023,3.0
M,25-59,NL,2023,2.3
M,25-59,NO,2023,2.7
M,25-59,PL,2023,2.2
M,25-59,PT,2023,5.0
M,25-59,RO,2023,4.9
M,25-59,RS,2023,8.1
M,25-59,SE,2023,5.5
M,25-59,SI,2023,2.8
M,25-59,SK,2023,5.0
M,25-59,TR,2023,6.7
M,25-64,AT,2023,4.8
M,25-64,BA,2023,9.6
M,25-64,BE,2023,5.0
M,25-64,BG,2023,4.1
M,25-64,CH,2023,3.3
M,25-64,CY,2023,5.0
M,25-64,CZ,2023,1.9
M,25-64,DE,2023,3.0
M,25-64,DK,2023,3.9
M,25-64,EE,2023,5.3
M,25-64,GR,2023,7.6
M,25-64,ES,2023,9.3
M,25-64,FI,2023,6.9
M,25-64,FR,2023,6.1
M,25-64,HR,2023,4.7
M,25-64,HU,2023,3.4
M,25-64,IE,2023,3.6
M,25-64,IS,2023,3.1
M,25-64,IT,2023,6.0
M,25-64,LT,2023,6.9
M,25-64,LU,2023,4.1
M,25-64,LV,2023,7.4
M,25-64,MK,2023,13.2
M,25-64,MT,2023,2.9
M,25-64,NL,2023,2.3
M,25-64,NO,2023,2.6
M,25-64,PL,2023,2.2
M,25-64,PT,2023,5.1
M,25-64,RO,2023,4.9
M,25-64,RS,2023,8.0
M,25-64,SE,2023,5.6
M,25-64,SI,2023,3.0
M,25-64,SK,2023,4.8
M,25-64,TR,2023,6.6
M,25-74,AT,2023,4.7
M,25-74,BA,2023,9.5
M,25-74,BE,2023,4.9
M,25-74,BG,2023,4.0
M,25-74,CH,2023,3.3
M,25-74,CY,2023,4.9
M,25-74,CZ,2023,1.9
M,25-74,DE,2023,2.9
M,25-74,DK,2023,3.9
M,25-74,EE,2023,5.2
M,25-74,GR,2023,7.6
M,25-74,ES,2023,9.3
M,25-74,FI,2023,6.8
M,25-74,FR,2023,6.1
M,25-74,HR,2023,4.6
M,25-74,HU,2023,3.4
M,25-74,IE,2023,3.5
M,25-74,IS,2023,2.9
M,25-74,IT,2023,5.8
M,25-74,LT,2023,6.6
M,25-74,LU,2023,4.1
M,25-74,LV,2023,7.1
M,25-74,MK,2023,13.1
M,25-74,MT,2023,2.9
M,25-74,NL,2023,2.3
M,25-74,NO,2023,2.5
M,25-74,PL,2023,2.2
M,25-74,PT,2023,5.0
M,25-74,RO,2023,4.8
M,25-74,RS,2023,7.8
M,25-74,SE,2023,5.5
M,25-74,SI,2023,3.0
M,25-74,SK,2023,4.7
M,25-74,TR,2023,6.5
M,30-34,AT,2023,6.0
M,30-34,BA,2023,9.5
M,30-34,BE,2023,6.7
M,30-34,BG,2023,5.3
M,30-34,CH,2023,3.0
M,30-34,CY,2023,5.8
M,30-34,CZ,2023,2.4
M,30-34,DE,2023,3.5
M,30-34,DK,2023,4.9
M,30-34,EE,2023,5.1
M,30-34,GR,2023,11.8
M,30-34,ES,2023,10.5
M,30-34,FI,2023,6.7
M,30-34,FR,2023,7.4
M,30-34,HR,2023,6.1
M,30-34,HU,2023,3.9
M,30-34,IE,2023,4.3
M,30-34,IT,2023,7.9
M,30-34,LT,2023,6.2
M,30-34,LV,2023,8.9
M,30-34,MK,2023,17.5
M,30-34,MT,2023,3.5
M,30-34,NL,2023,2.6
M,30-34,NO,2023,3.5
M,30-34,PL,2023,2.4
M,30-34,PT,2023,6.2
M,30-34,RO,2023,6.4
M,30-34,RS,2023,7.8
M,30-34,SE,2023,5.6
M,30-34,SI,2023,3.8
M,30-34,SK,2023,6.2
M,30-34,TR,2023,6.9
M,30-54,AT,2023,4.5
M,30-54,BA,2023,8.5
M,30-54,BE,2023,4.5
M,30-54,BG,2023,4.0
M,30-54,CH,2023,3.1
M,30-54,CY,2023,4.0
M,30-54,CZ,2023,1.8
M,30-54,DE,2023,3.0
M,30-54,DK,2023,3.6
M,30-54,EE,2023,5.2
M,30-54,GR,2023,7.0
M,30-54,ES,2023,8.3
M,30-54,FI,2023,5.8
M,30-54,FR,2023,5.7
M,30-54,HR,2023,4.6
M,30-54,HU,2023,3.3
M,30-54,IE,2023,3.1
M,30-54,IS,2023,3.1
M,30-54,IT,2023,5.8
M,30-54,LT,2023,6.2
M,30-54,LU,2023,3.5
M,30-54,LV,2023,7.3
M,30-54,MK,2023,12.4
M,30-54,MT,2023,2.4
M,30-54,NL,2023,2.0
M,30-54,NO,2023,2.5
M,30-54,PL,2023,2.2
M,30-54,PT,2023,4.5
M,30-54,RO,2023,4.7
M,30-54,RS,2023,7.2
M,30-54,SE,2023,5.2
M,30-54,SI,2023,2.5
M,30-54,SK,2023,4.8
M,30-54,TR,2023,5.8
M,30-64,AT,2023,4.6
M,30-64,BA,2023,8.6
M,30-64,BE,2023,4.3
M,30-64,BG,2023,3.9
M,30-64,CH,2023,3.2
M,30-64,CY,2023,4.2
M,30-64,CZ,2023,1.9
M,30-64,DE,2023,2.9
M,30-64,DK,2023,3.4
M,30-64,EE,2023,5.2
M,30-64,GR,2023,6.5
M,30-64,ES,2023,8.7
M,30-64,FI,2023,6.6
M,30-64,FR,2023,5.7
M,30-64,HR,2023,4.4
M,30-64,HU,2023,3.3
M,30-64,IE,2023,3.1
M,30-64,IS,2023,2.7
M,30-64,IT,2023,5.4
M,30-64,LT,2023,7.0
M,30-64,LU,2023,3.7
M,30-64,LV,2023,7.3
M,30-64,MK,2023,11.8
M,30-64,MT,2023,2.6
M,30-64,NL,2023,2.0
M,30-64,NO,2023,2.3
M,30-64,PL,2023,2.1
M,30-64,PT,2023,4.6
M,30-64,RO,2023,4.6
M,30-64,RS,2023,7.3
M,30-64,SE,2023,5.3
M,30-64,SI,2023,2.7
M,30-64,SK,2023,4.6
M,30-64,TR,2023,5.8
M,30-74,AT,2023,4.5
M,30-74,BA,2023,8.6
M,30-74,BE,2023,4.3
M,30-74,BG,2023,3.9
M,30-74,CH,2023,3.2
M,30-74,CY,2023,4.1
M,30-74,CZ,2023,1.8
M,30-74,DE,2023,2.8
M,30-74,DK,2023,3.4
M,30-74,EE,2023,5.2
M,30-74,GR,2023,6.5
M,30-74,ES,2023,8.6
M,30-74,FI,2023,6.5
M,30-74,FR,2023,5.6
M,30-74,HR,2023,4.3
M,30-74,HU,2023,3.2
M,30-74,IE,2023,3.0
M,30-74,IS,2023,2.5
M,30-74,IT,2023,5.3
M,30-74,LT,2023,6.7
M,30-74,LU,2023,3.8
M,30-74,LV,2023,7.0
M,30-74,MK,2023,11.7
M,30-74,MT,2023,2.5
M,30-74,NL,2023,2.1
M,30-74,NO,2023,2.2
M,30-74,PL,2023,2.1
M,30-74,PT,2023,4.5
M,30-74,RO,2023,4.6
M,30-74,RS,2023,7.1
M,30-74,SE,2023,5.2
M,30-74,SI,2023,2.8
M,30-74,SK,2023,4.5
M,30-74,TR,2023,5.7
M,35-39,AT,2023,4.2
M,35-39,BA,2023,7.8
M,35-39,BE,2023,4.1
M,35-39,BG,2023,4.3
M,35-39,CH,2023,3.1
M,35-39,CY,2023,4.5
M,35-39,CZ,2023,1.7
M,35-39,DE,2023,3.4
M,35-39,DK,2023,5.0
M,35-39,EE,2023,3.9
M,35-39,GR,2023,7.9
M,35-39,ES,2023,8.8
M,35-39,FI,2023,5.0
M,35-39,FR,2023,5.9
M,35-39,HR,2023,5.3
M,35-39,HU,2023,3.1
M,35-39,IE,2023,3.7
M,35-39,IT,2023,6.5
M,35-39,LT,2023,4.6
M,35-39,LV,2023,7.4
M,35-39,MK,2023,13.4
M,35-39,NL,2023,2.0
M,35-39,NO,2023,3.3
M,35-39,PL,2023,2.2
M,35-39,PT,2023,5.2
M,35-39,RO,2023,5.1
M,35-39,RS,2023,7.1
M,35-39,SE,2023,4.9
M,35-39,SI,2023,1.8
M,35-39,SK,2023,5.5
M,35-39,TR,2023,5.7
M,40-44,AT,2023,3.9
M,40-44,BA,2023,8.6
M,40-44,BE,2023,3.8
M,40-44,BG,2023,3.5
M,40-44,CH,2023,3.4
M,40-44,CY,2023,2.8
M,40-44,CZ,2023,1.8
M,40-44,DE,2023,2.9
M,40-44,DK,2023,2.5
M,40-44,EE,2023,5.0
M,40-44,GR,2023,6.6
M,40-44,ES,2023,7.7
M,40-44,FI,2023,4.7
M,40-44,FR,2023,5.7
M,40-44,HR,2023,3.7
M,40-44,HU,2023,3.0
M,40-44,IE,2023,3.0
M,40-44,IS,2023,3.9
M,40-44,IT,2023,5.5
M,40-44,LT,2023,7.7
M,40-44,LV,2023,6.2
M,40-44,MK,2023,11.5
M,40-44,NL,2023,2.0
M,40-44,PL,2023,1.9
M,40-44,PT,2023,4.4
M,40-44,RO,2023,4.9
M,40-44,RS,2023,6.6
M,40-44,SE,2023,5.1
M,40-44,SI,2023,2.6
M,40-44,SK,2023,4.5
M,40-44,TR,2023,5.1
M,40-59,AT,2023,4.2
M,40-59,BA,2023,8.6
M,40-59,BE,2023,3.9
M,40-59,BG,2023,3.6
M,40-59,CH,2023,3.2
M,40-59,CY,2023,3.4
M,40-59,CZ,2023,1.8
M,40-59,DE,2023,2.5
M,40-59,DK,2023,2.8
M,40-59,EE,2023,5.5
M,40-59,GR,2023,5.4
M,40-59,ES,2023,8.0
M,40-59,FI,2023,6.1
M,40-59,FR,2023,5.0
M,40-59,HR,2023,3.6
M,40-59,HU,2023,3.1
M,40-59,IE,2023,2.6
M,40-59,IS,2023,3.0
M,40-59,IT,2023,4.9
M,40-59,LT,2023,7.4
M,40-59,LU,2023,3.4
M,40-59,LV,2023,6.9
M,40-59,MK,2023,10.3
M,40-59,MT,2023,2.1
M,40-59,NL,2023,1.8
M,40-59,NO,2023,1.8
M,40-59,PL,2023,2.1
M,40-59,PT,2023,4.0
M,40-59,RO,2023,4.2
M,40-59,RS,2023,7.3
M,40-59,SE,2023,5.1
M,40-59,SI,2023,2.5
M,40-59,SK,2023,4.1
M,40-59,TR,2023,5.6
M,40-64,AT,2023,4.4
M,40-64,BA,2023,8.6
M,40-64,BE,2023,3.9
M,40-64,BG,2023,3.6
M,40-64,CH,2023,3.3
M,40-64,CY,2023,3.6
M,40-64,CZ,2023,1.8
M,40-64,DE,2023,2.6
M,40-64,DK,2023,2.8
M,40-64,EE,2023,5.6
M,40-64,GR,2023,5.4
M,40-64,ES,2023,8.3
M,40-64,FI,2023,6.9
M,40-64,FR,2023,5.2
M,40-64,HR,2023,3.8
M,40-64,HU,2023,3.2
M,40-64,IE,2023,2.8
M,40-64,IS,2023,2.6
M,40-64,IT,2023,4.8
M,40-64,LT,2023,7.8
M,40-64,LU,2023,3.8
M,40-64,LV,2023,6.9
M,40-64,MK,2023,10.1
M,40-64,MT,2023,2.2
M,40-64,NL,2023,1.8
M,40-64,NO,2023,1.7
M,40-64,PL,2023,2.1
M,40-64,PT,2023,4.3
M,40-64,RO,2023,4.1
M,40-64,RS,2023,7.3
M,40-64,SE,2023,5.3
M,40-64,SI,2023,2.7
M,40-64,SK,2023,4.0
M,40-64,TR,2023,5.6
M,45-49,AT,2023,4.3
M,45-49,BA,2023,8.1
M,45-49,BE,2023,4.7
M,45-49,BG,2023,3.5
M,45-49,CH,2023,3.1
M,45-49,CY,2023,2.7
M,45-49,CZ,2023,1.7
M,45-49,DE,2023,2.8
M,45-49,DK,2023,2.9
M,45-49,EE,2023,4.3
M,45-49,GR,2023,4.7
M,45-49,ES,2023,7.3
M,45-49,FI,2023,6.3
M,45-49,FR,2023,4.9
M,45-49,HR,2023,3.0
M,45-49,HU,2023,3.0
M,45-49,IT,2023,5.0
M,45-49,LT,2023,4.7
M,45-49,LV,2023,6.4
M,45-49,MK,2023,8.7
M,45-49,NL,2023,1.7
M,45-49,PL,2023,2.2
M,45-49,PT,2023,3.7
M,45-49,RO,2023,4.0
M,45-49,RS,2023,7.1
M,45-49,SE,2023,4.7
M,45-49,SI,2023,2.6
M,45-49,SK,2023,3.8
M,45-49,TR,2023,5.5
M,50-54,AT,2023,4.0
M,50-54,BA,2023,8.6
M,50-54,BE,2023,3.3
M,50-54,BG,2023,3.7
M,50-54,CH,2023,3.0
M,50-54,CY,2023,3.8
M,50-54,CZ,2023,1.5
M,50-54,DE,2023,2.2
M,50-54,DK,2023,2.5
M,50-54,EE,2023,7.9
M,50-54,GR,2023,5.5
M,50-54,ES,2023,8.1
M,50-54,FI,2023,6.6
M,50-54,FR,2023,4.8
M,50-54,HR,2023,5.0
M,50-54,HU,2023,3.4
M,50-54,IT,2023,4.6
M,50-54,LT,2023,7.9
M,50-54,LV,2023,7.4
M,50-54,MK,2023,10.9
M,50-54,NL,2023,1.7
M,50-54,PL,2023,2.1
M,50-54,PT,2023,3.5
M,50-54,RO,2023,3.6
M,50-54,RS,2023,7.8
M,50-54,SE,2023,5.4
M,50-54,SI,2023,2.0
M,50-54,SK,2023,3.9
M,50-54,TR,2023,5.9
M,50-59,AT,2023,4.3
M,50-59,BA,2023,8.9
M,50-59,BE,2023,3.6
M,50-59,BG,2023,3.7
M,50-59,CH,2023,3.1
M,50-59,CY,2023,4.3
M,50-59,CZ,2023,1.8
M,50-59,DE,2023,2.3
M,50-59,DK,2023,2.8
M,50-59,EE,2023,6.5
M,50-59,GR,2023,5.1
M,50-59,ES,2023,8.7
M,50-59,FI,2023,6.7
M,50-59,FR,2023,4.8
M,50-59,HR,2023,3.9
M,50-59,HU,2023,3.3
M,50-59,IE,2023,2.7
M,50-59,IT,2023,4.5
M,50-59,LT,2023,8.7
M,50-59,LV,2023,7.7
M,50-59,MK,2023,10.5
M,50-59,NL,2023,1.7
M,50-59,NO,2023,1.7
M,50-59,PL,2023,2.1
M,50-59,PT,2023,4.0
M,50-59,RO,2023,3.9
M,50-59,RS,2023,7.8
M,50-59,SE,2023,5.3
M,50-59,SI,2023,2.4
M,50-59,SK,2023,4.1
M,50-59,TR,2023,6.0
M,50-64,AT,2023,4.5
M,50-64,BA,2023,8.9
M,50-64,BE,2023,3.5
M,50-64,BG,2023,3.6
M,50-64,CH,2023,3.3
M,50-64,CY,2023,4.4
M,50-64,CZ,2023,1.8
M,50-64,DE,2023,2.5
M,50-64,DK,2023,2.8
M,50-64,EE,2023,6.5
M,50-64,GR,2023,5.1
M,50-64,ES,2023,9.1
M,50-64,FI,2023,8.1
M,50-64,FR,2023,5.2
M,50-64,HR,2023,4.2
M,50-64,HU,2023,3.4
M,50-64,IE,2023,3.0
M,50-64,IT,2023,4.5
M,50-64,LT,2023,9.0
M,50-64,LU,2023,5.2
M,50-64,LV,2023,7.3
M,50-64,MK,2023,10.2
M,50-64,NL,2023,1.8
M,50-64,NO,2023,1.6
M,50-64,PL,2023,2.1
M,50-64,PT,2023,4.5
M,50-64,RO,2023,3.8
M,50-64,RS,2023,7.6
M,50-64,SE,2023,5.5
M,50-64,SI,2023,2.9
M,50-64,SK,2023,3.7
M,50-64,TR,2023,5.9
M,50-74,AT,2023,4.4
M,50-74,BA,2023,8.8
M,50-74,BE,2023,3.5
M,50-74,BG,2023,3.6
M,50-74,CH,2023,3.3
M,50-74,CY,2023,4.1
M,50-74,CZ,2023,1.7
M,50-74,DE,2023,2.4
M,50-74,DK,2023,2.8
M,50-74,EE,2023,6.1
M,50-74,GR,2023,5.3
M,50-74,ES,2023,8.9
M,50-74,FI,2023,7.6
M,50-74,FR,2023,5.2
M,50-74,HR,2023,4.0
M,50-74,HU,2023,3.2
M,50-74,IE,2023,2.7
M,50-74,IT,2023,4.3
M,50-74,LT,2023,8.0
M,50-74,LU,2023,5.2
M,50-74,LV,2023,6.6
M,50-74,MK,2023,9.9
M,50-74,NL,2023,2.1
M,50-74,NO,2023,1.5
M,50-74,PL,2023,2.0
M,50-74,PT,2023,4.3
M,50-74,RO,2023,3.8
M,50-74,RS,2023,7.2
M,50-74,SE,2023,5.3
M,50-74,SI,2023,3.0
M,50-74,SK,2023,3.5
M,50-74,TR,2023,5.6
M,55-59,AT,2023,4.6
M,55-59,BA,2023,9.1
M,55-59,BE,2023,3.8
M,55-59,BG,2023,3.7
M,55-59,CH,2023,3.3
M,55-59,CY,2023,4.7
M,55-59,CZ,2023,2.1
M,55-59,DE,2023,2.3
M,55-59,DK,2023,3.1
M,55-59,GR,2023,4.4
M,55-59,ES,2023,9.4
M,55-59,FI,2023,6.8
M,55-59,FR,2023,4.7
M,55-59,HR,2023,2.7
M,55-59,HU,2023,3.2
M,55-59,IT,2023,4.4
M,55-59,LT,2023,9.6
M,55-59,LV,2023,7.9
M,55-59,MK,2023,10.1
M,55-59,NL,2023,1.7
M,55-59,PL,2023,2.1
M,55-59,PT,2023,4.5
M,55-59,RO,2023,4.3
M,55-59,RS,2023,7.9
M,55-59,SE,2023,5.2
M,55-59,SI,2023,2.9
M,55-59,SK,2023,4.2
M,55-59,TR,2023,6.2
M,55-64,AT,2023,4.9
M,55-64,BA,2023,9.1
M,55-64,BE,2023,3.6
M,55-64,BG,2023,3.6
M,55-64,CH,2023,3.5
M,55-64,CY,2023,4.7
M,55-64,CZ,2023,2.1
M,55-64,DE,2023,2.6
M,55-64,DK,2023,2.9
M,55-64,EE,2023,5.5
M,55-64,GR,2023,4.8
M,55-64,ES,2023,9.8
M,55-64,FI,2023,8.8
M,55-64,FR,2023,5.5
M,55-64,HR,2023,3.8
M,55-64,HU,2023,3.3
M,55-64,IE,2023,3.3
M,55-64,IT,2023,4.5
M,55-64,LT,2023,9.6
M,55-64,LV,2023,7.3
M,55-64,MK,2023,9.7
M,55-64,NL,2023,1.9
M,55-64,PL,2023,2.0
M,55-64,PT,2023,5.1
M,55-64,RO,2023,4.1
M,55-64,RS,2023,7.6
M,55-64,SE,2023,5.6
M,55-64,SI,2023,3.6
M,55-64,SK,2023,3.6
M,55-64,TR,2023,6.0
M,60-64,AT,2023,5.4
M,60-64,BA,2023,9.2
M,60-64,BE,2023,3.4
M,60-64,BG,2023,3.5
M,60-64,CH,2023,3.9
M,60-64,CY,2023,4.8
M,60-64,CZ,2023,1.9
M,60-64,DE,2023,3.0
M,60-64,DK,2023,2.7
M,60-64,EE,2023,6.3
M,60-64,GR,2023,5.4
M,60-64,ES,2023,10.4
M,60-64,FI,2023,11.3
M,60-64,FR,2023,7.2
M,60-64,HR,2023,5.4
M,60-64,HU,2023,3.5
M,60-64,IT,2023,4.5
M,60-64,LT,2023,9.6
M,60-64,LV,2023,6.5
M,60-64,MK,2023,9.1
M,60-64,NL,2023,2.3
M,60-64,PL,2023,1.9
M,60-64,PT,2023,5.9
M,60-64,RO,2023,3.7
M,60-64,RS,2023,7.2
M,60-64,SE,2023,6.1
M,60-64,SI,2023,5.0
M,60-64,TR,2023,5.5
M,65-69,CH,2023,3.5
M,65-69,GR,2023,8.0
M,65-69,ES,2023,5.8
M,65-69,FR,2023,5.8
M,65-69,IT,2023,2.3
M,65-69,NL,2023,4.4
M,65-69,RS,2023,5.5
M,65-69,SE,2023,3.7
M,65-69,TR,2023,3.6
M,65-74,CH,2023,2.9
M,65-74,CZ,2023,0.7
M,65-74,DK,2023,2.6
M,65-74,GR,2023,7.3
M,65-74,ES,2023,5.6
M,65-74,FR,2023,4.9
M,65-74,IT,2023,1.9
M,65-74,NL,2023,3.7
M,65-74,RS,2023,3.9
M,65-74,SE,2023,3.7
M,65-74,TR,2023,3.6
M,70-74,TR,2023,3.7
F,15-19,AT,2024,14.7
F,15-19,BA,2024,56.8
F,15-19,BE,2024,21.3
F,15-19,CH,2024,11.0
F,15-19,CZ,2024,25.5
F,15-19,DE,2024,7.6
F,15-19,DK,2024,18.1
F,15-19,GR,2024,52.5
F,15-19,ES,2024,44.3
F,15-19,FI,2024,27.0
F,15-19,FR,2024,29.7
F,15-19,HR,2024,50.1
F,15-19,HU,2024,41.6
F,15-19,IE,2024,15.1
F,15-19,IS,2024,10.7
F,15-19,IT,2024,41.7
F,15-19,LT,2024,32.5
F,15-19,MK,2024,37.4
F,15-19,NL,2024,10.7
F,15-19,NO,2024,17.5
F,15-19,PL,2024,32.7
F,15-19,PT,2024,38.8
F,15-19,RO,2024,53.2
F,15-19,RS,2024,36.5
F,15-19,SE,2024,35.7
F,15-19,SI,2024,21.9
F,15-19,TR,2024,18.7
F,15-24,AT,2024,10.1
F,15-24,BA,2024,35.6
F,15-24,BE,2024,14.8
F,15-24,BG,2024,11.7
F,15-24,CH,2024,8.5
F,15-24,CY,2024,13.6
F,15-24,CZ,2024,9.9
F,15-24,DE,2024,5.9
F,15-24,DK,2024,14.2
F,15-24,EE,2024,19.3
F,15-24,GR,2024,24.1
F,15-24,ES,2024,27.1
F,15-24,FI,2024,18.0
F,15-24,FR,2024,18.4
F,15-24,HR,2024,18.2
F,15-24,HU,2024,14.8
F,15-24,IE,2024,10.3
F,15-24,IS,2024,9.4
F,15-24,IT,2024,22.2
F,15-24,LT,2024,16.4
F,15-24,LU,2024,18.1
F,15-24,LV,2024,14.1
F,15-24,MK,2024,27.8
F,15-24,MT,2024,8.2
F,15-24,NL,2024,8.5
F,15-24,NO,2024,11.4
F,15-24,PL,2024,10.9
F,15-24,PT,2024,22.4
F,15-24,RO,2024,25.1
F,15-24,RS,2024,23.1
F,15-24,SE,2024,23.6
F,15-24,SI,2024,10.9
F,15-24,SK,2024,18.9
F,15-24,TR,2024,22.4
F,15-29,AT,2024,7.5
F,15-29,BA,2024,25.6
F,15-29,BE,2024,10.0
F,15-29,BG,2024,7.1
F,15-29,CH,2024,7.1
F,15-29,CY,2024,8.2
F,15-29,CZ,2024,6.6
F,15-29,DE,2024,5.0
F,15-29,DK,2024,12.3
F,15-29,EE,2024,14.4
F,15-29,GR,2024,19.5
F,15-29,ES,2024,20.5
F,15-29,FI,2024,14.2
F,15-29,FR,2024,14.0
F,15-29,HR,2024,11.0
F,15-29,HU,2024,8.5
F,15-29,IE,2024,8.3
F,15-29,IS,2024,6.6
F,15-29,IT,2024,15.8
F,15-29,LT,2024,12.0
F,15-29,LU,2024,11.2
F,15-29,LV,2024,11.7
F,15-29,MK,2024,22.6
F,15-29,MT,2024,5.1
F,15-29,NL,2024,7.0
F,15-29,NO,2024,7.9
F,15-29,PL,2024,7.2
F,15-29,PT,2024,14.3
F,15-29,RO,2024,13.4
F,15-29,RS,2024,16.9
F,15-29,SE,2024,17.0
F,15-29,SI,2024,9.2
F,15-29,SK,2024,10.7
F,15-29,TR,2024,20.2
F,15-39,AT,2024,6.5
F,15-39,BA,2024,20.7
F,15-39,BE,2024,7.5
F,15-39,BG,2024,5.2
F,15-39,CH,2024,5.9
F,15-39,CY,2024,6.7
F,15-39,CZ,2024,5.0
F,15-39,DE,2024,4.3
F,15-39,DK,2024,9.7
F,15-39,EE,2024,10.7
F,15-39,GR,2024,16.8
F,15-39,ES,2024,15.2
F,15-39,FI,2024,10.6
F,15-39,FR,2024,10.1
F,15-39,HR,2024,7.5
F,15-39,HU,2024,5.9
F,15-39,IE,2024,6.0
F,15-39,IS,2024,4.7
F,15-39,IT,2024,11.1
F,15-39,LT,2024,8.0
F,15-39,LU,2024,8.0
F,15-39,LV,2024,8.5
F,15-39,MK,2024,16.6
F,15-39,MT,2024,3.6
F,15-39,NL,2024,5.4
F,15-39,NO,2024,5.8
F,15-39,PL,2024,4.7
F,15-39,PT,2024,9.7
F,15-39,RO,2024,7.9
F,15-39,RS,2024,12.5
F,15-39,SE,2024,12.0
F,15-39,SI,2024,6.3
F,15-39,SK,2024,8.2
F,15-39,TR,2024,16.1
F,15-59,AT,2024,4.9
F,15-59,BA,2024,17.3
F,15-59,BE,2024,5.4
F,15-59,BG,2024,4.0
F,15-59,CH,2024,4.9
F,15-59,CY,2024,5.4
F,15-59,CZ,2024,3.2
F,15-59,DE,2024,3.3
F,15-59,DK,2024,6.9
F,15-59,EE,2024,8.3
F,15-59,GR,2024,12.9
F,15-59,ES,2024,12.7
F,15-59,FI,2024,7.8
F,15-59,FR,2024,7.5
F,15-59,HR,2024,5.2
F,15-59,HU,2024,4.4
F,15-59,IE,2024,4.4
F,15-59,IS,2024,3.3
F,15-59,IT,2024,7.8
F,15-59,LT,2024,6.7
F,15-59,LU,2024,6.3
F,15-59,LV,2024,6.2
F,15-59,MK,2024,11.4
F,15-59,MT,2024,3.1
F,15-59,NL,2024,4.0
F,15-59,NO,2024,4.1
F,15-59,PL,2024,3.3
F,15-59,PT,2024,7.1
F,15-59,RO,2024,5.2
F,15-59,RS,2024,9.4
F,15-59,SE,2024,8.9
F,15-59,SI,2024,3.9
F,15-59,SK,2024,6.3
F,15-59,TR,2024,12.4
F,15-64,AT,2024,4.8
F,15-64,BA,2024,16.7
F,15-64,BE,2024,5.3
F,15-64,BG,2024,4.0
F,15-64,CH,2024,4.7
F,15-64,CY,2024,5.2
F,15-64,CZ,2024,3.1
F,15-64,DE,2024,3.2
F,15-64,DK,2024,6.6
F,15-64,EE,2024,7.9
F,15-64,GR,2024,12.9
F,15-64,ES,2024,12.7
F,15-64,FI,2024,7.7
F,15-64,FR,2024,7.3
F,15-64,HR,2024,5.0
F,15-64,HU,2024,4.4
F,15-64,IE,2024,4.4
F,15-64,IS,2024,3.3
F,15-64,IT,2024,7.5
F,15-64,LT,2024,6.8
F,15-64,LU,2024,6.3
F,15-64,LV,2024,6.2
F,15-64,MK,2024,11.1
F,15-64,MT,2024,3.0
F,15-64,NL,2024,3.9
F,15-64,NO,2024,3.9
F,15-64,PL,2024,3.1
F,15-64,PT,2024,7.0
F,15-64,RO,2024,5.1
F,15-64,RS,2024,9.1
F,15-64,SE,2024,8.6
F,15-64,SI,2024,3.9
F,15-64,SK,2024,6.1
F,15-64,TR,2024,12.1
F,15-74,AT,2024,4.7
F,15-74,BA,2024,16.6
F,15-74,BE,2024,5.3
F,15-74,BG,2024,3.9
F,15-74,CH,2024,4.6
F,15-74,CY,2024,5.1
F,15-74,CZ,2024,3.0
F,15-74,DE,2024,3.1
F,15-74,DK,2024,6.5
F,15-74,EE,2024,7.5
F,15-74,GR,2024,12.8
F,15-74,ES,2024,12.7
F,15-74,FI,2024,7.6
F,15-74,FR,2024,7.2
F,15-74,HR,2024,5.0
F,15-74,HU,2024,4.4
F,15-74,IE,2024,4.3
F,15-74,IS,2024,3.3
F,15-74,IT,2024,7.3
F,15-74,LT,2024,6.5
F,15-74,LU,2024,6.3
F,15-74,LV,2024,5.8
F,15-74,MK,2024,11.0
F,15-74,MT,2024,3.0
F,15-74,NL,2024,3.8
F,15-74,NO,2024,3.8
F,15-74,PL,2024,3.1
F,15-74,PT,2024,6.9
F,15-74,RO,2024,5.1
F,15-74,RS,2024,8.9
F,15-74,SE,2024,8.5
F,15-74,SI,2024,4.0
F,15-74,SK,2024,5.9
F,15-74,TR,2024,11.8
F,20-24,AT,2024,8.0
F,20-24,BA,2024,34.2
F,20-24,BE,2024,12.4
F,20-24,BG,2024,10.3
F,20-24,CH,2024,7.0
F,20-24,CY,2024,13.3
F,20-24,CZ,2024,7.2
F,20-24,DE,2024,5.3
F,20-24,DK,2024,11.5
F,20-24,EE,2024,17.8
F,20-24,GR,2024,20.7
F,20-24,ES,2024,23.5
F,20-24,FI,2024,12.6
F,20-24,FR,2024,15.2
F,20-24,HR,2024,12.6
F,20-24,HU,2024,11.3
F,20-24,IE,2024,8.0
F,20-24,IS,2024,8.5
F,20-24,IT,2024,19.8
F,20-24,LT,2024,14.7
F,20-24,LV,2024,12.7
F,20-24,MK,2024,26.4
F,20-24,MT,2024,6.0
F,20-24,NL,2024,6.9
F,20-24,NO,2024,6.1
F,20-24,PL,2024,8.7
F,20-24,PT,2024,20.2
F,20-24,RO,2024,18.7
F,20-24,RS,2024,20.6
F,20-24,SE,2024,15.1
F,20-24,SI,2024,7.9
F,20-24,SK,2024,14.8
F,20-24,TR,2024,24.1
F,20-29,AT,2024,6.2
F,20-29,BA,2024,25.0
F,20-29,BE,2024,8.7
F,20-29,BG,2024,6.6
F,20-29,CH,2024,6.1
F,20-29,CY,2024,7.9
F,20-29,CZ,2024,5.3
F,20-29,DE,2024,4.6
F,20-29,DK,2024,10.4
F,20-29,EE,2024,13.2
F,20-29,GR,2024,18.2
F,20-29,ES,2024,18.6
F,20-29,FI,2024,10.7
F,20-29,FR,2024,12.1
F,20-29,HR,2024,8.8
F,20-29,HU,2024,7.0
F,20-29,IE,2024,6.7
F,20-29,IS,2024,5.2
F,20-29,IT,2024,14.8
F,20-29,LT,2024,10.9
F,20-29,LU,2024,9.1
F,20-29,LV,2024,10.9
F,20-29,MK,2024,21.8
F,20-29,MT,2024,4.1
F,20-29,NL,2024,5.5
F,20-29,NO,2024,4.3
F,20-29,PL,2024,6.3
F,20-29,PT,2024,13.0
F,20-29,RO,2024,10.3
F,20-29,RS,2024,15.6
F,20-29,SE,2024,11.3
F,20-29,SI,2024,8.0
F,20-29,SK,2024,9.2
F,20-29,TR,2024,20.5
F,20-64,AT,2024,4.4
F,20-64,BA,2024,16.6
F,20-64,BE,2024,4.9
F,20-64,BG,2024,3.9
F,20-64,CH,2024,4.4
F,20-64,CY,2024,5.1
F,20-64,CZ,2024,2.9
F,20-64,DE,2024,3.1
F,20-64,DK,2024,5.7
F,20-64,EE,2024,7.5
F,20-64,GR,2024,12.6
F,20-64,ES,2024,12.3
F,20-64,FI,2024,6.7
F,20-64,FR,2024,6.8
F,20-64,HR,2024,4.6
F,20-64,HU,2024,4.2
F,20-64,IE,2024,3.9
F,20-64,IS,2024,2.8
F,20-64,IT,2024,7.3
F,20-64,LT,2024,6.6
F,20-64,LU,2024,5.7
F,20-64,LV,2024,6.0
F,20-64,MK,2024,10.8
F,20-64,MT,2024,2.8
F,20-64,NL,2024,3.3
F,20-64,NO,2024,2.9
F,20-64,PL,2024,3.0
F,20-64,PT,2024,6.7
F,20-64,RO,2024,4.5
F,20-64,RS,2024,8.8
F,20-64,SE,2024,7.2
F,20-64,SI,2024,3.7
F,20-64,SK,2024,5.8
F,20-64,TR,2024,11.7
F,25-29,AT,2024,4.8
F,25-29,BA,2024,21.5
F,25-29,BE,2024,6.8
F,25-29,BG,2024,5.0
F,25-29,CH,2024,5.4
F,25-29,CY,2024,5.2
F,25-29,CZ,2024,4.2
F,25-29,DE,2024,4.1
F,25-29,DK,2024,9.4
F,25-29,EE,2024,9.3
F,25-29,GR,2024,17.0
F,25-29,ES,2024,15.5
F,25-29,FI,2024,9.2
F,25-29,FR,2024,9.7
F,25-29,HR,2024,7.0
F,25-29,HU,2024,4.6
F,25-29,IE,2024,5.6
F,25-29,IT,2024,12.1
F,25-29,LT,2024,7.8
F,25-29,LV,2024,9.4
F,25-29,MK,2024,19.1
F,25-29,MT,2024,3.1
F,25-29,NL,2024,4.2
F,25-29,PL,2024,4.8
F,25-29,PT,2024,8.5
F,25-29,RO,2024,5.9
F,25-29,RS,2024,13.1
F,25-29,SE,2024,8.4
F,25-29,SI,2024,8.0
F,25-29,SK,2024,6.9
F,25-29,TR,2024,17.7
F,25-49,AT,2024,4.8
F,25-49,BA,2024,17.3
F,25-49,BE,2024,5.1
F,25-49,BG,2024,4.0
F,25-49,CH,2024,4.7
F,25-49,CY,2024,5.1
F,25-49,CZ,2024,3.1
F,25-49,DE,2024,3.4
F,25-49,DK,2024,6.0
F,25-49,EE,2024,7.5
F,25-49,GR,2024,13.5
F,25-49,ES,2024,11.6
F,25-49,FI,2024,6.6
F,25-49,FR,2024,6.7
F,25-49,HR,2024,4.3
F,25-49,HU,2024,3.9
F,25-49,IE,2024,3.7
F,25-49,IS,2024,2.0
F,25-49,IT,2024,8.0
F,25-49,LT,2024,5.9
F,25-49,LU,2024,5.4
F,25-49,LV,2024,6.2
F,25-49,MK,2024,11.3
F,25-49,MT,2024,2.7
F,25-49,NL,2024,3.2
F,25-49,NO,2024,2.9
F,25-49,PL,2024,3.0
F,25-49,PT,2024,6.2
F,25-49,RO,2024,4.3
F,25-49,RS,2024,9.0
F,25-49,SE,2024,7.2
F,25-49,SI,2024,4.1
F,25-49,SK,2024,6.2
F,25-49,TR,2024,11.3
F,25-54,AT,2024,4.5
F,25-54,BA,2024,16.9
F,25-54,BE,2024,4.8
F,25-54,BG,2024,3.8
F,25-54,CH,2024,4.5
F,25-54,CY,2024,4.9
F,25-54,CZ,2024,2.8
F,25-54,DE,2024,3.1
F,25-54,DK,2024,5.5
F,25-54,EE,2024,7.1
F,25-54,GR,2024,12.8
F,25-54,ES,2024,11.5
F,25-54,FI,2024,6.3
F,25-54,FR,2024,6.3
F,25-54,HR,2024,4.2
F,25-54,HU,2024,3.7
F,25-54,IE,2024,3.5
F,25-54,IS,2024,2.0
F,25-54,IT,2024,7.5
F,25-54,LT,2024,5.7
F,25-54,LU,2024,5.6
F,25-54,LV,2024,5.7
F,25-54,MK,2024,10.5
F,25-54,MT,2024,2.6
F,25-54,NL,2024,2.9
F,25-54,NO,2024,2.8
F,25-54,PL,2024,2.8
F,25-54,PT,2024,5.9
F,25-54,RO,2024,4.1
F,25-54,RS,2024,8.5
F,25-54,SE,2024,6.8
F,25-54,SI,2024,3.6
F,25-54,SK,2024,5.9
F,25-54,TR,2024,10.8
F,25-59,AT,2024,4.2
F,25-59,BA,2024,16.3
F,25-59,BE,2024,4.6
F,25-59,BG,2024,3.8
F,25-59,CH,2024,4.3
F,25-59,CY,2024,4.8
F,25-59,CZ,2024,2.8
F,25-59,DE,2024,3.0
F,25-59,DK,2024,5.3
F,25-59,EE,2024,7.1
F,25-59,GR,2024,12.2
F,25-59,ES,2024,11.6
F,25-59,FI,2024,6.1
F,25-59,FR,2024,6.1
F,25-59,HR,2024,4.3
F,25-59,HU,2024,3.6
F,25-59,IE,2024,3.5
F,25-59,IS,2024,2.0
F,25-59,IT,2024,7.0
F,25-59,LT,2024,5.9
F,25-59,LU,2024,5.3
F,25-59,LV,2024,5.6
F,25-59,MK,2024,10.1
F,25-59,MT,2024,2.6
F,25-59,NL,2024,2.8
F,25-59,NO,2024,2.7
F,25-59,PL,2024,2.7
F,25-59,PT,2024,5.9
F,25-59,RO,2024,3.9
F,25-59,RS,2024,8.4
F,25-59,SE,2024,6.6
F,25-59,SI,2024,3.3
F,25-59,SK,2024,5.7
F,25-59,TR,2024,10.4
F,25-64,AT,2024,4.1
F,25-64,BA,2024,15.7
F,25-64,BE,2024,4.5
F,25-64,BG,2024,3.7
F,25-64,CH,2024,4.2
F,25-64,CY,2024,4.6
F,25-64,CZ,2024,2.7
F,25-64,DE,2024,2.9
F,25-64,DK,2024,5.1
F,25-64,EE,2024,6.7
F,25-64,GR,2024,12.2
F,25-64,ES,2024,11.6
F,25-64,FI,2024,6.2
F,25-64,FR,2024,6.1
F,25-64,HR,2024,4.2
F,25-64,HU,2024,3.7
F,25-64,IE,2024,3.5
F,25-64,IS,2024,2.1
F,25-64,IT,2024,6.7
F,25-64,LT,2024,6.1
F,25-64,LU,2024,5.3
F,25-64,LV,2024,5.6
F,25-64,MK,2024,9.8
F,25-64,MT,2024,2.5
F,25-64,NL,2024,2.8
F,25-64,NO,2024,2.6
F,25-64,PL,2024,2.6
F,25-64,PT,2024,5.9
F,25-64,RO,2024,3.9
F,25-64,RS,2024,8.2
F,25-64,SE,2024,6.5
F,25-64,SI,2024,3.4
F,25-64,SK,2024,5.5
F,25-64,TR,2024,10.1
F,25-74,AT,2024,4.1
F,25-74,BA,2024,15.5
F,25-74,BE,2024,4.4
F,25-74,BG,2024,3.7
F,25-74,CH,2024,4.1
F,25-74,CY,2024,4.6
F,25-74,CZ,2024,2.7
F,25-74,DE,2024,2.8
F,25-74,DK,2024,5.1
F,25-74,EE,2024,6.4
F,25-74,GR,2024,12.1
F,25-74,ES,2024,11.6
F,25-74,FI,2024,6.1
F,25-74,FR,2024,6.0
F,25-74,HR,2024,4.2
F,25-74,HU,2024,3.7
F,25-74,IE,2024,3.4
F,25-74,IS,2024,2.1
F,25-74,IT,2024,6.6
F,25-74,LT,2024,5.8
F,25-74,LU,2024,5.3
F,25-74,LV,2024,5.2
F,25-74,MK,2024,9.7
F,25-74,MT,2024,2.5
F,25-74,NL,2024,2.8
F,25-74,NO,2024,2.5
F,25-74,PL,2024,2.6
F,25-74,PT,2024,5.8
F,25-74,RO,2024,3.9
F,25-74,RS,2024,8.0
F,25-74,SE,2024,6.5
F,25-74,SI,2024,3.5
F,25-74,SK,2024,5.4
F,25-74,TR,2024,9.9
F,30-34,AT,2024,6.0
F,30-34,BA,2024,17.2
F,30-34,BE,2024,5.8
F,30-34,BG,2024,5.5
F,30-34,CH,2024,5.2
F,30-34,CY,2024,5.6
F,30-34,CZ,2024,4.1
F,30-34,DE,2024,3.7
F,30-34,DK,2024,7.0
F,30-34,EE,2024,8.8
F,30-34,GR,2024,17.2
F,30-34,ES,2024,11.8
F,30-34,FI,2024,7.8
F,30-34,FR,2024,7.0
F,30-34,HR,2024,5.2
F,30-34,HU,2024,4.3
F,30-34,IT,2024,8.3
F,30-34,LT,2024,5.9
F,30-34,LV,2024,6.3
F,30-34,MK,2024,15.3
F,30-34,MT,2024,3.5
F,30-34,NL,2024,3.3
F,30-34,NO,2024,3.6
F,30-34,PL,2024,4.0
F,30-34,PT,2024,6.3
F,30-34,RO,2024,5.0
F,30-34,RS,2024,10.6
F,30-34,SE,2024,8.3
F,30-34,SI,2024,5.6
F,30-34,SK,2024,7.2
F,30-34,TR,2024,12.9
F,30-54,AT,2024,4.4
F,30-54,BA,2024,16.0
F,30-54,BE,2024,4.4
F,30-54,BG,2024,3.7
F,30-54,CH,2024,4.3
F,30-54,CY,2024,4.8
F,30-54,CZ,2024,2.7
F,30-54,DE,2024,3.0
F,30-54,DK,2024,4.7
F,30-54,EE,2024,6.8
F,30-54,GR,2024,12.1
F,30-54,ES,2024,10.9
F,30-54,FI,2024,5.8
F,30-54,FR,2024,5.7
F,30-54,HR,2024,3.8
F,30-54,HU,2024,3.6
F,30-54,IE,2024,3.2
F,30-54,IS,2024,1.9
F,30-54,IT,2024,6.9
F,30-54,LT,2024,5.5
F,30-54,LU,2024,5.3
F,30-54,LV,2024,5.2
F,30-54,MK,2024,9.0
F,30-54,MT,2024,2.5
F,30-54,NL,2024,2.7
F,30-54,NO,2024,2.8
F,30-54,PL,2024,2.5
F,30-54,PT,2024,5.6
F,30-54,RO,2024,3.9
F,30-54,RS,2024,7.9
F,30-54,SE,2024,6.5
F,30-54,SI,2024,3.0
F,30-54,SK,2024,5.7
F,30-54,TR,2024,9.1
F,30-64,AT,2024,4.0
F,30-64,BA,2024,14.8
F,30-64,BE,2024,4.1
F,30-64,BG,2024,3.6
F,30-64,CH,2024,4.0
F,30-64,CY,2024,4.5
F,30-64,CZ,2024,2.6
F,30-64,DE,2024,2.7
F,30-64,DK,2024,4.4
F,30-64,EE,2024,6.5
F,30-64,GR,2024,11.6
F,30-64,ES,2024,11.2
F,30-64,FI,2024,5.8
F,30-64,FR,2024,5.6
F,30-64,HR,2024,3.8
F,30-64,HU,2024,3.7
F,30-64,IE,2024,3.2
F,30-64,IS,2024,2.0
F,30-64,IT,2024,6.1
F,30-64,LT,2024,6.0
F,30-64,LU,2024,4.9
F,30-64,LV,2024,5.2
F,30-64,MK,2024,8.5
F,30-64,MT,2024,2.4
F,30-64,NL,2024,2.6
F,30-64,NO,2024,2.5
F,30-64,PL,2024,2.4
F,30-64,PT,2024,5.6
F,30-64,RO,2024,3.7
F,30-64,RS,2024,7.7
F,30-64,SE,2024,6.3
F,30-64,SI,2024,3.0
F,30-64,SK,2024,5.3
F,30-64,TR,2024,8.5
F,30-74,AT,2024,4.0
F,30-74,BA,2024,14.6
F,30-74,BE,2024,4.1
F,30-74,BG,2024,3.6
F,30-74,CH,2024,3.9
F,30-74,CY,2024,4.5
F,30-74,CZ,2024,2.5
F,30-74,DE,2024,2.7
F,30-74,DK,2024,4.4
F,30-74,EE,2024,6.2
F,30-74,GR,2024,11.5
F,30-74,ES,2024,11.2
F,30-74,FI,2024,5.8
F,30-74,FR,2024,5.5
F,30-74,HR,2024,3.9
F,30-74,HU,2024,3.7
F,30-74,IE,2024,3.1
F,30-74,IS,2024,2.1
F,30-74,IT,2024,6.0
F,30-74,LT,2024,5.7
F,30-74,LU,2024,5.0
F,30-74,LV,2024,4.9
F,30-74,MK,2024,8.5
F,30-74,MT,2024,2.3
F,30-74,NL,2024,2.6
F,30-74,NO,2024,2.4
F,30-74,PL,2024,2.3
F,30-74,PT,2024,5.5
F,30-74,RO,2024,3.7
F,30-74,RS,2024,7.5
F,30-74,SE,2024,6.2
F,30-74,SI,2024,3.1
F,30-74,SK,2024,5.2
F,30-74,TR,2024,8.3
F,35-39,AT,2024,5.3
F,35-39,BA,2024,17.8
F,35-39,BE,2024,5.2
F,35-39,BG,2024,3.4
F,35-39,CH,2024,4.5
F,35-39,CY,2024,5.9
F,35-39,CZ,2024,3.9
F,35-39,DE,2024,3.7
F,35-39,DK,2024,5.7
F,35-39,EE,2024,7.2
F,35-39,GR,2024,12.0
F,35-39,ES,2024,10.7
F,35-39,FI,2024,6.9
F,35-39,FR,2024,6.2
F,35-39,HR,2024,5.4
F,35-39,HU,2024,3.9
F,35-39,IE,2024,3.9
F,35-39,IT,2024,7.7
F,35-39,LT,2024,6.2
F,35-39,LV,2024,6.7
F,35-39,MK,2024,10.3
F,35-39,NL,2024,3.2
F,35-39,NO,2024,3.2
F,35-39,PL,2024,2.5
F,35-39,PT,2024,6.2
F,35-39,RO,2024,4.2
F,35-39,RS,2024,8.9
F,35-39,SE,2024,6.8
F,35-39,SI,2024,3.5
F,35-39,SK,2024,6.6
F,35-39,TR,2024,10.1
F,40-44,AT,2024,4.0
F,40-44,BA,2024,16.0
F,40-44,BE,2024,3.6
F,40-44,BG,2024,3.8
F,40-44,CH,2024,4.3
F,40-44,CY,2024,4.7
F,40-44,CZ,2024,2.2
F,40-44,DE,2024,2.9
F,40-44,DK,2024,4.3
F,40-44,EE,2024,5.9
F,40-44,GR,2024,12.9
F,40-44,ES,2024,11.0
F,40-44,FI,2024,5.0
F,40-44,FR,2024,5.8
F,40-44,HR,2024,2.9
F,40-44,HU,2024,3.3
F,40-44,IT,2024,7.3
F,40-44,LT,2024,4.7
F,40-44,LV,2024,4.4
F,40-44,MK,2024,6.5
F,40-44,MT,2024,3.8
F,40-44,NL,2024,2.7
F,40-44,PL,2024,2.1
F,40-44,PT,2024,4.9
F,40-44,RO,2024,3.9
F,40-44,RS,2024,7.1
F,40-44,SE,2024,6.5
F,40-44,SI,2024,2.9
F,40-44,SK,2024,6.2
F,40-44,TR,2024,7.8
F,40-59,AT,2024,3.4
F,40-59,BA,2024,14.2
F,40-59,BE,2024,3.5
F,40-59,BG,2024,3.4
F,40-59,CH,2024,3.8
F,40-59,CY,2024,4.0
F,40-59,CZ,2024,2.2
F,40-59,DE,2024,2.4
F,40-59,DK,2024,3.6
F,40-59,EE,2024,6.3
F,40-59,GR,2024,10.5
F,40-59,ES,2024,11.0
F,40-59,FI,2024,4.8
F,40-59,FR,2024,5.1
F,40-59,HR,2024,3.3
F,40-59,HU,2024,3.3
F,40-59,IE,2024,2.8
F,40-59,IS,2024,1.4
F,40-59,IT,2024,5.8
F,40-59,LT,2024,5.6
F,40-59,LU,2024,4.6
F,40-59,LV,2024,4.5
F,40-59,MK,2024,6.7
F,40-59,MT,2024,2.4
F,40-59,NL,2024,2.2
F,40-59,NO,2024,2.1
F,40-59,PL,2024,2.1
F,40-59,PT,2024,5.3
F,40-59,RO,2024,3.4
F,40-59,RS,2024,7.0
F,40-59,SE,2024,5.7
F,40-59,SI,2024,2.1
F,40-59,SK,2024,5.0
F,40-59,TR,2024,6.9
F,40-64,AT,2024,3.3
F,40-64,BA,2024,13.4
F,40-64,BE,2024,3.5
F,40-64,BG,2024,3.4
F,40-64,CH,2024,3.7
F,40-64,CY,2024,3.8
F,40-64,CZ,2024,2.2
F,40-64,DE,2024,2.4
F,40-64,DK,2024,3.6
F,40-64,EE,2024,5.9
F,40-64,GR,2024,10.7
F,40-64,ES,2024,11.2
F,40-64,FI,2024,5.2
F,40-64,FR,2024,5.2
F,40-64,HR,2024,3.2
F,40-64,HU,2024,3.5
F,40-64,IE,2024,2.9
F,40-64,IS,2024,1.7
F,40-64,IT,2024,5.5
F,40-64,LT,2024,5.9
F,40-64,LU,2024,4.5
F,40-64,LV,2024,4.7
F,40-64,MK,2024,6.5
F,40-64,MT,2024,2.3
F,40-64,NL,2024,2.3
F,40-64,NO,2024,2.0
F,40-64,PL,2024,2.0
F,40-64,PT,2024,5.3
F,40-64,RO,2024,3.3
F,40-64,RS,2024,6.8
F,40-64,SE,2024,5.6
F,40-64,SI,2024,2.3
F,40-64,SK,2024,4.7
F,40-64,TR,2024,6.7
F,45-49,AT,2024,3.9
F,45-49,BA,2024,14.3
F,45-49,BE,2024,4.1
F,45-49,BG,2024,3.1
F,45-49,CH,2024,4.1
F,45-49,CY,2024,3.9
F,45-49,CZ,2024,2.3
F,45-49,DE,2024,2.5
F,45-49,DK,2024,3.2
F,45-49,EE,2024,6.9
F,45-49,GR,2024,10.2
F,45-49,ES,2024,10.5
F,45-49,FI,2024,4.7
F,45-49,FR,2024,5.0
F,45-49,HR,2024,2.1
F,45-49,HU,2024,3.7
F,45-49,IT,2024,6.1
F,45-49,LT,2024,5.8
F,45-49,LV,2024,5.5
F,45-49,MK,2024,7.2
F,45-49,NL,2024,2.3
F,45-49,PL,2024,2.3
F,45-49,PT,2024,5.7
F,45-49,RO,2024,3.4
F,45-49,RS,2024,6.8
F,45-49,SE,2024,5.9
F,45-49,SI,2024,2.5
F,45-49,SK,2024,4.9
F,45-49,TR,2024,7.1
F,50-54,AT,2024,2.8
F,50-54,BA,2024,14.2
F,50-54,BE,2024,3.1
F,50-54,BG,2024,3.2
F,50-54,CH,2024,3.5
F,50-54,CY,2024,3.8
F,50-54,CZ,2024,2.0
F,50-54,DE,2024,2.1
F,50-54,DK,2024,3.2
F,50-54,EE,2024,5.4
F,50-54,GR,2024,10.0
F,50-54,ES,2024,11.0
F,50-54,FI,2024,4.4
F,50-54,FR,2024,4.7
F,50-54,HR,2024,3.6
F,50-54,HU,2024,3.0
F,50-54,IT,2024,5.7
F,50-54,LT,2024,4.9
F,50-54,MK,2024,5.9
F,50-54,NL,2024,1.9
F,50-54,PL,2024,1.9
F,50-54,PT,2024,4.9
F,50-54,RO,2024,3.5
F,50-54,RS,2024,6.4
F,50-54,SE,2024,4.9
F,50-54,SK,2024,3.9
F,50-54,TR,2024,6.4
F,50-59,AT,2024,2.9
F,50-59,BA,2024,12.6
F,50-59,BE,2024,3.2
F,50-59,BG,2024,3.3
F,50-59,CH,2024,3.4
F,50-59,CY,2024,3.7
F,50-59,CZ,2024,2.2
F,50-59,DE,2024,2.1
F,50-59,DK,2024,3.5
F,50-59,EE,2024,6.2
F,50-59,GR,2024,9.4
F,50-59,ES,2024,11.4
F,50-59,FI,2024,4.8
F,50-59,FR,2024,4.8
F,50-59,HR,2024,4.2
F,50-59,HU,2024,3.0
F,50-59,IE,2024,2.8
F,50-59,IT,2024,5.0
F,50-59,LT,2024,5.9
F,50-59,LV,2024,4.1
F,50-59,MK,2024,6.5
F,50-59,NL,2024,2.0
F,50-59,NO,2024,2.0
F,50-59,PL,2024,1.9
F,50-59,PT,2024,5.3
F,50-59,RO,2024,3.1
F,50-59,RS,2024,7.0
F,50-59,SE,2024,5.2
F,50-59,SI,2024,1.4
F,50-59,SK,2024,4.3
F,50-59,TR,2024,5.8
F,50-64,AT,2024,2.7
F,50-64,BA,2024,11.4
F,50-64,BE,2024,3.2
F,50-64,BG,2024,3.3
F,50-64,CH,2024,3.2
F,50-64,CY,2024,3.4
F,50-64,CZ,2024,2.1
F,50-64,DE,2024,2.2
F,50-64,DK,2024,3.5
F,50-64,EE,2024,5.5
F,50-64,GR,2024,9.9
F,50-64,ES,2024,11.6
F,50-64,FI,2024,5.5
F,50-64,FR,2024,5.0
F,50-64,HR,2024,3.9
F,50-64,HU,2024,3.4
F,50-64,IE,2024,3.0
F,50-64,IS,2024,2.1
F,50-64,IT,2024,4.7
F,50-64,LT,2024,6.4
F,50-64,LV,2024,4.6
F,50-64,MK,2024,6.2
F,50-64,NL,2024,2.1
F,50-64,NO,2024,1.9
F,50-64,PL,2024,1.7
F,50-64,PT,2024,5.4
F,50-64,RO,2024,2.9
F,50-64,RS,2024,6.7
F,50-64,SE,2024,5.2
F,50-64,SI,2024,2.0
F,50-64,SK,2024,3.9
F,50-64,TR,2024,5.4
F,50-74,AT,2024,2.7
F,50-74,BA,2024,11.0
F,50-74,BE,2024,3.1
F,50-74,BG,2024,3.2
F,50-74,CH,2024,3.0
F,50-74,CY,2024,3.3
F,50-74,CZ,2024,2.0
F,50-74,DE,2024,2.1
F,50-74,DK,2024,3.6
F,50-74,EE,2024,5.0
F,50-74,GR,2024,9.8
F,50-74,ES,2024,11.5
F,50-74,FI,2024,5.3
F,50-74,FR,2024,4.8
F,50-74,HR,2024,4.0
F,50-74,HU,2024,3.4
F,50-74,IE,2024,2.9
F,50-74,IS,2024,2.4
F,50-74,IT,2024,4.6
F,50-74,LT,2024,5.7
F,50-74,LV,2024,4.0
F,50-74,MK,2024,6.1
F,50-74,NL,2024,2.2
F,50-74,NO,2024,1.7
F,50-74,PL,2024,1.7
F,50-74,PT,2024,5.1
F,50-74,RO,2024,3.0
F,50-74,RS,2024,6.3
F,50-74,SE,2024,5.3
F,50-74,SI,2024,2.3
F,50-74,SK,2024,3.7
F,50-74,TR,2024,4.9
F,55-59,AT,2024,2.9
F,55-59,BA,2024,10.8
F,55-59,BE,2024,3.4
F,55-59,BG,2024,3.4
F,55-59,CH,2024,3.2
F,55-59,CY,2024,3.6
F,55-59,CZ,2024,2.4
F,55-59,DE,2024,2.1
F,55-59,DK,2024,3.8
F,55-59,EE,2024,7.1
F,55-59,GR,2024,8.8
F,55-59,ES,2024,11.8
F,55-59,FI,2024,5.3
F,55-59,FR,2024,4.9
F,55-59,HR,2024,4.9
F,55-59,HU,2024,3.0
F,55-59,IT,2024,4.3
F,55-59,LT,2024,6.9
F,55-59,LV,2024,4.9
F,55-59,MK,2024,7.3
F,55-59,NL,2024,2.0
F,55-59,PL,2024,1.9
F,55-59,PT,2024,5.7
F,55-59,RO,2024,2.4
F,55-59,RS,2024,7.7
F,55-59,SE,2024,5.5
F,55-59,SK,2024,4.8
F,55-59,TR,2024,4.9
F,55-64,AT,2024,2.7
F,55-64,BA,2024,9.4
F,55-64,BE,2024,3.2
F,55-64,BG,2024,3.3
F,55-64,CH,2024,3.1
F,55-64,CY,2024,3.2
F,55-64,CZ,2024,2.2
F,55-64,DE,2024,2.2
F,55-64,DK,2024,3.7
F,55-64,EE,2024,5.5
F,55-64,GR,2024,9.9
F,55-64,ES,2024,12.1
F,55-64,FI,2024,6.0
F,55-64,FR,2024,5.1
F,55-64,HR,2024,4.1
F,55-64,HU,2024,3.8
F,55-64,IE,2024,3.1
F,55-64,IT,2024,4.0
F,55-64,LT,2024,7.2
F,55-64,LV,2024,5.3
F,55-64,MK,2024,6.4
F,55-64,NL,2024,2.2
F,55-64,PL,2024,1.6
F,55-64,PT,2024,5.7
F,55-64,RO,2024,2.4
F,55-64,RS,2024,6.9
F,55-64,SE,2024,5.4
F,55-64,SI,2024,2.7
F,55-64,SK,2024,3.8
F,55-64,TR,2024,4.4
F,60-64,BA,2024,7.3
F,60-64,BE,2024,2.9
F,60-64,BG,2024,3.2
F,60-64,CH,2024,2.9
F,60-64,CZ,2024,1.9
F,60-64,DE,2024,2.3
F,60-64,DK,2024,3.5
F,60-64,GR,2024,12.1
F,60-64,ES,2024,12.6
F,60-64,FI,2024,6.8
F,60-64,FR,2024,5.6
F,60-64,HR,2024,2.6
F,60-64,HU,2024,5.4
F,60-64,IT,2024,3.4
F,60-64,LT,2024,7.6
F,60-64,LV,2024,5.6
F,60-64,MK,2024,4.6
F,60-64,NL,2024,2.4
F,60-64,PT,2024,5.6
F,60-64,RS,2024,5.7
F,60-64,SE,2024,5.2
F,60-64,SI,2024,5.1
F,60-64,TR,2024,3.5
F,65-69,CZ,2024,1.1
F,65-69,GR,2024,8.2
F,65-69,ES,2024,9.6
F,65-69,IT,2024,3.4
F,65-69,NL,2024,2.7
F,65-69,SE,2024,6.4
F,65-69,TR,2024,1.9
F,65-74,CZ,2024,0.8
F,65-74,DK,2024,4.2
F,65-74,GR,2024,8.2
F,65-74,ES,2024,9.3
F,65-74,IT,2024,3.1
F,65-74,NL,2024,2.9
F,65-74,RS,2024,2.7
F,65-74,SE,2024,5.8
F,65-74,TR,2024,1.4
M,15-19,AT,2024,11.9
M,15-19,BA,2024,44.0
M,15-19,BE,2024,26.8
M,15-19,CH,2024,8.5
M,15-19,CZ,2024,28.6
M,15-19,DE,2024,8.8
M,15-19,DK,2024,19.2
M,15-19,EE,2024,43.9
M,15-19,GR,2024,22.8
M,15-19,ES,2024,37.9
M,15-19,FI,2024,26.2
M,15-19,FR,2024,25.0
M,15-19,HR,2024,24.8
M,15-19,HU,2024,32.4
M,15-19,IE,2024,16.0
M,15-19,IS,2024,14.8
M,15-19,IT,2024,31.9
M,15-19,LT,2024,42.7
M,15-19,MK,2024,41.9
M,15-19,MT,2024,21.5
M,15-19,NL,2024,11.2
M,15-19,NO,2024,19.0
M,15-19,PT,2024,38.1
M,15-19,RO,2024,46.3
M,15-19,RS,2024,32.5
M,15-19,SE,2024,40.2
M,15-19,SI,2024,20.7
M,15-19,TR,2024,11.9
M,15-24,AT,2024,10.4
M,15-24,BA,2024,27.5
M,15-24,BE,2024,19.6
M,15-24,BG,2024,12.8
M,15-24,CH,2024,8.0
M,15-24,CY,2024,12.4
M,15-24,CZ,2024,8.6
M,15-24,DE,2024,7.1
M,15-24,DK,2024,15.0
M,15-24,EE,2024,18.9
M,15-24,GR,2024,21.1
M,15-24,ES,2024,26.0
M,15-24,FI,2024,19.6
M,15-24,FR,2024,19.0
M,15-24,HR,2024,15.9
M,15-24,HU,2024,15.4
M,15-24,IE,2024,10.9
M,15-24,IS,2024,8.8
M,15-24,IT,2024,19.2
M,15-24,LT,2024,16.0
M,15-24,LU,2024,24.4
M,15-24,LV,2024,13.2
M,15-24,MK,2024,29.6
M,15-24,MT,2024,9.9
M,15-24,NL,2024,8.8
M,15-24,NO,2024,12.7
M,15-24,PL,2024,10.7
M,15-24,PT,2024,20.9
M,15-24,RO,2024,23.2
M,15-24,RS,2024,23.0
M,15-24,SE,2024,24.9
M,15-24,SI,2024,11.0
M,15-24,SK,2024,19.3
M,15-24,TR,2024,13.1
M,15-29,AT,2024,8.9
M,15-29,BA,2024,18.4
M,15-29,BE,2024,14.5
M,15-29,BG,2024,8.2
M,15-29,CH,2024,6.6
M,15-29,CY,2024,11.5
M,15-29,CZ,2024,5.3
M,15-29,DE,2024,6.0
M,15-29,DK,2024,11.8
M,15-29,EE,2024,14.1
M,15-29,GR,2024,18.8
M,15-29,ES,2024,20.0
M,15-29,FI,2024,15.6
M,15-29,FR,2024,14.7
M,15-29,HR,2024,12.6
M,15-29,HU,2024,9.8
M,15-29,IE,2024,8.9
M,15-29,IS,2024,6.6
M,15-29,IT,2024,13.9
M,15-29,LT,2024,11.1
M,15-29,LU,2024,14.7
M,15-29,LV,2024,10.7
M,15-29,MK,2024,23.9
M,15-29,MT,2024,6.6
M,15-29,NL,2024,7.0
M,15-29,NO,2024,9.2
M,15-29,PL,2024,6.3
M,15-29,PT,2024,14.1
M,15-29,RO,2024,14.5
M,15-29,RS,2024,16.8
M,15-29,SE,2024,17.5
M,15-29,SI,2024,7.0
M,15-29,SK,2024,11.5
M,15-29,TR,2024,11.5
M,15-39,AT,2024,7.1
M,15-39,BA,2024,13.0
M,15-39,BE,2024,9.1
M,15-39,BG,2024,6.1
M,15-39,CH,2024,5.2
M,15-39,CY,2024,6.6
M,15-39,CZ,2024,3.2
M,15-39,DE,2024,4.9
M,15-39,DK,2024,8.8
M,15-39,EE,2024,8.6
M,15-39,GR,2024,12.6
M,15-39,ES,2024,13.8
M,15-39,FI,2024,11.6
M,15-39,FR,2024,10.4
M,15-39,HR,2024,7.4
M,15-39,HU,2024,6.2
M,15-39,IE,2024,6.4
M,15-39,IS,2024,5.0
M,15-39,IT,2024,9.5
M,15-39,LT,2024,7.7
M,15-39,LU,2024,9.1
M,15-39,LV,2024,9.0
M,15-39,MK,2024,17.5
M,15-39,MT,2024,4.3
M,15-39,NL,2024,5.0
M,15-39,NO,2024,6.4
M,15-39,PL,2024,3.7
M,15-39,PT,2024,9.2
M,15-39,RO,2024,8.9
M,15-39,RS,2024,12.1
M,15-39,SE,2024,11.5
M,15-39,SI,2024,4.4
M,15-39,SK,2024,7.3
M,15-39,TR,2024,8.8
M,15-59,AT,2024,5.7
M,15-59,BA,2024,10.2
M,15-59,BE,2024,6.3
M,15-59,BG,2024,4.6
M,15-59,CH,2024,4.3
M,15-59,CY,2024,4.9
M,15-59,CZ,2024,2.4
M,15-59,DE,2024,3.8
M,15-59,DK,2024,6.2
M,15-59,EE,2024,7.9
M,15-59,GR,2024,8.3
M,15-59,ES,2024,10.3
M,15-59,FI,2024,9.2
M,15-59,FR,2024,7.6
M,15-59,HR,2024,5.3
M,15-59,HU,2024,4.7
M,15-59,IE,2024,4.5
M,15-59,IS,2024,4.1
M,15-59,IT,2024,6.3
M,15-59,LT,2024,7.5
M,15-59,LU,2024,6.7
M,15-59,LV,2024,8.6
M,15-59,MK,2024,13.9
M,15-59,MT,2024,3.3
M,15-59,NL,2024,3.6
M,15-59,NO,2024,4.5
M,15-59,PL,2024,2.8
M,15-59,PT,2024,6.3
M,15-59,RO,2024,5.9
M,15-59,RS,2024,9.0
M,15-59,SE,2024,8.5
M,15-59,SI,2024,3.3
M,15-59,SK,2024,5.1
M,15-59,TR,2024,7.3
M,15-64,AT,2024,5.6
M,15-64,BA,2024,10.2
M,15-64,BE,2024,6.2
M,15-64,BG,2024,4.5
M,15-64,CH,2024,4.3
M,15-64,CY,2024,4.7
M,15-64,CZ,2024,2.3
M,15-64,DE,2024,3.7
M,15-64,DK,2024,6.1
M,15-64,EE,2024,7.9
M,15-64,GR,2024,8.1
M,15-64,ES,2024,10.2
M,15-64,FI,2024,9.4
M,15-64,FR,2024,7.6
M,15-64,HR,2024,5.1
M,15-64,HU,2024,4.6
M,15-64,IE,2024,4.5
M,15-64,IS,2024,4.0
M,15-64,IT,2024,6.0
M,15-64,LT,2024,8.0
M,15-64,LU,2024,6.6
M,15-64,LV,2024,8.4
M,15-64,MK,2024,13.4
M,15-64,MT,2024,3.4
M,15-64,NL,2024,3.5
M,15-64,NO,2024,4.3
M,15-64,PL,2024,2.8
M,15-64,PT,2024,6.2
M,15-64,RO,2024,5.7
M,15-64,RS,2024,8.8
M,15-64,SE,2024,8.4
M,15-64,SI,2024,3.4
M,15-64,SK,2024,4.9
M,15-64,TR,2024,7.2
M,15-74,AT,2024,5.6
M,15-74,BA,2024,10.1
M,15-74,BE,2024,6.1
M,15-74,BG,2024,4.4
M,15-74,CH,2024,4.2
M,15-74,CY,2024,4.6
M,15-74,CZ,2024,2.3
M,15-74,DE,2024,3.6
M,15-74,DK,2024,5.9
M,15-74,EE,2024,7.6
M,15-74,GR,2024,8.0
M,15-74,ES,2024,10.2
M,15-74,FI,2024,9.2
M,15-74,FR,2024,7.5
M,15-74,HR,2024,5.0
M,15-74,HU,2024,4.6
M,15-74,IE,2024,4.3
M,15-74,IS,2024,3.8
M,15-74,IT,2024,5.9
M,15-74,LT,2024,7.8
M,15-74,LU,2024,6.6
M,15-74,LV,2024,8.0
M,15-74,MK,2024,13.3
M,15-74,MT,2024,3.3
M,15-74,NL,2024,3.5
M,15-74,NO,2024,4.2
M,15-74,PL,2024,2.7
M,15-74,PT,2024,6.1
M,15-74,RO,2024,5.7
M,15-74,RS,2024,8.4
M,15-74,SE,2024,8.3
M,15-74,SI,2024,3.5
M,15-74,SK,2024,4.8
M,15-74,TR,2024,7.1
M,20-24,AT,2024,9.7
M,20-24,BA,2024,25.6
M,20-24,BE,2024,17.5
M,20-24,BG,2024,10.4
M,20-24,CH,2024,7.7
M,20-24,CY,2024,13.4
M,20-24,CZ,2024,5.6
M,20-24,DE,2024,6.4
M,20-24,DK,2024,12.2
M,20-24,EE,2024,12.6
M,20-24,GR,2024,20.8
M,20-24,ES,2024,23.2
M,20-24,FI,2024,16.4
M,20-24,FR,2024,17.0
M,20-24,HR,2024,13.7
M,20-24,HU,2024,12.9
M,20-24,IE,2024,8.5
M,20-24,IS,2024,4.8
M,20-24,IT,2024,17.0
M,20-24,LT,2024,12.3
M,20-24,LU,2024,19.8
M,20-24,LV,2024,11.6
M,20-24,MK,2024,27.5
M,20-24,MT,2024,7.3
M,20-24,NL,2024,7.0
M,20-24,NO,2024,8.0
M,20-24,PL,2024,10.4
M,20-24,PT,2024,17.8
M,20-24,RO,2024,18.3
M,20-24,RS,2024,20.7
M,20-24,SE,2024,17.3
M,20-24,SI,2024,8.7
M,20-24,SK,2024,14.6
M,20-24,TR,2024,13.9
M,20-29,AT,2024,8.3
M,20-29,BA,2024,17.4
M,20-29,BE,2024,13.2
M,20-29,BG,2024,7.1
M,20-29,CH,2024,6.1
M,20-29,CY,2024,11.8
M,20-29,CZ,2024,4.0
M,20-29,DE,2024,5.5
M,20-29,DK,2024,9.5
M,20-29,EE,2024,11.0
M,20-29,GR,2024,18.6
M,20-29,ES,2024,18.3
M,20-29,FI,2024,13.5
M,20-29,FR,2024,13.2
M,20-29,HR,2024,11.5
M,20-29,HU,2024,8.5
M,20-29,IE,2024,7.3
M,20-29,IS,2024,4.2
M,20-29,IT,2024,12.7
M,20-29,LT,2024,9.3
M,20-29,LU,2024,11.9
M,20-29,LV,2024,9.9
M,20-29,MK,2024,22.7
M,20-29,MT,2024,5.5
M,20-29,NL,2024,5.4
M,20-29,NO,2024,6.0
M,20-29,PL,2024,6.0
M,20-29,PT,2024,12.4
M,20-29,RO,2024,11.9
M,20-29,RS,2024,15.3
M,20-29,SE,2024,12.5
M,20-29,SI,2024,5.5
M,20-29,SK,2024,9.4
M,20-29,TR,2024,11.5
M,20-64,AT,2024,5.4
M,20-64,BA,2024,9.9
M,20-64,BE,2024,5.8
M,20-64,BG,2024,4.3
M,20-64,CH,2024,4.0
M,20-64,CY,2024,4.7
M,20-64,CZ,2024,2.1
M,20-64,DE,2024,3.5
M,20-64,DK,2024,5.2
M,20-64,EE,2024,7.3
M,20-64,GR,2024,8.0
M,20-64,ES,2024,9.8
M,20-64,FI,2024,8.7
M,20-64,FR,2024,7.1
M,20-64,HR,2024,4.8
M,20-64,HU,2024,4.4
M,20-64,IE,2024,3.9
M,20-64,IS,2024,3.2
M,20-64,IT,2024,5.8
M,20-64,LT,2024,7.7
M,20-64,LU,2024,5.9
M,20-64,LV,2024,8.2
M,20-64,MK,2024,13.1
M,20-64,MT,2024,3.1
M,20-64,NL,2024,2.9
M,20-64,NO,2024,3.3
M,20-64,PL,2024,2.7
M,20-64,PT,2024,5.9
M,20-64,RO,2024,5.2
M,20-64,RS,2024,8.4
M,20-64,SE,2024,7.1
M,20-64,SI,2024,3.1
M,20-64,SK,2024,4.5
M,20-64,TR,2024,6.9
M,25-29,AT,2024,7.3
M,25-29,BA,2024,13.5
M,25-29,BE,2024,10.7
M,25-29,BG,2024,5.3
M,25-29,CH,2024,5.0
M,25-29,CY,2024,11.0
M,25-29,CZ,2024,3.2
M,25-29,DE,2024,4.8
M,25-29,DK,2024,7.3
M,25-29,EE,2024,9.9
M,25-29,GR,2024,17.6
M,25-29,ES,2024,14.8
M,25-29,FI,2024,11.5
M,25-29,FR,2024,10.0
M,25-29,HR,2024,10.2
M,25-29,HU,2024,5.8
M,25-29,IE,2024,6.3
M,25-29,IS,2024,3.7
M,25-29,IT,2024,10.0
M,25-29,LT,2024,7.0
M,25-29,LV,2024,8.6
M,25-29,MK,2024,19.3
M,25-29,MT,2024,4.6
M,25-29,NL,2024,3.9
M,25-29,NO,2024,4.5
M,25-29,PL,2024,3.3
M,25-29,PT,2024,9.0
M,25-29,RO,2024,8.1
M,25-29,RS,2024,11.6
M,25-29,SE,2024,8.5
M,25-29,SI,2024,3.0
M,25-29,SK,2024,6.5
M,25-29,TR,2024,9.6
M,25-49,AT,2024,5.4
M,25-49,BA,2024,9.2
M,25-49,BE,2024,5.7
M,25-49,BG,2024,4.4
M,25-49,CH,2024,3.9
M,25-49,CY,2024,4.8
M,25-49,CZ,2024,1.9
M,25-49,DE,2024,3.8
M,25-49,DK,2024,4.9
M,25-49,EE,2024,6.7
M,25-49,GR,2024,8.6
M,25-49,ES,2024,9.1
M,25-49,FI,2024,7.9
M,25-49,FR,2024,6.7
M,25-49,HR,2024,4.7
M,25-49,HU,2024,3.9
M,25-49,IE,2024,3.8
M,25-49,IS,2024,3.1
M,25-49,IT,2024,6.0
M,25-49,LT,2024,6.7
M,25-49,LU,2024,5.5
M,25-49,LV,2024,8.0
M,25-49,MK,2024,13.0
M,25-49,MT,2024,2.7
M,25-49,NL,2024,2.5
M,25-49,NO,2024,3.4
M,25-49,PL,2024,2.2
M,25-49,PT,2024,5.3
M,25-49,RO,2024,5.2
M,25-49,RS,2024,7.8
M,25-49,SE,2024,6.3
M,25-49,SI,2024,2.5
M,25-49,SK,2024,4.4
M,25-49,TR,2024,6.3
M,25-54,AT,2024,5.1
M,25-54,BA,2024,9.1
M,25-54,BE,2024,5.3
M,25-54,BG,2024,4.3
M,25-54,CH,2024,3.7
M,25-54,CY,2024,4.5
M,25-54,CZ,2024,1.9
M,25-54,DE,2024,3.6
M,25-54,DK,2024,4.6
M,25-54,EE,2024,6.8
M,25-54,GR,2024,7.9
M,25-54,ES,2024,8.9
M,25-54,FI,2024,7.7
M,25-54,FR,2024,6.3
M,25-54,HR,2024,4.5
M,25-54,HU,2024,3.9
M,25-54,IE,2024,3.5
M,25-54,IS,2024,3.3
M,25-54,IT,2024,5.6
M,25-54,LT,2024,6.6
M,25-54,LU,2024,5.3
M,25-54,LV,2024,8.0
M,25-54,MK,2024,12.3
M,25-54,MT,2024,2.6
M,25-54,NL,2024,2.4
M,25-54,NO,2024,3.2
M,25-54,PL,2024,2.1
M,25-54,PT,2024,5.0
M,25-54,RO,2024,4.8
M,25-54,RS,2024,7.6
M,25-54,SE,2024,6.1
M,25-54,SI,2024,2.5
M,25-54,SK,2024,4.2
M,25-54,TR,2024,6.2
M,25-59,AT,2024,5.0
M,25-59,BA,2024,8.9
M,25-59,BE,2024,5.0
M,25-59,BG,2024,4.2
M,25-59,CH,2024,3.7
M,25-59,CY,2024,4.3
M,25-59,CZ,2024,1.9
M,25-59,DE,2024,3.3
M,25-59,DK,2024,4.4
M,25-59,EE,2024,6.9
M,25-59,GR,2024,7.6
M,25-59,ES,2024,8.8
M,25-59,FI,2024,7.8
M,25-59,FR,2024,6.0
M,25-59,HR,2024,4.3
M,25-59,HU,2024,3.8
M,25-59,IE,2024,3.5
M,25-59,IS,2024,3.2
M,25-59,IT,2024,5.3
M,25-59,LT,2024,6.8
M,25-59,LU,2024,5.0
M,25-59,LV,2024,8.2
M,25-59,MK,2024,12.3
M,25-59,MT,2024,2.6
M,25-59,NL,2024,2.3
M,25-59,NO,2024,2.9
M,25-59,PL,2024,2.2
M,25-59,PT,2024,5.0
M,25-59,RO,2024,4.6
M,25-59,RS,2024,7.6
M,25-59,SE,2024,6.0
M,25-59,SI,2024,2.5
M,25-59,SK,2024,4.1
M,25-59,TR,2024,6.2
M,25-64,AT,2024,5.0
M,25-64,BA,2024,8.9
M,25-64,BE,2024,4.9
M,25-64,BG,2024,4.1
M,25-64,CH,2024,3.7
M,25-64,CY,2024,4.2
M,25-64,CZ,2024,1.9
M,25-64,DE,2024,3.3
M,25-64,DK,2024,4.4
M,25-64,EE,2024,6.9
M,25-64,GR,2024,7.3
M,25-64,ES,2024,8.9
M,25-64,FI,2024,8.1
M,25-64,FR,2024,6.1
M,25-64,HR,2024,4.2
M,25-64,HU,2024,3.8
M,25-64,IE,2024,3.5
M,25-64,IS,2024,3.1
M,25-64,IT,2024,5.1
M,25-64,LT,2024,7.4
M,25-64,LU,2024,5.0
M,25-64,LV,2024,8.0
M,25-64,MK,2024,11.9
M,25-64,MT,2024,2.7
M,25-64,NL,2024,2.3
M,25-64,NO,2024,2.8
M,25-64,PL,2024,2.2
M,25-64,PT,2024,5.0
M,25-64,RO,2024,4.4
M,25-64,RS,2024,7.5
M,25-64,SE,2024,6.1
M,25-64,SI,2024,2.7
M,25-64,SK,2024,4.0
M,25-64,TR,2024,6.1
M,25-74,AT,2024,5.0
M,25-74,BA,2024,8.9
M,25-74,BE,2024,4.9
M,25-74,BG,2024,4.0
M,25-74,CH,2024,3.7
M,25-74,CY,2024,4.1
M,25-74,CZ,2024,1.9
M,25-74,DE,2024,3.2
M,25-74,DK,2024,4.4
M,25-74,EE,2024,6.6
M,25-74,GR,2024,7.3
M,25-74,ES,2024,8.8
M,25-74,FI,2024,7.9
M,25-74,FR,2024,6.1
M,25-74,HR,2024,4.1
M,25-74,HU,2024,3.8
M,25-74,IE,2024,3.3
M,25-74,IS,2024,2.9
M,25-74,IT,2024,5.0
M,25-74,LT,2024,7.2
M,25-74,LU,2024,5.0
M,25-74,LV,2024,7.6
M,25-74,MK,2024,11.8
M,25-74,MT,2024,2.7
M,25-74,NL,2024,2.4
M,25-74,NO,2024,2.8
M,25-74,PL,2024,2.1
M,25-74,PT,2024,4.9
M,25-74,RO,2024,4.4
M,25-74,RS,2024,7.2
M,25-74,SE,2024,6.0
M,25-74,SI,2024,2.8
M,25-74,SK,2024,3.9
M,25-74,TR,2024,6.1
M,30-34,AT,2024,5.9
M,30-34,BA,2024,10.1
M,30-34,BE,2024,5.5
M,30-34,BG,2024,4.2
M,30-34,CH,2024,4.2
M,30-34,CY,2024,3.5
M,30-34,CZ,2024,1.9
M,30-34,DE,2024,3.9
M,30-34,DK,2024,5.4
M,30-34,GR,2024,8.5
M,30-34,ES,2024,10.4
M,30-34,FI,2024,8.5
M,30-34,FR,2024,7.5
M,30-34,HR,2024,4.2
M,30-34,HU,2024,4.0
M,30-34,IE,2024,4.4
M,30-34,IT,2024,7.1
M,30-34,LT,2024,5.8
M,30-34,LV,2024,8.5
M,30-34,MK,2024,15.7
M,30-34,MT,2024,3.0
M,30-34,NL,2024,2.7
M,30-34,NO,2024,3.2
M,30-34,PL,2024,2.0
M,30-34,PT,2024,5.6
M,30-34,RO,2024,5.8
M,30-34,RS,2024,9.2
M,30-34,SE,2024,6.4
M,30-34,SI,2024,2.7
M,30-34,SK,2024,5.9
M,30-34,TR,2024,6.6
M,30-54,AT,2024,4.8
M,30-54,BA,2024,8.2
M,30-54,BE,2024,4.3
M,30-54,BG,2024,4.2
M,30-54,CH,2024,3.5
M,30-54,CY,2024,3.2
M,30-54,CZ,2024,1.8
M,30-54,DE,2024,3.3
M,30-54,DK,2024,4.0
M,30-54,EE,2024,6.4
M,30-54,GR,2024,6.4
M,30-54,ES,2024,8.0
M,30-54,FI,2024,7.0
M,30-54,FR,2024,5.7
M,30-54,HR,2024,3.5
M,30-54,HU,2024,3.6
M,30-54,IE,2024,3.1
M,30-54,IS,2024,3.2
M,30-54,IT,2024,5.0
M,30-54,LT,2024,6.6
M,30-54,LU,2024,4.8
M,30-54,LV,2024,8.0
M,30-54,MK,2024,11.1
M,30-54,MT,2024,2.2
M,30-54,NL,2024,2.1
M,30-54,NO,2024,2.9
M,30-54,PL,2024,2.0
M,30-54,PT,2024,4.3
M,30-54,RO,2024,4.4
M,30-54,RS,2024,7.0
M,30-54,SE,2024,5.7
M,30-54,SI,2024,2.4
M,30-54,SK,2024,3.8
M,30-54,TR,2024,5.5
M,30-64,AT,2024,4.7
M,30-64,BA,2024,8.2
M,30-64,BE,2024,4.1
M,30-64,BG,2024,4.0
M,30-64,CH,2024,3.6
M,30-64,CY,2024,3.1
M,30-64,CZ,2024,1.8
M,30-64,DE,2024,3.1
M,30-64,DK,2024,4.0
M,30-64,EE,2024,6.6
M,30-64,GR,2024,6.1
M,30-64,ES,2024,8.3
M,30-64,FI,2024,7.6
M,30-64,FR,2024,5.6
M,30-64,HR,2024,3.3
M,30-64,HU,2024,3.6
M,30-64,IE,2024,3.1
M,30-64,IS,2024,3.0
M,30-64,IT,2024,4.7
M,30-64,LT,2024,7.5
M,30-64,LU,2024,4.5
M,30-64,LV,2024,7.9
M,30-64,MK,2024,11.0
M,30-64,MT,2024,2.4
M,30-64,NL,2024,2.1
M,30-64,NO,2024,2.6
M,30-64,PL,2024,2.1
M,30-64,PT,2024,4.5
M,30-64,RO,2024,4.0
M,30-64,RS,2024,7.0
M,30-64,SE,2024,5.8
M,30-64,SI,2024,2.6
M,30-64,SK,2024,3.7
M,30-64,TR,2024,5.5
M,30-74,AT,2024,4.7
M,30-74,BA,2024,8.2
M,30-74,BE,2024,4.1
M,30-74,BG,2024,3.9
M,30-74,CH,2024,3.5
M,30-74,CY,2024,3.0
M,30-74,CZ,2024,1.7
M,30-74,DE,2024,3.0
M,30-74,DK,2024,3.9
M,30-74,EE,2024,6.3
M,30-74,GR,2024,6.0
M,30-74,ES,2024,8.2
M,30-74,FI,2024,7.4
M,30-74,FR,2024,5.6
M,30-74,HR,2024,3.3
M,30-74,HU,2024,3.5
M,30-74,IE,2024,3.0
M,30-74,IS,2024,2.8
M,30-74,IT,2024,4.5
M,30-74,LT,2024,7.2
M,30-74,LU,2024,4.5
M,30-74,LV,2024,7.5
M,30-74,MK,2024,10.8
M,30-74,MT,2024,2.3
M,30-74,NL,2024,2.2
M,30-74,NO,2024,2.6
M,30-74,PL,2024,2.0
M,30-74,PT,2024,4.4
M,30-74,RO,2024,4.0
M,30-74,RS,2024,6.7
M,30-74,SE,2024,5.7
M,30-74,SI,2024,2.8
M,30-74,SK,2024,3.6
M,30-74,TR,2024,5.5
M,35-39,AT,2024,4.9
M,35-39,BA,2024,8.0
M,35-39,BE,2024,4.1
M,35-39,BG,2024,5.8
M,35-39,CH,2024,3.7
M,35-39,CY,2024,3.0
M,35-39,CZ,2024,1.9
M,35-39,DE,2024,3.8
M,35-39,DK,2024,4.8
M,35-39,EE,2024,6.5
M,35-39,GR,2024,7.5
M,35-39,ES,2024,7.7
M,35-39,FI,2024,7.3
M,35-39,FR,2024,5.4
M,35-39,HR,2024,2.9
M,35-39,HU,2024,3.4
M,35-39,IE,2024,3.4
M,35-39,IS,2024,3.7
M,35-39,IT,2024,5.7
M,35-39,LT,2024,5.8
M,35-39,LV,2024,7.4
M,35-39,MK,2024,9.7
M,35-39,MT,2024,2.1
M,35-39,NL,2024,2.1
M,35-39,NO,2024,3.6
M,35-39,PL,2024,2.3
M,35-39,PT,2024,4.7
M,35-39,RO,2024,4.7
M,35-39,RS,2024,7.8
M,35-39,SE,2024,5.7
M,35-39,SI,2024,2.5
M,35-39,SK,2024,3.8
M,35-39,TR,2024,5.1
M,40-44,AT,2024,4.5
M,40-44,BA,2024,7.4
M,40-44,BE,2024,4.7
M,40-44,BG,2024,3.5
M,40-44,CH,2024,3.5
M,40-44,CY,2024,3.9
M,40-44,CZ,2024,1.9
M,40-44,DE,2024,3.2
M,40-44,DK,2024,3.7
M,40-44,EE,2024,7.3
M,40-44,GR,2024,6.4
M,40-44,ES,2024,7.4
M,40-44,FI,2024,6.8
M,40-44,FR,2024,5.8
M,40-44,HR,2024,4.1
M,40-44,HU,2024,3.5
M,40-44,IE,2024,2.9
M,40-44,IT,2024,4.9
M,40-44,LT,2024,8.1
M,40-44,LV,2024,7.3
M,40-44,MK,2024,12.5
M,40-44,MT,2024,2.1
M,40-44,NL,2024,2.2
M,40-44,NO,2024,3.3
M,40-44,PL,2024,2.0
M,40-44,PT,2024,4.1
M,40-44,RO,2024,3.9
M,40-44,RS,2024,5.9
M,40-44,SE,2024,5.1
M,40-44,SI,2024,2.1
M,40-44,SK,2024,3.1
M,40-44,TR,2024,5.0
M,40-59,AT,2024,4.3
M,40-59,BA,2024,7.6
M,40-59,BE,2024,3.8
M,40-59,BG,2024,3.6
M,40-59,CH,2024,3.3
M,40-59,CY,2024,2.9
M,40-59,CZ,2024,1.8
M,40-59,DE,2024,2.7
M,40-59,DK,2024,3.2
M,40-59,EE,2024,7.3
M,40-59,GR,2024,5.5
M,40-59,ES,2024,7.7
M,40-59,FI,2024,6.8
M,40-59,FR,2024,5.0
M,40-59,HR,2024,3.3
M,40-59,HU,2024,3.5
M,40-59,IE,2024,2.6
M,40-59,IS,2024,3.0
M,40-59,IT,2024,4.2
M,40-59,LT,2024,7.4
M,40-59,LU,2024,4.2
M,40-59,LV,2024,8.3
M,40-59,MK,2024,10.5
M,40-59,MT,2024,1.9
M,40-59,NL,2024,1.8
M,40-59,NO,2024,2.3
M,40-59,PL,2024,2.0
M,40-59,PT,2024,4.1
M,40-59,RO,2024,3.6
M,40-59,RS,2024,6.5
M,40-59,SE,2024,5.3
M,40-59,SI,2024,2.4
M,40-59,SK,2024,3.3
M,40-59,TR,2024,5.3
M,40-64,AT,2024,4.4
M,40-64,BA,2024,7.8
M,40-64,BE,2024,3.8
M,40-64,BG,2024,3.6
M,40-64,CH,2024,3.4
M,40-64,CY,2024,3.0
M,40-64,CZ,2024,1.7
M,40-64,DE,2024,2.8
M,40-64,DK,2024,3.5
M,40-64,EE,2024,7.3
M,40-64,GR,2024,5.4
M,40-64,ES,2024,8.0
M,40-64,FI,2024,7.5
M,40-64,FR,2024,5.2
M,40-64,HR,2024,3.2
M,40-64,HU,2024,3.5
M,40-64,IE,2024,2.8
M,40-64,IS,2024,2.8
M,40-64,IT,2024,4.1
M,40-64,LT,2024,8.4
M,40-64,LU,2024,4.2
M,40-64,LV,2024,7.9
M,40-64,MK,2024,10.2
M,40-64,MT,2024,2.2
M,40-64,NL,2024,2.0
M,40-64,NO,2024,2.2
M,40-64,PL,2024,2.0
M,40-64,PT,2024,4.3
M,40-64,RO,2024,3.6
M,40-64,RS,2024,6.4
M,40-64,SE,2024,5.7
M,40-64,SI,2024,2.6
M,40-64,SK,2024,3.2
M,40-64,TR,2024,5.3
M,45-49,AT,2024,4.8
M,45-49,BA,2024,7.3
M,45-49,BE,2024,3.7
M,45-49,BG,2024,3.9
M,45-49,CH,2024,3.2
M,45-49,CY,2024,2.7
M,45-49,CZ,2024,1.4
M,45-49,DE,2024,3.0
M,45-49,DK,2024,3.1
M,45-49,EE,2024,7.0
M,45-49,GR,2024,5.3
M,45-49,ES,2024,7.3
M,45-49,FI,2024,5.8
M,45-49,FR,2024,5.2
M,45-49,HR,2024,3.0
M,45-49,HU,2024,3.3
M,45-49,IT,2024,4.0
M,45-49,LT,2024,7.2
M,45-49,LV,2024,8.4
M,45-49,MK,2024,8.8
M,45-49,NL,2024,1.6
M,45-49,PL,2024,1.7
M,45-49,PT,2024,3.9
M,45-49,RO,2024,4.5
M,45-49,RS,2024,5.9
M,45-49,SE,2024,5.9
M,45-49,SI,2024,2.6
M,45-49,SK,2024,3.7
M,45-49,TR,2024,5.0
M,50-54,AT,2024,3.7
M,50-54,BA,2024,8.4
M,50-54,BE,2024,3.5
M,50-54,BG,2024,3.9
M,50-54,CH,2024,2.9
M,50-54,CY,2024,2.4
M,50-54,CZ,2024,1.9
M,50-54,DE,2024,2.6
M,50-54,DK,2024,2.8
M,50-54,EE,2024,7.3
M,50-54,GR,2024,5.2
M,50-54,ES,2024,7.7
M,50-54,FI,2024,6.5
M,50-54,FR,2024,4.6
M,50-54,HR,2024,3.5
M,50-54,HU,2024,4.0
M,50-54,IS,2024,4.6
M,50-54,IT,2024,4.3
M,50-54,LT,2024,6.2
M,50-54,LV,2024,8.4
M,50-54,MK,2024,8.7
M,50-54,NL,2024,1.6
M,50-54,PL,2024,1.8
M,50-54,PT,2024,3.7
M,50-54,RO,2024,3.4
M,50-54,RS,2024,6.7
M,50-54,SE,2024,5.2
M,50-54,SI,2024,2.2
M,50-54,TR,2024,5.7
M,50-59,AT,2024,3.9
M,50-59,BA,2024,7.9
M,50-59,BE,2024,3.3
M,50-59,BG,2024,3.5
M,50-59,CH,2024,3.2
M,50-59,CY,2024,2.5
M,50-59,CZ,2024,2.0
M,50-59,DE,2024,2.3
M,50-59,DK,2024,3.1
M,50-59,EE,2024,7.5
M,50-59,GR,2024,5.1
M,50-59,ES,2024,8.1
M,50-59,FI,2024,7.3
M,50-59,FR,2024,4.5
M,50-59,HR,2024,3.0
M,50-59,HU,2024,3.6
M,50-59,IE,2024,2.4
M,50-59,IS,2024,3.4
M,50-59,IT,2024,4.0
M,50-59,LT,2024,7.1
M,50-59,LV,2024,8.8
M,50-59,MK,2024,10.3
M,50-59,MT,2024,2.1
M,50-59,NL,2024,1.7
M,50-59,NO,2024,1.6
M,50-59,PL,2024,2.2
M,50-59,PT,2024,4.3
M,50-59,RO,2024,3.0
M,50-59,RS,2024,7.1
M,50-59,SE,2024,5.2
M,50-59,SI,2024,2.5
M,50-59,SK,2024,3.2
M,50-59,TR,2024,5.9
M,50-64,AT,2024,4.2
M,50-64,BA,2024,8.3
M,50-64,BE,2024,3.5
M,50-64,BG,2024,3.4
M,50-64,CH,2024,3.4
M,50-64,CY,2024,2.7
M,50-64,CZ,2024,1.9
M,50-64,DE,2024,2.5
M,50-64,DK,2024,3.6
M,50-64,EE,2024,7.4
M,50-64,GR,2024,5.1
M,50-64,ES,2024,8.5
M,50-64,FI,2024,8.4
M,50-64,FR,2024,5.0
M,50-64,HR,2024,2.9
M,50-64,HU,2024,3.7
M,50-64,IE,2024,2.7
M,50-64,IS,2024,3.0
M,50-64,IT,2024,3.9
M,50-64,LT,2024,8.9
M,50-64,LV,2024,8.1
M,50-64,MK,2024,9.8
M,50-64,MT,2024,2.9
M,50-64,NL,2024,2.0
M,50-64,NO,2024,1.7
M,50-64,PL,2024,2.2
M,50-64,PT,2024,4.6
M,50-64,RO,2024,2.9
M,50-64,RS,2024,6.8
M,50-64,SE,2024,5.9
M,50-64,SI,2024,2.9
M,50-64,SK,2024,2.9
M,50-64,TR,2024,5.8
M,50-74,AT,2024,4.1
M,50-74,BA,2024,8.1
M,50-74,BE,2024,3.4
M,50-74,BG,2024,3.3
M,50-74,CH,2024,3.4
M,50-74,CY,2024,2.6
M,50-74,CZ,2024,1.8
M,50-74,DE,2024,2.4
M,50-74,DK,2024,3.5
M,50-74,EE,2024,6.5
M,50-74,GR,2024,5.1
M,50-74,ES,2024,8.4
M,50-74,FI,2024,7.8
M,50-74,FR,2024,5.0
M,50-74,HR,2024,2.8
M,50-74,HU,2024,3.6
M,50-74,IE,2024,2.5
M,50-74,IS,2024,2.6
M,50-74,IT,2024,3.7
M,50-74,LT,2024,8.0
M,50-74,LV,2024,7.1
M,50-74,MK,2024,9.5
M,50-74,MT,2024,2.7
M,50-74,NL,2024,2.2
M,50-74,NO,2024,1.8
M,50-74,PL,2024,2.1
M,50-74,PT,2024,4.3
M,50-74,RO,2024,2.9
M,50-74,RS,2024,6.1
M,50-74,SE,2024,5.7
M,50-74,SI,2024,3.2
M,50-74,SK,2024,2.7
M,50-74,TR,2024,5.5
M,55-59,AT,2024,4.2
M,55-59,BA,2024,7.3
M,55-59,BE,2024,3.1
M,55-59,BG,2024,3.0
M,55-59,CH,2024,3.5
M,55-59,CY,2024,2.5
M,55-59,CZ,2024,2.0
M,55-59,DE,2024,2.1
M,55-59,DK,2024,3.4
M,55-59,EE,2024,7.7
M,55-59,GR,2024,5.1
M,55-59,ES,2024,8.6
M,55-59,FI,2024,8.1
M,55-59,FR,2024,4.3
M,55-59,HR,2024,2.5
M,55-59,HU,2024,3.1
M,55-59,IT,2024,3.8
M,55-59,LT,2024,8.1
M,55-59,LV,2024,9.2
M,55-59,MK,2024,12.0
M,55-59,NL,2024,1.9
M,55-59,PL,2024,2.6
M,55-59,PT,2024,5.0
M,55-59,RO,2024,2.3
M,55-59,RS,2024,7.6
M,55-59,SE,2024,5.2
M,55-59,SI,2024,2.9
M,55-59,TR,2024,6.1
M,55-64,AT,2024,4.5
M,55-64,BA,2024,8.2
M,55-64,BE,2024,3.5
M,55-64,BG,2024,3.1
M,55-64,CH,2024,3.8
M,55-64,CY,2024,2.9
M,55-64,CZ,2024,1.8
M,55-64,DE,2024,2.5
M,55-64,DK,2024,4.0
M,55-64,EE,2024,7.4
M,55-64,GR,2024,5.0
M,55-64,ES,2024,9.1
M,55-64,FI,2024,9.4
M,55-64,FR,2024,5.3
M,55-64,HR,2024,2.6
M,55-64,HU,2024,3.5
M,55-64,IE,2024,3.1
M,55-64,IT,2024,3.6
M,55-64,LT,2024,10.4
M,55-64,LV,2024,7.8
M,55-64,MK,2024,10.4
M,55-64,MT,2024,3.6
M,55-64,NL,2024,2.2
M,55-64,PL,2024,2.5
M,55-64,PT,2024,5.2
M,55-64,RO,2024,2.4
M,55-64,RS,2024,6.9
M,55-64,SE,2024,6.2
M,55-64,SI,2024,3.3
M,55-64,SK,2024,3.0
M,55-64,TR,2024,5.8
M,60-64,AT,2024,5.2
M,60-64,BA,2024,9.5
M,60-64,BE,2024,4.2
M,60-64,BG,2024,3.3
M,60-64,CH,2024,4.1
M,60-64,CY,2024,3.4
M,60-64,CZ,2024,1.5
M,60-64,DE,2024,3.0
M,60-64,DK,2024,4.8
M,60-64,EE,2024,7.0
M,60-64,GR,2024,4.9
M,60-64,ES,2024,10.0
M,60-64,FI,2024,11.0
M,60-64,FR,2024,7.1
M,60-64,HR,2024,2.6
M,60-64,HU,2024,4.1
M,60-64,IT,2024,3.4
M,60-64,LT,2024,13.1
M,60-64,LV,2024,6.3
M,60-64,MK,2024,8.0
M,60-64,NL,2024,2.6
M,60-64,PL,2024,2.4
M,60-64,PT,2024,5.4
M,60-64,RO,2024,2.7
M,60-64,RS,2024,5.9
M,60-64,SE,2024,7.7
M,60-64,SI,2024,4.2
M,60-64,TR,2024,5.4
M,65-69,CH,2024,2.4
M,65-69,CZ,2024,0.9
M,65-69,DK,2024,3.2
M,65-69,GR,2024,5.4
M,65-69,ES,2024,5.2
M,65-69,FR,2024,5.6
M,65-69,IT,2024,1.7
M,65-69,NL,2024,3.4
M,65-69,RS,2024,2.5
M,65-69,SE,2024,5.4
M,65-69,TR,2024,4.5
M,65-74,CH,2024,2.6
M,65-74,CZ,2024,0.9
M,65-74,DE,2024,1.5
M,65-74,DK,2024,3.2
M,65-74,GR,2024,5.4
M,65-74,ES,2024,5.1
M,65-74,FR,2024,4.6
M,65-74,IT,2024,1.5
M,65-74,NL,2024,3.2
M,65-74,RS,2024,1.9
M,65-74,SE,2024,4.5
M,65-74,TR,2024,3.9
M,70-74,NL,2024,2.6
M,70-74,TR,2024,2.6
